cyclomatic_complexity,loc,maintainability_index,churn,unique_developers,bug_fix_commits,file_age_days,recent_churn,defects,source
5.0,25.0,0.11,1.0,15.0,0.1,63.0,163.15,0,CM1
4.0,32.0,0.05,1.0,27.0,0.28,141.0,991.46,1,CM1
5.0,33.0,0.08,4.0,22.0,0.21,111.0,439.7,1,CM1
1.0,7.0,0.5,0.0,4.0,0.01,11.0,3.87,0,CM1
2.0,12.0,0.16,0.0,10.0,0.03,23.0,33.58,0,CM1
13.0,106.0,0.04,0.0,20.0,0.91,421.0,4116.1,0,CM1
3.0,15.0,0.06,0.0,12.0,0.05,36.0,147.15,0,CM1
5.0,37.0,0.07,12.0,15.0,0.18,107.0,434.49,0,CM1
15.0,54.0,0.04,8.0,15.0,0.45,239.0,1687.66,0,CM1
5.0,45.0,0.05,11.0,19.0,0.29,155.0,987.39,0,CM1
2.0,12.0,0.11,2.0,9.0,0.05,35.0,71.53,0,CM1
7.0,33.0,0.04,10.0,17.0,0.26,157.0,1203.31,0,CM1
7.0,33.0,0.04,10.0,14.0,0.16,105.0,718.32,0,CM1
5.0,33.0,0.04,2.0,22.0,0.43,231.0,1991.81,0,CM1
5.0,27.0,0.07,3.0,19.0,0.22,120.0,553.22,0,CM1
2.0,19.0,0.11,6.0,14.0,0.09,57.0,137.83,0,CM1
1.0,7.0,0.25,1.0,8.0,0.02,15.0,12.33,0,CM1
2.0,35.0,0.09,2.0,12.0,0.25,135.0,482.5,0,CM1
1.0,7.0,0.25,1.0,8.0,0.02,15.0,12.33,0,CM1
5.0,42.0,0.05,1.0,13.0,0.27,157.0,975.17,0,CM1
4.0,27.0,0.04,6.0,22.0,0.17,98.0,708.28,0,CM1
41.0,240.0,0.02,63.0,45.0,1.86,767.0,16996.03,0,CM1
5.0,18.0,0.07,4.0,15.0,0.06,41.0,154.56,0,CM1
70.0,398.0,0.01,37.0,69.0,5.12,1844.0,83315.8,0,CM1
13.0,79.0,0.03,3.0,36.0,0.65,298.0,3487.09,0,CM1
1.0,31.0,0.04,0.0,13.0,0.88,461.0,3364.78,0,CM1
3.0,20.0,0.1,0.0,14.0,0.12,71.0,201.16,0,CM1
5.0,31.0,0.05,4.0,18.0,0.18,108.0,655.71,0,CM1
3.0,17.0,0.14,2.0,13.0,0.09,52.0,103.77,0,CM1
4.0,16.0,0.09,3.0,15.0,0.1,59.0,180.76,0,CM1
3.0,27.0,0.07,2.0,19.0,0.23,120.0,536.07,0,CM1
4.0,27.0,0.07,5.0,15.0,0.13,75.0,284.5,0,CM1
6.0,33.0,0.04,5.0,21.0,0.24,128.0,907.34,0,CM1
2.0,21.0,0.04,3.0,16.0,0.21,122.0,849.0,0,CM1
5.0,26.0,0.03,2.0,21.0,0.36,197.0,2373.13,0,CM1
5.0,40.0,0.05,2.0,22.0,0.35,176.0,1120.71,0,CM1
5.0,41.0,0.07,10.0,18.0,0.27,140.0,667.2,0,CM1
37.0,210.0,0.01,14.0,52.0,3.05,1177.0,36307.62,1,CM1
6.0,37.0,0.08,5.0,17.0,0.23,123.0,491.82,0,CM1
10.0,77.0,0.04,6.0,26.0,0.42,211.0,1885.02,1,CM1
2.0,15.0,0.07,0.0,19.0,0.13,74.0,305.19,1,CM1
9.0,67.0,0.05,5.0,24.0,0.68,314.0,2367.89,0,CM1
6.0,44.0,0.06,3.0,21.0,0.35,177.0,985.2,0,CM1
2.0,8.0,0.18,0.0,11.0,0.05,36.0,48.32,0,CM1
4.0,25.0,0.07,0.0,16.0,0.16,95.0,395.83,0,CM1
13.0,154.0,0.04,11.0,24.0,1.67,695.0,7918.63,1,CM1
3.0,19.0,0.07,2.0,17.0,0.18,102.0,433.33,0,CM1
1.0,8.0,0.12,0.0,9.0,0.07,51.0,94.71,0,CM1
4.0,20.0,0.13,2.0,13.0,0.14,80.0,187.94,0,CM1
6.0,40.0,0.05,7.0,19.0,0.33,172.0,1014.98,1,CM1
4.0,99.0,0.04,7.0,24.0,2.08,822.0,9228.55,1,CM1
7.0,50.0,0.05,6.0,25.0,0.58,269.0,2145.57,1,CM1
1.0,7.0,0.38,1.0,4.0,0.01,11.0,4.57,0,CM1
7.0,52.0,0.07,4.0,20.0,0.58,262.0,1334.93,0,CM1
10.0,131.0,0.04,4.0,26.0,1.82,753.0,7996.46,0,CM1
4.0,21.0,0.13,0.0,12.0,0.13,77.0,166.19,0,CM1
12.0,65.0,0.07,0.0,17.0,0.55,263.0,1394.86,0,CM1
2.0,33.0,0.05,1.0,18.0,0.43,214.0,1339.83,0,CM1
5.0,24.0,0.13,1.0,12.0,0.08,51.0,103.24,0,CM1
2.0,9.0,0.27,1.0,6.0,0.01,12.0,8.3,0,CM1
11.0,64.0,0.02,1.0,28.0,0.58,292.0,4176.1,0,CM1
4.0,23.0,0.09,1.0,13.0,0.11,66.0,192.62,0,CM1
7.0,37.0,0.04,1.0,19.0,0.3,168.0,1343.15,0,CM1
2.0,24.0,0.16,1.0,7.0,0.12,73.0,118.11,0,CM1
5.0,21.0,0.09,1.0,14.0,0.09,57.0,175.07,0,CM1
4.0,21.0,0.1,4.0,13.0,0.09,58.0,161.1,0,CM1
15.0,76.0,0.02,3.0,33.0,0.61,299.0,5130.61,0,CM1
2.0,10.0,0.29,4.0,7.0,0.02,16.0,11.15,0,CM1
4.0,22.0,0.08,5.0,14.0,0.13,75.0,251.16,0,CM1
13.0,67.0,0.02,3.0,30.0,0.57,283.0,4118.02,0,CM1
4.0,20.0,0.06,0.0,16.0,0.07,47.0,191.55,0,CM1
6.0,24.0,0.06,0.0,16.0,0.12,72.0,333.31,0,CM1
6.0,24.0,0.06,0.0,16.0,0.12,72.0,333.31,0,CM1
3.0,9.0,0.21,0.0,8.0,0.02,19.0,18.75,0,CM1
5.0,9.0,0.16,0.0,9.0,0.04,31.0,44.29,0,CM1
3.0,9.0,0.1,0.0,10.0,0.03,24.0,50.76,0,CM1
1.0,12.0,0.11,0.0,12.0,0.05,37.0,79.96,1,CM1
1.0,12.0,0.11,0.0,12.0,0.05,37.0,79.96,1,CM1
2.0,14.0,0.14,0.0,11.0,0.09,56.0,102.16,0,CM1
5.0,69.0,0.05,9.0,26.0,0.72,331.0,2659.81,0,CM1
1.0,10.0,0.16,0.0,7.0,0.04,32.0,42.54,0,CM1
3.0,26.0,0.11,10.0,12.0,0.12,73.0,179.1,0,CM1
2.0,12.0,0.16,0.0,11.0,0.05,33.0,48.42,0,CM1
2.0,13.0,0.1,0.0,11.0,0.06,41.0,93.13,0,CM1
30.0,136.0,0.01,3.0,50.0,1.4,605.0,18014.49,1,CM1
2.0,16.0,0.11,0.0,14.0,0.06,42.0,97.35,0,CM1
4.0,30.0,0.06,3.0,25.0,0.17,95.0,525.35,0,CM1
5.0,34.0,0.06,3.0,23.0,0.2,110.0,578.93,0,CM1
1.0,10.0,0.5,0.0,4.0,0.01,10.0,3.12,0,CM1
5.0,39.0,0.06,2.0,20.0,0.16,93.0,439.95,0,CM1
1.0,8.0,0.4,0.0,5.0,0.01,9.0,3.75,0,CM1
1.0,8.0,0.16,0.0,9.0,0.04,33.0,46.37,0,CM1
1.0,10.0,0.14,1.0,9.0,0.06,44.0,71.35,0,CM1
1.0,9.0,0.12,0.0,9.0,0.05,36.0,64.45,0,CM1
1.0,7.0,0.4,0.0,5.0,0.01,8.0,3.12,0,CM1
4.0,26.0,0.08,0.0,16.0,0.17,99.0,375.34,0,CM1
1.0,7.0,0.17,0.0,9.0,0.03,25.0,32.56,0,CM1
1.0,14.0,0.08,0.0,9.0,0.12,86.0,264.86,0,CM1
1.0,9.0,0.21,0.0,7.0,0.02,14.0,12.06,0,CM1
1.0,11.0,0.14,0.0,8.0,0.03,23.0,32.07,0,CM1
6.0,34.0,0.08,0.0,17.0,0.25,135.0,522.12,0,CM1
1.0,7.0,0.29,0.0,7.0,0.01,11.0,6.78,0,CM1
7.0,33.0,0.04,2.0,15.0,0.21,126.0,807.18,0,CM1
1.0,8.0,0.4,0.0,5.0,0.01,9.0,3.75,0,CM1
1.0,6.0,0.33,0.0,6.0,0.01,10.0,5.0,0,CM1
1.0,7.0,0.29,0.0,7.0,0.01,10.0,6.46,0,CM1
2.0,15.0,0.13,0.0,12.0,0.1,60.0,120.46,0,CM1
1.0,16.0,0.12,0.0,9.0,0.1,64.0,134.41,0,CM1
1.0,19.0,0.1,0.0,11.0,0.1,64.0,158.63,0,CM1
4.0,21.0,0.06,6.0,15.0,0.1,63.0,269.21,0,CM1
29.0,175.0,0.02,45.0,34.0,1.7,729.0,15842.82,0,CM1
4.0,33.0,0.05,3.0,15.0,0.21,122.0,725.84,0,CM1
6.0,38.0,0.08,4.0,12.0,0.26,146.0,514.45,0,CM1
9.0,86.0,0.02,27.0,35.0,0.72,336.0,5504.59,0,CM1
4.0,27.0,0.05,11.0,15.0,0.12,77.0,403.39,0,CM1
12.0,70.0,0.02,5.0,19.0,1.11,541.0,7766.59,0,CM1
1.0,8.0,0.38,0.0,4.0,0.01,11.0,4.57,0,CM1
20.0,111.0,0.02,20.0,28.0,1.25,568.0,10695.18,1,CM1
3.0,20.0,0.08,0.0,17.0,0.16,93.0,325.38,0,CM1
1.0,6.0,0.67,0.0,3.0,0.0,4.0,0.67,0,CM1
10.0,64.0,0.03,6.0,21.0,0.35,187.0,1934.26,1,CM1
15.0,69.0,0.04,19.0,21.0,0.43,219.0,1800.1,0,CM1
3.0,12.0,0.1,0.0,10.0,0.08,51.0,131.62,0,CM1
17.0,106.0,0.02,13.0,35.0,0.9,407.0,7187.47,0,CM1
19.0,69.0,0.03,0.0,32.0,0.93,422.0,5827.87,0,CM1
3.0,17.0,0.09,1.0,13.0,0.05,33.0,85.06,0,CM1
3.0,20.0,0.07,0.0,11.0,0.05,36.0,119.9,0,CM1
17.0,174.0,0.03,20.0,36.0,1.71,695.0,11022.02,0,CM1
16.0,73.0,0.05,1.0,22.0,0.52,255.0,1596.06,0,CM1
18.0,138.0,0.02,13.0,46.0,1.04,438.0,7002.58,0,CM1
1.0,6.0,0.29,0.0,7.0,0.02,16.0,11.15,0,CM1
5.0,29.0,0.05,0.0,17.0,0.19,111.0,657.21,0,CM1
3.0,19.0,0.08,1.0,14.0,0.15,91.0,328.84,0,CM1
11.0,55.0,0.04,0.0,25.0,0.44,217.0,1955.01,0,CM1
3.0,47.0,0.06,0.0,21.0,0.31,150.0,815.07,0,CM1
6.0,34.0,0.04,2.0,21.0,0.17,95.0,632.97,0,CM1
3.0,21.0,0.12,0.0,12.0,0.1,62.0,142.82,0,CM1
2.0,14.0,0.13,0.0,11.0,0.03,24.0,43.68,0,CM1
3.0,21.0,0.09,0.0,15.0,0.15,86.0,284.09,0,CM1
3.0,28.0,0.07,0.0,20.0,0.19,104.0,471.69,1,CM1
1.0,10.0,0.18,0.0,5.0,0.02,22.0,21.79,0,CM1
1.0,6.0,0.33,0.0,6.0,0.01,11.0,6.09,0,CM1
1.0,12.0,0.3,0.0,5.0,0.04,29.0,20.45,0,CM1
2.0,18.0,0.09,0.0,17.0,0.12,72.0,240.54,0,CM1
4.0,38.0,0.06,2.0,17.0,0.28,156.0,834.15,0,CM1
32.0,172.0,0.04,12.0,29.0,1.15,488.0,4346.94,0,CM1
20.0,149.0,0.03,0.0,32.0,1.69,702.0,8350.32,1,CM1
73.0,456.0,0.02,45.0,48.0,4.25,1500.0,30751.03,1,CM1
1.0,6.0,0.5,0.0,4.0,0.01,6.0,1.72,0,CM1
1.0,6.0,0.5,0.0,4.0,0.01,6.0,1.72,0,CM1
1.0,6.0,0.5,0.0,4.0,0.01,6.0,1.72,0,CM1
1.0,12.0,0.5,0.0,4.0,0.03,21.0,8.36,0,CM1
1.0,12.0,0.38,0.0,4.0,0.03,25.0,13.71,0,CM1
1.0,9.0,0.38,0.0,4.0,0.03,25.0,13.71,0,CM1
1.0,6.0,0.4,0.0,5.0,0.01,7.0,2.73,0,CM1
1.0,6.0,0.5,0.0,4.0,0.01,8.0,2.5,0,CM1
1.0,6.0,0.29,0.0,7.0,0.01,13.0,8.74,0,CM1
15.0,124.0,0.04,3.0,24.0,1.27,537.0,4933.44,1,CM1
1.0,12.0,0.3,0.0,5.0,0.04,29.0,20.45,0,CM1
1.0,12.0,0.38,0.0,4.0,0.03,25.0,13.71,0,CM1
1.0,6.0,0.5,0.0,4.0,0.01,6.0,1.72,0,CM1
1.0,6.0,0.5,0.0,4.0,0.01,6.0,1.72,0,CM1
1.0,6.0,0.5,0.0,4.0,0.0,5.0,1.29,0,CM1
1.0,6.0,0.4,0.0,5.0,0.01,7.0,2.73,0,CM1
1.0,6.0,0.4,0.0,5.0,0.01,9.0,3.75,0,CM1
1.0,6.0,0.5,0.0,4.0,0.01,8.0,2.5,0,CM1
1.0,6.0,0.67,0.0,3.0,0.0,4.0,0.67,0,CM1
2.0,13.0,0.29,0.0,7.0,0.02,20.0,14.39,0,CM1
1.0,6.0,0.33,0.0,6.0,0.01,10.0,5.28,0,CM1
25.0,161.0,0.02,33.0,36.0,1.89,790.0,17097.62,0,CM1
5.0,20.0,0.05,0.0,16.0,0.1,63.0,336.99,0,CM1
6.0,29.0,0.07,2.0,20.0,0.17,92.0,385.93,0,CM1
1.0,3.0,0.4,0.0,5.0,0.01,8.0,3.33,0,CM1
10.0,53.0,0.05,6.0,21.0,0.66,318.0,2075.52,0,CM1
3.0,18.0,0.13,2.0,12.0,0.12,70.0,151.33,0,CM1
1.0,15.0,0.19,0.0,5.0,0.06,46.0,52.42,0,CM1
1.0,13.0,0.06,0.0,10.0,0.1,69.0,256.79,0,CM1
4.0,41.0,0.04,0.0,17.0,0.48,247.0,1911.4,0,CM1
2.0,17.0,0.11,3.0,10.0,0.05,37.0,78.02,0,CM1
2.0,17.0,0.11,3.0,10.0,0.05,37.0,78.02,0,CM1
3.0,27.0,0.08,0.0,15.0,0.25,130.0,498.05,0,CM1
2.0,27.0,0.04,6.0,16.0,0.18,105.0,670.83,0,CM1
1.0,6.0,0.27,0.0,6.0,0.01,13.0,9.0,0,CM1
3.0,16.0,0.13,0.0,14.0,0.06,40.0,78.8,0,CM1
9.0,67.0,0.03,12.0,23.0,0.58,292.0,3218.44,0,CM1
5.0,32.0,0.05,10.0,20.0,0.2,114.0,739.96,0,CM1
1.0,6.0,0.67,0.0,3.0,0.0,5.0,0.97,0,CM1
1.0,9.0,0.44,0.0,4.0,0.02,18.0,7.91,0,CM1
12.0,93.0,0.07,14.0,17.0,0.41,201.0,936.6,1,CM1
25.0,139.0,0.04,1.0,32.0,1.56,625.0,7070.88,0,CM1
1.0,11.0,0.47,0.0,3.0,0.02,22.0,8.7,0,CM1
4.0,24.0,0.09,1.0,18.0,0.13,75.0,254.83,0,CM1
1.0,17.0,0.26,0.0,6.0,0.07,49.0,47.81,0,CM1
13.0,64.0,0.07,4.0,20.0,0.31,155.0,710.0,0,CM1
5.0,33.0,0.08,1.0,15.0,0.12,72.0,264.71,0,CM1
3.0,28.0,0.09,0.0,17.0,0.18,103.0,358.3,0,CM1
4.0,41.0,0.08,0.0,19.0,0.25,129.0,546.69,1,CM1
2.0,19.0,0.11,0.0,16.0,0.1,62.0,163.53,0,CM1
2.0,19.0,0.11,0.0,15.0,0.09,57.0,139.72,0,CM1
4.0,41.0,0.07,3.0,19.0,0.3,153.0,731.3,0,CM1
2.0,41.0,0.06,0.0,17.0,0.49,241.0,1283.42,0,CM1
2.0,30.0,0.07,0.0,17.0,0.28,151.0,695.12,0,CM1
15.0,151.0,0.02,2.0,31.0,1.86,781.0,14535.59,0,CM1
2.0,19.0,0.11,0.0,16.0,0.1,60.0,158.33,0,CM1
20.0,153.0,0.02,23.0,38.0,1.43,607.0,12276.66,1,CM1
9.0,63.0,0.03,6.0,32.0,0.44,213.0,2143.79,1,CM1
2.0,42.0,0.07,0.0,18.0,0.44,210.0,1014.9,0,CM1
2.0,20.0,0.09,6.0,13.0,0.11,67.0,209.5,0,CM1
2.0,22.0,0.09,0.0,17.0,0.14,81.0,269.0,0,CM1
3.0,27.0,0.12,0.0,12.0,0.15,87.0,210.72,0,CM1
1.0,8.0,0.14,0.0,8.0,0.03,24.0,35.52,0,CM1
1.0,7.0,0.33,0.0,4.0,0.01,13.0,6.5,0,CM1
5.0,32.0,0.05,1.0,11.0,0.09,67.0,315.25,0,CM1
1.0,8.0,0.21,0.0,7.0,0.01,12.0,10.33,0,CM1
1.0,11.0,0.09,0.0,10.0,0.04,29.0,69.81,0,CM1
1.0,3.0,0.0,0.0,3.0,0.0,3.0,0.0,0,CM1
1.0,3.0,0.0,0.0,3.0,0.0,3.0,0.0,0,CM1
1.0,3.0,0.67,0.0,3.0,0.0,5.0,0.97,0,CM1
1.0,4.0,0.5,0.0,4.0,0.01,9.0,3.0,0,CM1
1.0,3.0,0.67,0.0,3.0,0.0,4.0,0.67,0,CM1
1.0,4.0,0.0,0.0,3.0,0.0,3.0,0.0,0,CM1
10.0,134.0,0.03,7.0,24.0,1.2,526.0,5803.37,0,CM1
5.0,55.0,0.08,6.0,14.0,0.41,211.0,830.27,1,CM1
4.0,46.0,0.06,1.0,20.0,0.55,261.0,1498.53,0,CM1
15.0,119.0,0.02,27.0,19.0,0.88,466.0,8370.61,0,CM1
4.0,25.0,0.07,7.0,16.0,0.12,76.0,315.56,0,CM1
6.0,45.0,0.05,9.0,19.0,0.34,182.0,1198.69,0,CM1
1.0,6.0,0.33,1.0,6.0,0.01,9.0,4.75,0,CM1
3.0,26.0,0.07,4.0,15.0,0.11,69.0,267.06,0,CM1
4.0,40.0,0.04,10.0,25.0,0.38,193.0,1617.62,0,CM1
1.0,6.0,0.67,1.0,3.0,0.0,5.0,0.97,0,CM1
4.0,22.0,0.04,6.0,24.0,0.2,109.0,850.88,0,CM1
1.0,6.0,0.67,1.0,3.0,0.0,5.0,0.97,0,CM1
4.0,22.0,0.04,7.0,24.0,0.2,109.0,850.88,0,CM1
10.0,75.0,0.03,35.0,27.0,0.87,399.0,4536.32,0,CM1
1.0,6.0,0.67,1.0,3.0,0.0,5.0,0.97,0,CM1
1.0,6.0,0.67,1.0,3.0,0.0,5.0,0.97,0,CM1
2.0,20.0,0.07,8.0,17.0,0.17,100.0,436.87,0,CM1
1.0,6.0,0.5,1.0,4.0,0.01,6.0,1.72,0,CM1
6.0,62.0,0.03,18.0,32.0,0.83,380.0,4820.79,0,CM1
5.0,36.0,0.06,5.0,12.0,0.24,141.0,675.77,0,CM1
6.0,33.0,0.05,11.0,21.0,0.17,94.0,558.17,0,CM1
4.0,22.0,0.07,2.0,19.0,0.22,122.0,534.32,0,CM1
2.0,27.0,0.06,2.0,15.0,0.27,148.0,742.98,0,CM1
2.0,15.0,0.1,5.0,14.0,0.07,45.0,112.33,0,CM1
2.0,15.0,0.1,5.0,14.0,0.07,45.0,112.33,0,CM1
1.0,8.0,0.5,3.0,4.0,0.0,5.0,1.29,0,CM1
3.0,18.0,0.12,4.0,14.0,0.09,56.0,127.45,0,CM1
6.0,31.0,0.07,4.0,22.0,0.27,140.0,663.95,0,CM1
1.0,9.0,0.2,3.0,10.0,0.04,28.0,33.61,0,CM1
4.0,23.0,0.09,3.0,17.0,0.18,97.0,325.03,0,CM1
7.0,32.0,0.07,4.0,21.0,0.27,142.0,654.97,0,CM1
1.0,3.0,0.29,0.0,7.0,0.01,11.0,6.78,0,CM1
12.0,66.0,0.04,21.0,28.0,0.6,288.0,2646.91,0,CM1
1.0,34.0,0.06,0.0,12.0,0.43,231.0,1225.91,0,CM1
2.0,13.0,0.08,2.0,12.0,0.04,32.0,87.2,0,CM1
2.0,13.0,0.08,2.0,12.0,0.07,48.0,138.3,0,CM1
8.0,41.0,0.07,14.0,18.0,0.16,93.0,369.73,0,CM1
2.0,14.0,0.15,4.0,10.0,0.03,26.0,38.52,0,CM1
2.0,12.0,0.12,3.0,11.0,0.04,27.0,50.58,0,CM1
2.0,12.0,0.11,3.0,11.0,0.06,43.0,94.64,0,CM1
10.0,104.0,0.04,6.0,32.0,1.14,486.0,5190.45,0,CM1
25.0,192.0,0.04,20.0,27.0,1.86,750.0,7136.55,0,CM1
1.0,6.0,0.18,0.0,7.0,0.07,50.0,67.88,0,CM1
3.0,30.0,0.05,2.0,20.0,0.28,148.0,866.23,1,CM1
4.0,44.0,0.05,1.0,19.0,0.54,267.0,1727.43,0,CM1
2.0,47.0,0.04,11.0,19.0,0.31,171.0,1230.78,0,CM1
4.0,32.0,0.11,11.0,16.0,0.16,87.0,248.67,0,CM1
1.0,8.0,0.19,2.0,9.0,0.03,23.0,26.29,0,CM1
1.0,7.0,0.22,2.0,9.0,0.02,14.0,12.95,0,CM1
1.0,8.0,0.22,3.0,9.0,0.02,14.0,13.33,0,CM1
1.0,13.0,0.12,5.0,10.0,0.05,39.0,73.41,0,CM1
1.0,12.0,0.15,6.0,9.0,0.05,35.0,53.65,0,CM1
4.0,17.0,0.05,1.0,21.0,0.17,97.0,576.42,0,CM1
3.0,14.0,0.09,0.0,14.0,0.06,41.0,116.97,0,CM1
19.0,94.0,0.02,6.0,34.0,1.11,496.0,9281.83,0,CM1
4.0,36.0,0.05,7.0,26.0,0.3,151.0,939.32,0,CM1
21.0,76.0,0.01,16.0,45.0,1.95,821.0,24346.89,0,CM1
10.0,64.0,0.02,12.0,37.0,0.76,350.0,6069.25,0,CM1
1.0,8.0,0.22,1.0,8.0,0.03,19.0,19.0,0,CM1
1.0,10.0,0.2,2.0,8.0,0.05,34.0,40.82,0,CM1
19.0,145.0,0.02,44.0,50.0,1.65,685.0,18156.38,0,CM1
8.0,57.0,0.02,28.0,31.0,1.25,565.0,10042.15,0,CM1
6.0,25.0,0.03,3.0,27.0,0.37,187.0,1807.51,0,CM1
1.0,23.0,0.12,3.0,11.0,0.17,99.0,232.74,0,CM1
6.0,36.0,0.04,7.0,20.0,0.24,133.0,943.76,0,CM1
1.0,9.0,0.14,0.0,10.0,0.04,28.0,45.42,0,CM1
4.0,16.0,0.08,1.0,16.0,0.09,55.0,176.27,0,CM1
2.0,16.0,0.11,2.0,13.0,0.08,51.0,126.52,0,CM1
3.0,22.0,0.12,0.0,11.0,0.07,47.0,96.24,0,CM1
15.0,68.0,0.03,5.0,35.0,0.54,262.0,3203.93,0,CM1
2.0,11.0,0.14,2.0,13.0,0.06,40.0,71.57,0,CM1
2.0,11.0,0.14,2.0,13.0,0.06,39.0,69.78,0,CM1
4.0,18.0,0.07,1.0,17.0,0.11,68.0,256.89,0,CM1
5.0,34.0,0.09,7.0,12.0,0.18,102.0,315.68,0,CM1
7.0,37.0,0.08,0.0,12.0,0.15,90.0,302.59,0,CM1
9.0,64.0,0.14,2.0,8.0,0.43,214.0,502.45,0,CM1
2.0,12.0,0.43,0.0,4.0,0.02,16.0,6.89,0,CM1
4.0,24.0,0.06,0.0,12.0,0.11,73.0,300.2,0,CM1
3.0,17.0,0.08,4.0,12.0,0.11,71.0,247.57,0,CM1
3.0,35.0,0.02,3.0,16.0,1.04,538.0,9234.21,0,CM1
2.0,10.0,0.14,0.0,10.0,0.05,37.0,65.66,0,CM1
3.0,21.0,0.04,4.0,17.0,0.24,137.0,970.03,0,CM1
2.0,7.0,0.08,0.0,10.0,0.04,27.0,70.32,0,CM1
1.0,3.0,0.23,0.0,7.0,0.02,14.0,11.77,0,CM1
1.0,7.0,0.21,0.0,6.0,0.04,29.0,29.9,0,CM1
3.0,9.0,0.07,0.0,11.0,0.06,41.0,134.33,0,CM1
3.0,11.0,0.07,0.0,12.0,0.07,49.0,175.37,0,CM1
1.0,4.0,0.33,0.0,4.0,0.01,13.0,6.5,0,CM1
1.0,3.0,0.4,0.0,5.0,0.01,7.0,2.73,0,CM1
2.0,7.0,0.08,0.0,10.0,0.04,27.0,70.32,0,CM1
1.0,3.0,0.23,0.0,7.0,0.02,14.0,11.77,0,CM1
1.0,7.0,0.21,0.0,6.0,0.04,29.0,29.9,0,CM1
3.0,9.0,0.07,0.0,11.0,0.06,41.0,134.33,0,CM1
3.0,11.0,0.07,0.0,12.0,0.07,49.0,175.37,0,CM1
1.0,4.0,0.33,0.0,4.0,0.01,13.0,6.5,0,CM1
1.0,3.0,0.4,0.0,5.0,0.01,7.0,2.73,0,CM1
2.0,7.0,0.08,0.0,10.0,0.04,27.0,70.32,0,CM1
1.0,3.0,0.23,0.0,7.0,0.02,14.0,11.77,0,CM1
1.0,7.0,0.21,0.0,6.0,0.04,29.0,29.9,0,CM1
3.0,9.0,0.07,0.0,11.0,0.06,41.0,134.33,0,CM1
3.0,11.0,0.07,0.0,12.0,0.07,49.0,175.37,0,CM1
1.0,4.0,0.33,0.0,4.0,0.01,13.0,6.5,0,CM1
1.0,3.0,0.4,0.0,5.0,0.01,7.0,2.73,0,CM1
6.0,73.0,0.04,25.0,25.0,0.59,279.0,2420.1,0,CM1
2.0,7.0,0.16,0.0,9.0,0.03,25.0,35.13,0,CM1
2.0,7.0,0.16,0.0,9.0,0.03,25.0,35.13,0,CM1
2.0,7.0,0.16,0.0,9.0,0.03,25.0,35.13,0,CM1
2.0,7.0,0.16,0.0,9.0,0.03,25.0,35.13,0,CM1
2.0,7.0,0.16,0.0,9.0,0.03,25.0,35.13,0,CM1
2.0,7.0,0.16,0.0,9.0,0.03,25.0,35.13,0,CM1
2.0,7.0,0.16,0.0,9.0,0.03,25.0,35.13,0,CM1
4.0,17.0,0.07,2.0,17.0,0.08,52.0,203.9,0,CM1
1.0,2.0,0.0,0.0,1.0,0.0,1.0,0.0,0,CM1
1.0,2.0,0.0,0.0,1.0,0.0,1.0,0.0,0,CM1
1.0,3.0,0.0,0.0,1.0,0.0,1.0,0.0,0,CM1
1.0,6.0,0.5,2.0,4.0,0.0,5.0,1.29,0,CM1
2.0,9.0,0.23,0.0,7.0,0.02,15.0,12.61,0,CM1
2.0,8.0,0.23,0.0,7.0,0.02,14.0,11.77,0,CM1
2.0,8.0,0.16,0.0,11.0,0.04,25.0,36.51,0,CM1
1.0,3.0,0.5,0.0,4.0,0.0,5.0,1.29,0,CM1
1.0,4.0,0.67,0.0,3.0,0.01,7.0,1.35,0,CM1
2.0,8.0,0.23,0.0,7.0,0.02,14.0,11.77,0,CM1
2.0,9.0,0.18,0.0,9.0,0.04,26.0,33.13,0,CM1
3.0,17.0,0.07,4.0,13.0,0.1,66.0,242.84,0,CM1
1.0,3.0,0.5,0.0,4.0,0.0,5.0,1.29,0,CM1
1.0,4.0,0.67,0.0,3.0,0.01,7.0,1.35,0,CM1
9.0,24.0,0.09,0.0,11.0,0.12,74.0,230.19,0,CM1
4.0,25.0,0.04,0.0,17.0,0.16,97.0,599.74,0,CM1
23.0,182.0,0.03,6.0,38.0,1.74,696.0,10788.59,0,CM1
4.0,41.0,0.06,9.0,20.0,0.25,130.0,676.94,0,CM1
2.0,18.0,0.1,0.0,16.0,0.12,70.0,208.38,0,CM1
3.0,17.0,0.07,3.0,16.0,0.07,46.0,167.91,0,CM1
4.0,33.0,0.05,4.0,24.0,0.26,133.0,826.8,0,CM1
18.0,109.0,0.02,5.0,32.0,0.8,372.0,5551.65,0,CM1
12.0,72.0,0.05,4.0,24.0,0.38,187.0,1363.54,0,CM1
1.0,8.0,0.5,1.0,4.0,0.01,7.0,2.0,0,CM1
4.0,25.0,0.06,4.0,19.0,0.19,104.0,563.36,0,CM1
8.0,77.0,0.05,6.0,26.0,0.66,307.0,2428.97,1,CM1
2.0,23.0,0.06,1.0,12.0,0.19,114.0,492.91,1,CM1
2.0,10.0,0.14,0.0,8.0,0.03,21.0,29.28,0,CM1
9.0,71.0,0.03,5.0,26.0,0.73,342.0,3548.06,0,CM1
1.0,3.0,0.5,0.0,4.0,0.01,7.0,2.18,0,CM1
5.0,22.0,0.08,0.0,17.0,0.15,84.0,307.3,1,CM1
7.0,75.0,0.05,16.0,26.0,0.77,349.0,2851.38,1,CM1
1.0,20.0,0.08,1.0,8.0,0.19,118.0,374.05,1,CM1
3.0,28.0,0.1,9.0,13.0,0.12,74.0,198.58,0,CM1
1.0,7.0,0.29,0.0,7.0,0.01,11.0,6.78,0,CM1
1.0,8.0,0.29,0.0,7.0,0.01,11.0,7.11,0,CM1
1.0,8.0,0.33,0.0,6.0,0.01,11.0,6.09,0,CM1
1.0,8.0,0.33,0.0,6.0,0.01,11.0,6.09,0,CM1
2.0,19.0,0.09,0.0,11.0,0.09,57.0,153.57,0,CM1
2.0,11.0,0.19,1.0,9.0,0.03,23.0,26.27,0,CM1
1.0,11.0,0.16,0.0,5.0,0.05,42.0,53.96,0,CM1
1.0,9.0,0.2,0.0,10.0,0.02,18.0,19.04,0,CM1
1.0,7.0,0.33,0.0,6.0,0.01,10.0,5.54,0,CM1
1.0,8.0,0.14,0.0,9.0,0.06,46.0,74.6,0,CM1
2.0,15.0,0.1,0.0,11.0,0.06,42.0,95.4,0,CM1
24.0,93.0,0.02,4.0,34.0,0.87,402.0,6884.14,1,CM1
2.0,14.0,0.09,4.0,13.0,0.06,39.0,100.52,0,CM1
4.0,35.0,0.05,3.0,19.0,0.22,121.0,668.73,1,CM1
1.0,6.0,0.33,0.0,6.0,0.01,9.0,4.5,0,CM1
11.0,81.0,0.03,7.0,32.0,0.76,354.0,4643.41,1,CM1
4.0,32.0,0.04,0.0,14.0,0.19,117.0,725.61,1,CM1
6.0,45.0,0.05,1.0,24.0,0.3,152.0,931.38,0,CM1
1.0,8.0,0.16,0.0,9.0,0.05,34.0,47.77,0,CM1
2.0,15.0,0.15,0.0,11.0,0.1,62.0,112.6,0,CM1
1.0,7.0,0.18,0.0,9.0,0.04,30.0,38.32,0,CM1
18.0,116.0,0.02,9.0,37.0,1.12,516.0,12140.27,1,CM1
1.0,7.0,0.18,0.0,9.0,0.04,30.0,38.32,1,CM1
1.0,6.0,0.17,0.0,9.0,0.03,26.0,33.86,0,CM1
1.0,12.0,0.24,0.0,5.0,0.06,46.0,45.09,0,CM1
2.0,14.0,0.4,2.0,5.0,0.02,15.0,7.21,0,CM1
3.0,21.0,0.36,4.0,5.0,0.03,25.0,14.69,0,CM1
4.0,17.0,0.1,0.0,9.0,0.04,29.0,60.36,0,CM1
6.0,15.0,0.03,0.0,14.0,0.08,54.0,392.51,0,CM1
2.0,14.0,0.11,0.0,9.0,0.04,28.0,53.3,0,CM1
2.0,10.0,0.13,0.0,8.0,0.02,16.0,24.6,0,CM1
13.0,76.0,0.04,6.0,22.0,0.72,343.0,3176.49,0,CM1
4.0,27.0,0.06,3.0,16.0,0.14,85.0,374.32,0,CM1
1.0,9.0,0.17,3.0,9.0,0.03,21.0,27.0,0,CM1
3.0,19.0,0.06,7.0,14.0,0.18,106.0,528.58,0,CM1
1.0,7.0,0.5,2.0,4.0,0.01,7.0,2.18,0,CM1
1.0,12.0,0.09,4.0,10.0,0.06,45.0,110.76,0,CM1
2.0,11.0,0.07,2.0,12.0,0.06,43.0,139.38,0,CM1
2.0,11.0,0.06,2.0,13.0,0.08,53.0,220.67,0,CM1
1.0,9.0,0.33,3.0,5.0,0.01,13.0,7.2,0,CM1
1.0,9.0,0.13,2.0,8.0,0.03,27.0,45.69,0,CM1
7.0,23.0,0.06,15.0,14.0,0.12,74.0,315.63,0,CM1
3.0,20.0,0.1,1.0,14.0,0.12,72.0,202.22,0,CM1
16.0,104.0,0.03,28.0,32.0,1.22,526.0,6906.29,0,CM1
3.0,15.0,0.09,7.0,12.0,0.06,43.0,111.92,0,CM1
5.0,35.0,0.05,8.0,23.0,0.3,159.0,1021.21,0,CM1
3.0,30.0,0.03,10.0,19.0,0.38,205.0,1910.24,0,CM1
6.0,41.0,0.03,14.0,20.0,0.54,279.0,3029.95,0,CM1
96.0,503.0,0.01,80.0,72.0,5.56,2027.0,117204.41,0,CM1
4.0,12.0,0.18,2.0,7.0,0.04,28.0,34.57,0,CM1
16.0,84.0,0.03,35.0,24.0,0.87,399.0,4491.28,0,CM1
32.0,138.0,0.02,53.0,32.0,1.34,589.0,11529.23,0,CM1
29.0,226.0,0.02,61.0,31.0,2.84,1112.0,19758.22,0,CM1
11.0,67.0,0.06,6.0,18.0,0.5,253.0,1445.04,0,CM1
12.0,93.0,0.03,30.0,29.0,1.09,487.0,6958.42,0,CM1
3.0,24.0,0.07,8.0,18.0,0.14,82.0,359.73,0,CM1
4.0,22.0,0.05,3.0,16.0,0.24,134.0,743.18,0,CM1
6.0,28.0,0.04,3.0,16.0,0.34,182.0,1325.49,0,CM1
5.0,36.0,0.1,1.0,10.0,0.37,191.0,625.52,0,CM1
1.0,14.0,0.36,0.0,3.0,0.07,49.0,30.15,0,CM1
5.0,27.0,0.05,2.0,21.0,0.18,100.0,618.64,0,CM1
5.0,31.0,0.07,1.0,11.0,0.35,189.0,802.09,0,CM1
2.0,18.0,0.11,1.0,8.0,0.17,103.0,260.36,0,CM1
4.0,16.0,0.08,1.0,14.0,0.09,55.0,193.96,0,CM1
13.0,50.0,0.05,1.0,26.0,0.26,132.0,924.95,0,CM1
14.0,53.0,0.04,1.0,27.0,0.28,142.0,1077.48,0,CM1
7.0,43.0,0.1,1.0,10.0,0.54,263.0,921.45,0,CM1
13.0,67.0,0.05,5.0,19.0,0.53,265.0,1666.28,0,CM1
13.0,95.0,0.02,30.0,31.0,1.16,514.0,8082.08,0,CM1
17.0,100.0,0.03,25.0,31.0,1.06,465.0,6362.03,0,CM1
2.0,14.0,0.08,4.0,15.0,0.1,62.0,204.72,0,CM1
1.0,3.0,0.5,0.0,4.0,0.0,5.0,1.29,0,CM1
1.0,9.0,0.4,2.0,5.0,0.01,13.0,6.0,0,CM1
1.0,4.0,0.33,1.0,6.0,0.01,10.0,5.28,0,CM1
1.0,4.0,0.4,1.0,5.0,0.01,9.0,3.75,0,CM1
2.0,8.0,0.16,2.0,11.0,0.04,27.0,39.32,0,CM1
1.0,9.0,0.4,2.0,5.0,0.01,13.0,6.0,0,CM1
1.0,4.0,0.33,1.0,6.0,0.01,10.0,5.28,0,CM1
1.0,4.0,0.4,1.0,5.0,0.01,9.0,3.75,0,CM1
2.0,8.0,0.16,2.0,11.0,0.04,27.0,39.32,0,CM1
1.0,7.0,0.22,1.0,9.0,0.02,17.0,16.18,0,CM1
1.0,7.0,0.25,1.0,8.0,0.02,16.0,13.16,0,CM1
2.0,15.0,0.09,0.0,13.0,0.06,40.0,108.37,0,CM1
1.0,9.0,0.19,0.0,9.0,0.03,21.0,24.0,0,CM1
1.0,9.0,0.19,0.0,9.0,0.03,21.0,24.0,0,CM1
1.0,21.0,0.06,1.0,16.0,0.21,120.0,559.78,0,CM1
1.0,3.0,0.4,0.0,5.0,0.01,7.0,2.51,0,CM1
1.0,16.0,0.07,0.0,11.0,0.14,88.0,347.85,0,CM1
1.0,6.0,0.67,1.0,3.0,0.0,5.0,0.97,0,CM1
1.0,7.0,0.27,3.0,5.0,0.02,15.0,9.91,0,CM1
1.0,9.0,0.16,4.0,8.0,0.04,27.0,36.84,0,CM1
2.0,11.0,0.1,2.0,12.0,0.06,39.0,95.17,0,CM1
3.0,22.0,0.12,4.0,11.0,0.07,47.0,96.24,0,CM1
10.0,42.0,0.04,4.0,29.0,0.28,142.0,1211.24,0,CM1
6.0,16.0,0.06,2.0,16.0,0.09,59.0,271.16,0,CM1
13.0,54.0,0.04,7.0,26.0,0.29,150.0,1335.96,0,CM1
2.0,11.0,0.16,0.0,11.0,0.04,29.0,42.55,0,CM1
2.0,11.0,0.16,0.0,11.0,0.04,28.0,41.08,0,CM1
2.0,12.0,0.1,1.0,14.0,0.05,32.0,76.31,0,CM1
4.0,24.0,0.1,3.0,15.0,0.16,96.0,287.24,0,CM1
3.0,21.0,0.1,2.0,15.0,0.15,85.0,235.42,1,CM1
4.0,24.0,0.1,1.0,15.0,0.16,96.0,287.24,0,CM1
3.0,21.0,0.11,3.0,14.0,0.1,60.0,156.4,1,CM1
3.0,25.0,0.09,3.0,19.0,0.15,81.0,270.63,1,CM1
3.0,22.0,0.1,2.0,18.0,0.11,64.0,193.01,1,CM1
3.0,15.0,0.14,2.0,11.0,0.05,38.0,66.91,1,CM1
3.0,13.0,0.14,0.0,13.0,0.08,49.0,97.04,0,CM1
1.0,8.0,0.2,0.0,10.0,0.03,24.0,28.81,1,CM1
3.0,21.0,0.09,0.0,17.0,0.13,72.0,229.41,0,CM1
8.0,46.0,0.08,2.0,20.0,0.32,159.0,704.77,1,CM1
18.0,95.0,0.05,4.0,22.0,1.39,591.0,4967.36,1,CM1
3.0,21.0,0.1,0.0,17.0,0.13,72.0,220.55,0,CM1
4.0,22.0,0.08,0.0,17.0,0.18,98.0,376.67,0,CM1
8.0,42.0,0.07,1.0,19.0,0.37,187.0,915.63,0,CM1
3.0,49.0,0.04,2.0,23.0,0.52,256.0,2432.55,1,CM1
4.0,22.0,0.07,0.0,16.0,0.1,64.0,255.11,0,CM1
4.0,25.0,0.05,1.0,22.0,0.2,107.0,624.53,1,CM1
11.0,91.0,0.02,9.0,32.0,1.05,475.0,7838.01,1,CM1
2.0,11.0,0.15,1.0,13.0,0.05,32.0,54.32,1,CM1
6.0,30.0,0.06,2.0,20.0,0.18,98.0,467.06,1,CM1
5.0,33.0,0.05,5.0,16.0,0.13,83.0,482.48,0,CM1
2.0,10.0,0.15,0.0,9.0,0.02,19.0,26.37,0,CM1
10.0,50.0,0.09,0.0,13.0,0.24,136.0,456.59,0,CM1
10.0,30.0,0.05,1.0,20.0,0.21,118.0,726.91,0,CM1
10.0,50.0,0.1,0.0,13.0,0.25,138.0,427.62,0,CM1
1.0,3.0,0.29,0.0,7.0,0.01,12.0,7.75,0,CM1
3.0,24.0,0.14,2.0,9.0,0.14,81.0,162.88,0,CM1
6.0,20.0,0.08,2.0,13.0,0.11,67.0,213.65,0,CM1
1.0,7.0,0.33,0.0,6.0,0.01,11.0,6.09,0,CM1
1.0,10.0,0.4,0.0,5.0,0.01,13.0,6.0,0,CM1
3.0,12.0,0.08,0.0,12.0,0.06,43.0,121.77,0,CM1
11.0,42.0,0.03,1.0,33.0,0.5,241.0,3023.95,0,CM1
7.0,59.0,0.03,0.0,26.0,1.0,449.0,5237.67,0,CM1
5.0,42.0,0.05,0.0,19.0,0.41,209.0,1271.34,0,CM1
1.0,8.0,0.19,0.0,8.0,0.03,21.0,23.69,0,CM1
2.0,9.0,0.29,0.0,7.0,0.02,15.0,10.09,0,CM1
7.0,40.0,0.03,1.0,29.0,0.36,185.0,2153.96,0,CM1
1.0,12.0,0.16,0.0,10.0,0.03,25.0,36.5,0,CM1
1.0,5.0,0.38,0.0,4.0,0.01,11.0,4.57,0,KC1
1.0,3.0,0.0,0.0,1.0,0.0,1.0,0.0,0,KC1
1.0,3.0,0.0,0.0,1.0,0.0,1.0,0.0,0,KC1
1.0,3.0,0.0,0.0,1.0,0.0,1.0,0.0,0,KC1
1.0,12.0,0.29,0.0,5.0,0.02,19.0,12.27,0,KC1
1.0,5.0,0.38,0.0,4.0,0.01,11.0,4.57,0,KC1
1.0,3.0,0.0,0.0,1.0,0.0,1.0,0.0,0,KC1
1.0,3.0,0.0,0.0,1.0,0.0,1.0,0.0,0,KC1
1.0,3.0,0.0,0.0,1.0,0.0,1.0,0.0,0,KC1
1.0,13.0,0.27,0.0,6.0,0.04,29.0,23.0,0,KC1
1.0,12.0,0.29,0.0,5.0,0.02,19.0,12.27,0,KC1
1.0,3.0,0.0,0.0,1.0,0.0,1.0,0.0,0,KC1
1.0,12.0,0.29,0.0,5.0,0.02,19.0,12.27,0,KC1
1.0,4.0,0.0,0.0,1.0,0.0,1.0,0.0,0,KC1
1.0,13.0,0.14,0.0,8.0,0.03,27.0,41.88,0,KC1
3.0,16.0,0.1,0.0,12.0,0.06,43.0,104.93,0,KC1
3.0,16.0,0.1,0.0,12.0,0.06,43.0,104.93,0,KC1
3.0,16.0,0.1,0.0,12.0,0.06,43.0,104.93,0,KC1
1.0,16.0,0.19,0.0,8.0,0.05,34.0,40.96,0,KC1
6.0,35.0,0.09,0.0,13.0,0.14,85.0,260.95,0,KC1
11.0,83.0,0.04,0.0,18.0,0.31,171.0,1187.7,1,KC1
2.0,14.0,0.17,0.0,8.0,0.04,30.0,39.36,0,KC1
4.0,40.0,0.06,0.0,12.0,0.16,103.0,426.51,0,KC1
4.0,38.0,0.09,0.0,14.0,0.16,94.0,314.63,0,KC1
8.0,46.0,0.07,0.0,16.0,0.26,141.0,635.37,1,KC1
2.0,26.0,0.1,0.0,10.0,0.1,66.0,161.05,0,KC1
2.0,15.0,0.11,0.0,10.0,0.05,38.0,77.41,0,KC1
1.0,21.0,0.1,0.0,9.0,0.07,52.0,118.86,0,KC1
1.0,11.0,0.21,0.0,8.0,0.02,18.0,17.76,0,KC1
2.0,17.0,0.15,0.0,10.0,0.04,27.0,40.0,0,KC1
3.0,25.0,0.11,0.0,11.0,0.08,58.0,132.33,0,KC1
10.0,56.0,0.06,0.0,16.0,0.27,155.0,809.62,0,KC1
3.0,25.0,0.11,0.0,11.0,0.08,58.0,132.33,1,KC1
3.0,43.0,0.09,0.0,11.0,0.19,115.0,356.87,1,KC1
5.0,59.0,0.06,0.0,13.0,0.24,138.0,627.28,0,KC1
12.0,120.0,0.04,0.0,15.0,0.6,315.0,2334.5,0,KC1
6.0,48.0,0.06,0.0,12.0,0.25,149.0,644.24,1,KC1
12.0,69.0,0.04,0.0,16.0,0.4,231.0,1836.77,1,KC1
3.0,23.0,0.11,0.0,11.0,0.08,51.0,117.49,0,KC1
3.0,23.0,0.11,0.0,11.0,0.08,51.0,117.49,0,KC1
3.0,22.0,0.11,0.0,11.0,0.08,51.0,117.49,0,KC1
6.0,47.0,0.06,0.0,12.0,0.25,149.0,670.5,1,KC1
7.0,48.0,0.06,0.0,14.0,0.27,155.0,793.24,1,KC1
9.0,58.0,0.05,0.0,15.0,0.34,193.0,1181.2,1,KC1
2.0,31.0,0.13,0.0,9.0,0.18,104.0,227.51,0,KC1
1.0,13.0,0.19,0.0,8.0,0.05,36.0,43.37,0,KC1
1.0,17.0,0.17,0.0,8.0,0.08,55.0,81.09,0,KC1
4.0,32.0,0.08,0.0,13.0,0.28,156.0,576.11,0,KC1
1.0,17.0,0.18,0.0,8.0,0.1,62.0,89.95,0,KC1
1.0,27.0,0.14,0.0,9.0,0.18,104.0,219.05,1,KC1
7.0,74.0,0.04,0.0,16.0,0.32,177.0,1264.38,0,KC1
6.0,65.0,0.05,0.0,14.0,0.27,155.0,878.23,1,KC1
3.0,23.0,0.1,0.0,11.0,0.06,42.0,96.17,0,KC1
2.0,20.0,0.1,0.0,11.0,0.07,46.0,111.95,0,KC1
2.0,13.0,0.11,0.0,9.0,0.04,29.0,53.66,0,KC1
2.0,30.0,0.09,0.0,9.0,0.12,82.0,226.41,0,KC1
6.0,38.0,0.05,0.0,13.0,0.19,120.0,579.72,0,KC1
5.0,55.0,0.04,0.0,15.0,0.22,137.0,865.48,0,KC1
3.0,24.0,0.09,0.0,12.0,0.08,55.0,143.16,0,KC1
9.0,36.0,0.06,0.0,15.0,0.16,102.0,454.69,0,KC1
25.0,210.0,0.03,0.0,19.0,1.27,606.0,6989.35,0,KC1
11.0,116.0,0.04,0.0,19.0,0.57,289.0,2512.35,1,KC1
1.0,7.0,0.33,0.0,6.0,0.01,13.0,7.5,0,KC1
1.0,8.0,0.4,0.0,5.0,0.01,12.0,5.54,0,KC1
2.0,23.0,0.08,0.0,11.0,0.1,66.0,212.57,0,KC1
4.0,24.0,0.09,0.0,11.0,0.12,74.0,219.65,1,KC1
1.0,9.0,0.21,0.0,8.0,0.03,20.0,19.74,0,KC1
5.0,34.0,0.07,0.0,13.0,0.19,115.0,469.92,0,KC1
1.0,9.0,0.25,0.0,7.0,0.02,19.0,16.07,0,KC1
11.0,63.0,0.05,0.0,15.0,0.28,163.0,902.89,0,KC1
1.0,7.0,0.33,0.0,6.0,0.01,12.0,6.92,0,KC1
2.0,28.0,0.11,0.0,11.0,0.12,74.0,186.86,0,KC1
19.0,77.0,0.03,0.0,18.0,0.42,231.0,2024.14,1,KC1
1.0,14.0,0.17,0.0,9.0,0.03,26.0,33.43,0,KC1
4.0,29.0,0.11,0.0,9.0,0.13,81.0,190.37,0,KC1
8.0,41.0,0.06,0.0,15.0,0.18,111.0,514.4,0,KC1
1.0,18.0,0.1,0.0,9.0,0.07,50.0,114.29,0,KC1
1.0,14.0,0.33,0.0,6.0,0.03,21.0,14.0,0,KC1
1.0,4.0,0.4,0.0,5.0,0.01,7.0,2.73,0,KC1
1.0,11.0,0.33,0.0,6.0,0.02,17.0,10.79,0,KC1
1.0,4.0,0.4,0.0,5.0,0.01,7.0,2.73,0,KC1
1.0,6.0,0.67,0.0,3.0,0.0,5.0,0.97,0,KC1
2.0,18.0,0.16,0.0,10.0,0.04,31.0,45.25,0,KC1
3.0,13.0,0.12,0.0,10.0,0.04,28.0,51.85,1,KC1
3.0,13.0,0.12,0.0,10.0,0.04,28.0,51.85,1,KC1
3.0,13.0,0.12,0.0,10.0,0.04,28.0,51.85,1,KC1
1.0,2.0,0.0,0.0,0.0,0.0,0.0,0.0,0,KC1
5.0,43.0,0.06,1.0,14.0,0.2,117.0,566.79,0,KC1
1.0,2.0,0.0,0.0,0.0,0.0,0.0,0.0,0,KC1
1.0,8.0,2.0,0.0,1.0,0.0,5.0,0.32,0,KC1
1.0,10.0,2.0,0.0,1.0,0.0,5.0,0.32,0,KC1
1.0,3.0,0.0,0.0,1.0,0.0,1.0,0.0,0,KC1
1.0,5.0,1.0,0.0,2.0,0.01,7.0,1.01,0,KC1
1.0,7.0,0.4,0.0,4.0,0.01,12.0,5.0,0,KC1
1.0,3.0,1.0,0.0,2.0,0.01,7.0,1.01,0,KC1
1.0,9.0,0.29,0.0,7.0,0.02,13.0,9.06,1,KC1
1.0,13.0,0.3,0.0,5.0,0.02,20.0,12.81,0,KC1
2.0,16.0,0.18,0.0,8.0,0.06,43.0,57.83,1,KC1
1.0,11.0,2.0,0.0,1.0,0.01,6.0,0.43,0,KC1
1.0,3.0,0.0,0.0,1.0,0.0,1.0,0.0,0,KC1
1.0,4.0,1.0,0.0,2.0,0.0,6.0,0.77,0,KC1
1.0,3.0,0.0,0.0,1.0,0.0,1.0,0.0,0,KC1
2.0,39.0,0.09,0.0,12.0,0.27,152.0,528.21,0,KC1
7.0,93.0,0.03,0.0,22.0,0.5,257.0,2486.52,1,KC1
1.0,1.0,0.0,0.0,0.0,0.0,0.0,0.0,0,KC1
1.0,23.0,0.32,0.0,6.0,0.07,46.0,38.19,1,KC1
1.0,4.0,1.0,0.0,2.0,0.0,3.0,0.26,0,KC1
1.0,13.0,0.3,0.0,5.0,0.02,20.0,12.81,0,KC1
1.0,23.0,0.21,0.0,7.0,0.1,67.0,80.81,1,KC1
1.0,4.0,1.0,0.0,2.0,0.01,7.0,1.01,0,KC1
1.0,2.0,1.0,0.0,2.0,0.01,7.0,1.01,0,KC1
1.0,10.0,0.25,0.0,5.0,0.02,19.0,14.03,0,KC1
1.0,20.0,0.23,0.0,7.0,0.09,57.0,62.67,0,KC1
1.0,4.0,0.0,0.0,1.0,0.0,1.0,0.0,0,KC1
1.0,14.0,0.3,0.0,5.0,0.02,20.0,12.81,0,KC1
1.0,30.0,0.3,0.0,5.0,0.03,21.0,15.9,1,KC1
1.0,13.0,0.5,0.0,2.0,0.01,12.0,3.74,0,KC1
6.0,78.0,0.09,0.0,12.0,0.6,298.0,1089.63,1,KC1
7.0,84.0,0.08,0.0,13.0,0.63,311.0,1292.73,1,KC1
1.0,15.0,0.64,0.0,2.0,0.01,13.0,3.6,0,KC1
1.0,30.0,0.03,0.0,3.0,0.04,54.0,234.0,1,KC1
1.0,24.0,0.38,0.0,4.0,0.02,16.0,8.77,0,KC1
3.0,35.0,0.08,0.0,12.0,0.18,108.0,382.74,1,KC1
3.0,19.0,0.11,0.0,12.0,0.08,50.0,116.52,0,KC1
1.0,17.0,0.18,0.0,10.0,0.06,45.0,59.43,0,KC1
9.0,63.0,0.05,0.0,16.0,0.36,199.0,1120.92,0,KC1
1.0,6.0,0.4,0.0,5.0,0.01,10.0,4.4,0,KC1
4.0,25.0,0.07,0.0,9.0,0.08,57.0,174.74,1,KC1
1.0,9.0,0.4,0.0,5.0,0.01,8.0,3.33,0,KC1
1.0,9.0,0.4,0.0,5.0,0.01,8.0,3.33,0,KC1
1.0,6.0,0.4,0.0,5.0,0.01,10.0,4.4,0,KC1
1.0,6.0,0.4,0.0,5.0,0.01,10.0,4.4,0,KC1
1.0,6.0,0.4,0.0,5.0,0.01,10.0,4.4,0,KC1
1.0,10.0,0.4,0.0,5.0,0.01,8.0,3.33,0,KC1
1.0,6.0,0.4,0.0,5.0,0.01,10.0,4.4,0,KC1
7.0,20.0,0.1,0.0,10.0,0.08,54.0,128.21,1,KC1
1.0,6.0,0.4,0.0,5.0,0.01,10.0,4.4,0,KC1
1.0,10.0,0.4,0.0,5.0,0.01,8.0,3.33,0,KC1
9.0,87.0,0.04,0.0,18.0,0.4,212.0,1497.5,0,KC1
6.0,51.0,0.04,0.0,19.0,0.22,129.0,911.02,0,KC1
14.0,88.0,0.03,0.0,18.0,0.43,239.0,2477.4,0,KC1
6.0,59.0,0.05,0.0,12.0,0.29,176.0,1039.42,0,KC1
14.0,119.0,0.03,0.0,18.0,0.54,289.0,2740.04,1,KC1
8.0,99.0,0.03,0.0,21.0,0.53,277.0,2747.56,1,KC1
45.0,288.0,0.02,0.0,23.0,1.74,794.0,13041.31,1,KC1
1.0,1.0,0.67,0.0,3.0,0.0,4.0,0.67,0,KC1
1.0,4.0,0.67,0.0,3.0,0.0,4.0,0.67,0,KC1
1.0,1.0,0.67,0.0,3.0,0.0,4.0,0.67,0,KC1
1.0,4.0,0.67,0.0,3.0,0.0,4.0,0.67,0,KC1
1.0,1.0,0.67,0.0,3.0,0.0,4.0,0.67,0,KC1
1.0,1.0,0.67,0.0,3.0,0.0,4.0,0.67,0,KC1
1.0,1.0,0.67,0.0,3.0,0.0,4.0,0.67,0,KC1
1.0,4.0,0.67,0.0,3.0,0.0,4.0,0.67,0,KC1
7.0,56.0,0.06,0.0,13.0,0.22,133.0,581.45,0,KC1
1.0,4.0,0.67,0.0,3.0,0.0,4.0,0.67,0,KC1
1.0,4.0,0.67,0.0,3.0,0.0,4.0,0.67,0,KC1
1.0,4.0,0.67,0.0,3.0,0.0,4.0,0.67,0,KC1
1.0,1.0,0.67,0.0,3.0,0.0,4.0,0.67,0,KC1
1.0,1.0,0.67,0.0,3.0,0.0,4.0,0.67,0,KC1
3.0,25.0,0.13,1.0,9.0,0.06,45.0,81.24,1,KC1
1.0,4.0,0.67,0.0,3.0,0.0,4.0,0.67,0,KC1
1.0,4.0,0.67,0.0,3.0,0.0,4.0,0.67,0,KC1
1.0,4.0,0.67,0.0,3.0,0.0,4.0,0.67,0,KC1
1.0,4.0,0.67,0.0,3.0,0.0,4.0,0.67,0,KC1
1.0,1.0,0.67,0.0,3.0,0.0,4.0,0.67,0,KC1
1.0,4.0,0.67,0.0,3.0,0.0,4.0,0.67,0,KC1
1.0,4.0,0.67,0.0,3.0,0.0,4.0,0.67,0,KC1
1.0,1.0,0.67,0.0,3.0,0.0,4.0,0.67,0,KC1
1.0,4.0,0.67,0.0,3.0,0.0,4.0,0.67,0,KC1
1.0,9.0,0.21,0.0,8.0,0.03,20.0,19.74,0,KC1
1.0,1.0,0.67,0.0,3.0,0.0,4.0,0.67,0,KC1
1.0,4.0,0.67,0.0,3.0,0.0,4.0,0.67,0,KC1
1.0,4.0,0.67,0.0,3.0,0.0,4.0,0.67,0,KC1
1.0,4.0,0.67,0.0,3.0,0.0,4.0,0.67,0,KC1
1.0,1.0,0.67,0.0,3.0,0.0,4.0,0.67,0,KC1
1.0,1.0,0.67,0.0,3.0,0.0,4.0,0.67,0,KC1
1.0,4.0,0.67,0.0,3.0,0.0,4.0,0.67,0,KC1
1.0,4.0,0.67,0.0,3.0,0.0,4.0,0.67,0,KC1
1.0,4.0,0.67,0.0,3.0,0.0,4.0,0.67,0,KC1
1.0,1.0,0.67,0.0,3.0,0.0,4.0,0.67,0,KC1
4.0,35.0,0.07,0.0,12.0,0.12,78.0,287.92,1,KC1
14.0,97.0,0.03,0.0,21.0,0.54,273.0,2687.17,1,KC1
4.0,33.0,0.07,0.0,12.0,0.11,73.0,269.62,1,KC1
1.0,1.0,0.67,0.0,3.0,0.0,4.0,0.67,0,KC1
1.0,1.0,0.67,0.0,3.0,0.0,4.0,0.67,0,KC1
1.0,4.0,0.67,0.0,3.0,0.0,4.0,0.67,0,KC1
1.0,1.0,0.67,0.0,3.0,0.0,4.0,0.67,0,KC1
1.0,1.0,0.67,0.0,3.0,0.0,4.0,0.67,0,KC1
1.0,1.0,0.67,0.0,3.0,0.0,4.0,0.67,0,KC1
1.0,4.0,0.67,0.0,3.0,0.0,4.0,0.67,0,KC1
1.0,1.0,0.67,0.0,3.0,0.0,4.0,0.67,0,KC1
1.0,4.0,0.67,0.0,3.0,0.0,4.0,0.67,0,KC1
1.0,4.0,0.67,0.0,3.0,0.0,4.0,0.67,0,KC1
1.0,4.0,0.67,0.0,3.0,0.0,4.0,0.67,0,KC1
1.0,4.0,0.67,0.0,3.0,0.0,4.0,0.67,0,KC1
1.0,4.0,0.67,0.0,3.0,0.0,4.0,0.67,0,KC1
1.0,1.0,0.67,0.0,3.0,0.0,4.0,0.67,0,KC1
1.0,4.0,0.67,0.0,3.0,0.0,4.0,0.67,0,KC1
1.0,4.0,0.67,0.0,3.0,0.0,4.0,0.67,0,KC1
1.0,4.0,0.67,0.0,3.0,0.0,4.0,0.67,0,KC1
2.0,16.0,0.16,0.0,8.0,0.03,25.0,32.89,0,KC1
2.0,16.0,0.16,0.0,8.0,0.03,25.0,32.89,0,KC1
2.0,18.0,0.15,0.0,8.0,0.04,29.0,40.89,0,KC1
1.0,7.0,0.5,0.0,4.0,0.01,8.0,2.5,0,KC1
1.0,8.0,0.5,0.0,4.0,0.01,9.0,3.0,0,KC1
2.0,14.0,0.14,0.0,8.0,0.04,29.0,44.98,0,KC1
2.0,16.0,0.16,0.0,8.0,0.03,25.0,32.89,0,KC1
2.0,16.0,0.16,0.0,8.0,0.03,25.0,32.89,0,KC1
2.0,17.0,0.17,0.0,8.0,0.03,24.0,30.46,0,KC1
2.0,17.0,0.16,0.0,8.0,0.03,25.0,32.89,0,KC1
2.0,17.0,0.16,0.0,8.0,0.03,25.0,32.89,0,KC1
1.0,7.0,0.5,0.0,4.0,0.01,8.0,2.5,0,KC1
2.0,17.0,0.17,0.0,8.0,0.03,24.0,30.46,0,KC1
1.0,9.0,0.27,0.0,6.0,0.02,14.0,9.69,0,KC1
2.0,14.0,0.17,0.0,8.0,0.02,19.0,22.7,0,KC1
2.0,16.0,0.16,0.0,8.0,0.03,25.0,32.89,0,KC1
2.0,17.0,0.16,0.0,8.0,0.03,25.0,32.89,0,KC1
2.0,17.0,0.17,0.0,8.0,0.03,24.0,30.46,0,KC1
2.0,17.0,0.19,0.0,8.0,0.03,20.0,22.56,0,KC1
2.0,17.0,0.16,0.0,8.0,0.03,25.0,32.89,0,KC1
2.0,17.0,0.19,0.0,8.0,0.03,20.0,22.56,0,KC1
2.0,16.0,0.16,0.0,8.0,0.03,25.0,32.89,0,KC1
2.0,17.0,0.16,0.0,8.0,0.03,25.0,32.89,0,KC1
2.0,17.0,0.16,0.0,8.0,0.03,25.0,32.89,1,KC1
2.0,17.0,0.16,0.0,8.0,0.03,25.0,32.89,0,KC1
9.0,49.0,0.05,0.0,15.0,0.21,130.0,654.11,0,KC1
2.0,13.0,0.16,0.0,8.0,0.04,32.0,45.21,0,KC1
3.0,44.0,0.06,0.0,12.0,0.2,127.0,536.77,1,KC1
1.0,14.0,0.33,0.0,6.0,0.03,21.0,14.0,0,KC1
1.0,4.0,0.4,0.0,5.0,0.01,7.0,2.73,0,KC1
1.0,2.0,0.5,0.0,4.0,0.0,5.0,1.29,0,KC1
1.0,2.0,0.5,0.0,4.0,0.0,5.0,1.29,0,KC1
1.0,2.0,0.67,0.0,3.0,0.0,5.0,0.97,0,KC1
1.0,6.0,0.22,0.0,3.0,0.01,10.0,5.0,0,KC1
1.0,2.0,0.67,0.0,3.0,0.0,4.0,0.67,0,KC1
1.0,2.0,0.67,0.0,3.0,0.0,4.0,0.67,0,KC1
1.0,2.0,0.67,0.0,3.0,0.0,5.0,0.97,0,KC1
1.0,2.0,0.67,0.0,3.0,0.0,5.0,0.97,0,KC1
15.0,84.0,0.04,0.0,21.0,0.45,230.0,1890.52,1,KC1
16.0,95.0,0.04,1.0,22.0,0.5,254.0,2313.26,1,KC1
14.0,132.0,0.03,0.0,21.0,0.68,331.0,3236.41,1,KC1
3.0,56.0,0.07,0.0,12.0,0.26,150.0,602.13,1,KC1
3.0,58.0,0.05,0.0,15.0,0.34,191.0,1185.9,1,KC1
4.0,28.0,0.08,0.0,12.0,0.09,60.0,192.9,0,KC1
4.0,28.0,0.08,0.0,12.0,0.09,60.0,192.9,0,KC1
3.0,23.0,0.1,0.0,11.0,0.08,55.0,132.87,0,KC1
7.0,78.0,0.06,0.0,14.0,0.4,213.0,1170.16,1,KC1
1.0,4.0,0.67,0.0,3.0,0.01,7.0,1.51,0,KC1
1.0,4.0,0.67,0.0,3.0,0.01,7.0,1.51,0,KC1
1.0,4.0,0.0,0.0,2.0,0.0,2.0,0.0,0,KC1
2.0,35.0,0.1,0.0,10.0,0.24,141.0,400.52,0,KC1
1.0,4.0,0.67,0.0,3.0,0.0,4.0,0.67,0,KC1
1.0,4.0,0.67,0.0,3.0,0.01,7.0,1.51,0,KC1
1.0,4.0,0.67,0.0,3.0,0.01,7.0,1.51,0,KC1
1.0,4.0,0.29,0.0,7.0,0.01,9.0,5.55,0,KC1
3.0,47.0,0.09,0.0,13.0,0.16,94.0,312.49,0,KC1
1.0,4.0,0.4,0.0,5.0,0.01,8.0,3.33,0,KC1
5.0,41.0,0.09,0.0,12.0,0.16,99.0,292.56,0,KC1
5.0,41.0,0.08,0.0,13.0,0.23,132.0,460.72,0,KC1
5.0,53.0,0.08,0.0,15.0,0.33,174.0,654.69,0,KC1
4.0,15.0,0.06,0.0,14.0,0.07,49.0,201.82,0,KC1
2.0,14.0,0.09,0.0,11.0,0.06,42.0,109.03,0,KC1
9.0,82.0,0.06,0.0,16.0,0.36,191.0,938.81,0,KC1
5.0,41.0,0.09,0.0,13.0,0.17,100.0,309.67,0,KC1
6.0,60.0,0.06,0.0,13.0,0.27,156.0,745.0,0,KC1
1.0,12.0,0.21,0.0,8.0,0.02,19.0,18.75,0,KC1
3.0,11.0,0.16,0.0,7.0,0.03,26.0,32.61,0,KC1
7.0,68.0,0.06,0.0,18.0,0.32,165.0,864.1,0,KC1
8.0,75.0,0.03,0.0,17.0,0.45,250.0,2192.83,1,KC1
9.0,96.0,0.04,0.0,15.0,0.52,274.0,1924.82,1,KC1
1.0,12.0,0.3,0.0,5.0,0.03,22.0,14.09,1,KC1
1.0,11.0,0.3,0.0,5.0,0.03,22.0,14.09,0,KC1
1.0,11.0,0.3,0.0,5.0,0.03,22.0,14.09,1,KC1
11.0,60.0,0.05,0.0,15.0,0.27,155.0,811.6,0,KC1
4.0,24.0,0.12,0.0,8.0,0.1,68.0,139.59,0,KC1
13.0,51.0,0.05,0.0,17.0,0.24,138.0,797.94,0,KC1
2.0,12.0,0.16,0.0,8.0,0.04,32.0,45.21,0,KC1
1.0,13.0,0.33,0.0,6.0,0.02,19.0,12.37,0,KC1
1.0,4.0,0.4,0.0,5.0,0.01,7.0,2.73,0,KC1
2.0,16.0,0.18,0.0,8.0,0.04,32.0,41.51,0,KC1
1.0,4.0,0.4,0.0,5.0,0.01,7.0,2.73,0,KC1
2.0,12.0,0.16,0.0,8.0,0.04,32.0,45.21,0,KC1
13.0,51.0,0.05,0.0,17.0,0.24,138.0,797.94,0,KC1
1.0,13.0,0.33,0.0,6.0,0.02,19.0,12.37,0,KC1
1.0,4.0,0.4,0.0,5.0,0.01,7.0,2.73,0,KC1
3.0,24.0,0.23,0.0,7.0,0.07,49.0,53.87,0,KC1
18.0,54.0,0.07,0.0,12.0,0.26,150.0,583.46,0,KC1
2.0,13.0,0.15,0.0,10.0,0.04,29.0,46.19,0,KC1
1.0,7.0,0.33,0.0,6.0,0.02,14.0,8.36,0,KC1
1.0,8.0,0.33,0.0,6.0,0.02,14.0,8.36,0,KC1
4.0,25.0,0.09,0.0,11.0,0.12,77.0,235.93,0,KC1
1.0,7.0,0.33,0.0,6.0,0.02,14.0,8.36,0,KC1
7.0,53.0,0.05,0.0,16.0,0.32,181.0,1159.49,0,KC1
12.0,64.0,0.05,0.0,15.0,0.3,171.0,944.81,0,KC1
1.0,18.0,0.18,0.0,7.0,0.06,40.0,50.12,0,KC1
4.0,61.0,0.05,0.0,15.0,0.4,217.0,1271.26,1,KC1
1.0,5.0,0.33,0.0,6.0,0.01,9.0,4.75,0,KC1
1.0,8.0,0.33,0.0,6.0,0.02,14.0,8.36,1,KC1
2.0,13.0,0.16,0.0,8.0,0.04,32.0,45.21,0,KC1
18.0,68.0,0.06,0.0,16.0,0.36,192.0,917.4,1,KC1
1.0,15.0,0.33,0.0,6.0,0.03,21.0,14.0,0,KC1
1.0,4.0,0.4,0.0,5.0,0.01,7.0,2.73,0,KC1
2.0,23.0,0.15,0.0,10.0,0.07,44.0,72.3,0,KC1
1.0,4.0,0.67,0.0,3.0,0.0,5.0,0.97,0,KC1
1.0,4.0,0.67,0.0,3.0,0.0,5.0,0.97,0,KC1
6.0,48.0,0.06,0.0,14.0,0.23,133.0,631.66,0,KC1
10.0,69.0,0.04,0.0,16.0,0.35,199.0,1470.92,1,KC1
3.0,24.0,0.15,0.0,7.0,0.1,69.0,113.8,0,KC1
1.0,15.0,0.4,0.0,5.0,0.07,47.0,31.04,0,KC1
5.0,39.0,0.09,0.0,14.0,0.14,86.0,278.7,1,KC1
5.0,39.0,0.09,0.0,14.0,0.14,86.0,278.7,0,KC1
5.0,53.0,0.1,0.0,12.0,0.19,113.0,310.8,1,KC1
5.0,52.0,0.1,0.0,12.0,0.18,107.0,296.92,1,KC1
5.0,55.0,0.1,0.0,11.0,0.2,118.0,339.06,1,KC1
8.0,63.0,0.06,0.0,18.0,0.27,145.0,694.32,0,KC1
2.0,23.0,0.14,0.0,9.0,0.09,58.0,101.94,0,KC1
1.0,17.0,0.17,0.0,9.0,0.06,40.0,58.56,0,KC1
3.0,34.0,0.11,0.0,10.0,0.13,80.0,186.47,0,KC1
2.0,26.0,0.11,0.0,11.0,0.1,63.0,144.77,0,KC1
2.0,22.0,0.14,0.0,9.0,0.08,56.0,99.52,0,KC1
3.0,31.0,0.1,0.0,11.0,0.13,79.0,204.78,0,KC1
2.0,23.0,0.14,0.0,9.0,0.08,56.0,99.52,0,KC1
2.0,24.0,0.12,0.0,11.0,0.09,56.0,117.96,0,KC1
1.0,16.0,0.17,0.0,9.0,0.06,40.0,58.56,0,KC1
2.0,23.0,0.14,0.0,9.0,0.09,58.0,101.94,0,KC1
1.0,16.0,0.17,0.0,9.0,0.06,40.0,58.56,0,KC1
1.0,16.0,0.17,0.0,9.0,0.06,40.0,58.56,0,KC1
1.0,16.0,0.17,0.0,9.0,0.06,40.0,58.56,0,KC1
1.0,23.0,0.15,0.0,9.0,0.1,62.0,106.46,0,KC1
2.0,23.0,0.14,0.0,9.0,0.09,58.0,101.94,0,KC1
1.0,16.0,0.17,0.0,9.0,0.06,40.0,58.56,0,KC1
2.0,23.0,0.14,0.0,9.0,0.08,56.0,99.52,0,KC1
1.0,16.0,0.17,0.0,9.0,0.06,40.0,58.56,0,KC1
1.0,18.0,0.16,0.0,9.0,0.08,54.0,86.2,0,KC1
1.0,18.0,0.16,0.0,9.0,0.08,54.0,86.2,0,KC1
2.0,27.0,0.14,0.0,9.0,0.09,61.0,111.87,0,KC1
1.0,18.0,0.16,0.0,9.0,0.06,42.0,65.34,0,KC1
1.0,18.0,0.16,0.0,9.0,0.08,54.0,86.2,0,KC1
25.0,127.0,0.03,0.0,21.0,0.77,396.0,4903.03,0,KC1
5.0,25.0,0.09,0.0,12.0,0.08,51.0,136.46,0,KC1
4.0,48.0,0.07,0.0,11.0,0.19,121.0,440.26,0,KC1
2.0,30.0,0.08,0.0,10.0,0.11,74.0,229.17,1,KC1
2.0,6.0,0.24,0.0,7.0,0.02,14.0,11.71,0,KC1
2.0,60.0,0.18,0.0,8.0,0.3,156.0,276.49,0,KC1
3.0,27.0,0.14,0.0,11.0,0.13,77.0,155.88,1,KC1
2.0,22.0,0.16,0.0,9.0,0.05,35.0,52.04,0,KC1
2.0,22.0,0.16,0.0,9.0,0.05,35.0,52.04,0,KC1
2.0,20.0,0.17,0.0,9.0,0.04,30.0,41.7,0,KC1
7.0,47.0,0.08,0.0,10.0,0.18,105.0,351.33,1,KC1
7.0,49.0,0.08,0.0,10.0,0.18,110.0,375.28,1,KC1
3.0,21.0,0.09,0.0,11.0,0.08,55.0,155.01,0,KC1
1.0,7.0,0.33,0.0,6.0,0.02,14.0,8.36,1,KC1
6.0,31.0,0.07,0.0,12.0,0.15,95.0,371.07,0,KC1
7.0,52.0,0.05,0.0,15.0,0.31,174.0,1005.88,0,KC1
1.0,6.0,0.33,0.0,6.0,0.01,11.0,6.09,0,KC1
1.0,5.0,0.33,0.0,6.0,0.01,9.0,4.75,0,KC1
1.0,7.0,0.33,0.0,6.0,0.02,14.0,8.36,0,KC1
1.0,18.0,0.19,0.0,7.0,0.06,41.0,50.8,0,KC1
4.0,57.0,0.05,0.0,15.0,0.36,198.0,1117.59,1,KC1
12.0,66.0,0.05,0.0,15.0,0.31,177.0,1047.81,1,KC1
2.0,13.0,0.16,0.0,8.0,0.04,32.0,45.21,0,KC1
13.0,51.0,0.05,0.0,17.0,0.24,138.0,797.94,0,KC1
1.0,15.0,0.33,0.0,6.0,0.03,21.0,14.0,0,KC1
1.0,4.0,0.4,0.0,5.0,0.01,7.0,2.73,0,KC1
2.0,12.0,0.16,0.0,8.0,0.04,32.0,45.21,0,KC1
13.0,51.0,0.05,0.0,17.0,0.24,138.0,797.94,1,KC1
1.0,15.0,0.33,0.0,6.0,0.03,21.0,14.0,0,KC1
1.0,4.0,0.4,0.0,5.0,0.01,7.0,2.73,0,KC1
18.0,140.0,0.04,0.0,20.0,0.77,376.0,3533.74,1,KC1
2.0,13.0,0.16,0.0,8.0,0.04,32.0,45.21,0,KC1
13.0,51.0,0.05,0.0,17.0,0.24,138.0,797.94,0,KC1
1.0,15.0,0.33,0.0,6.0,0.03,21.0,14.0,0,KC1
1.0,4.0,0.4,0.0,5.0,0.01,7.0,2.73,0,KC1
12.0,112.0,0.04,0.0,20.0,0.55,280.0,2369.82,0,KC1
1.0,14.0,0.18,0.0,9.0,0.04,29.0,37.04,1,KC1
4.0,33.0,0.08,0.0,14.0,0.2,114.0,403.03,0,KC1
4.0,33.0,0.09,0.0,13.0,0.18,106.0,335.56,0,KC1
4.0,38.0,0.07,0.0,13.0,0.21,124.0,477.31,0,KC1
3.0,34.0,0.1,0.0,11.0,0.16,99.0,281.24,0,KC1
1.0,9.0,0.22,0.0,7.0,0.03,23.0,21.89,0,KC1
5.0,34.0,0.06,0.0,13.0,0.17,105.0,463.6,0,KC1
2.0,24.0,0.11,0.0,11.0,0.11,70.0,163.31,0,KC1
3.0,29.0,0.11,0.0,11.0,0.1,64.0,153.2,1,KC1
3.0,29.0,0.11,0.0,11.0,0.1,64.0,153.2,0,KC1
2.0,17.0,0.12,0.0,10.0,0.05,36.0,66.67,0,KC1
1.0,3.0,0.0,0.0,1.0,0.0,1.0,0.0,0,KC1
1.0,6.0,0.4,0.0,5.0,0.02,14.0,6.73,1,KC1
1.0,3.0,0.0,0.0,1.0,0.0,1.0,0.0,0,KC1
1.0,3.0,0.0,0.0,1.0,0.0,1.0,0.0,0,KC1
1.0,3.0,0.0,0.0,1.0,0.0,1.0,0.0,0,KC1
1.0,3.0,0.0,0.0,1.0,0.0,1.0,0.0,0,KC1
1.0,12.0,0.19,0.0,7.0,0.05,36.0,41.02,1,KC1
1.0,12.0,0.2,0.0,7.0,0.04,33.0,37.07,0,KC1
7.0,93.0,0.05,0.0,20.0,0.5,247.0,1824.2,1,KC1
1.0,20.0,0.17,0.0,8.0,0.12,76.0,121.12,0,KC1
1.0,5.0,0.33,0.0,6.0,0.01,9.0,4.75,0,KC1
2.0,28.0,0.12,0.0,11.0,0.13,77.0,184.86,0,KC1
1.0,18.0,0.31,0.0,6.0,0.04,31.0,23.64,0,KC1
1.0,10.0,0.34,0.0,5.0,0.02,17.0,9.53,0,KC1
1.0,8.0,0.25,0.0,6.0,0.02,20.0,15.93,0,KC1
1.0,5.0,0.33,0.0,6.0,0.01,9.0,4.75,0,KC1
3.0,32.0,0.11,0.0,12.0,0.21,115.0,323.84,0,KC1
1.0,23.0,0.31,0.0,6.0,0.05,37.0,29.22,0,KC1
1.0,23.0,0.27,0.0,7.0,0.06,38.0,35.51,0,KC1
4.0,31.0,0.11,0.0,12.0,0.14,85.0,221.64,0,KC1
4.0,40.0,0.08,0.0,13.0,0.21,122.0,455.53,0,KC1
1.0,5.0,0.33,0.0,6.0,0.01,9.0,4.75,0,KC1
1.0,16.0,0.17,0.0,8.0,0.1,62.0,94.09,0,KC1
5.0,28.0,0.07,0.0,18.0,0.17,93.0,411.6,0,KC1
1.0,14.0,0.31,0.0,6.0,0.04,27.0,20.07,0,KC1
4.0,30.0,0.1,0.0,12.0,0.12,74.0,190.32,0,KC1
3.0,24.0,0.14,0.0,11.0,0.08,50.0,91.22,0,KC1
1.0,9.0,0.5,0.0,4.0,0.01,9.0,3.17,0,KC1
1.0,3.0,1.0,0.0,2.0,0.0,4.0,0.44,0,KC1
12.0,116.0,0.06,0.0,18.0,0.82,382.0,2467.5,1,KC1
1.0,3.0,1.0,0.0,2.0,0.0,4.0,0.44,0,KC1
1.0,8.0,2.0,0.0,1.0,0.0,4.0,0.22,0,KC1
1.0,8.0,2.0,0.0,1.0,0.0,4.0,0.22,0,KC1
4.0,37.0,0.13,0.0,10.0,0.34,186.0,443.93,0,KC1
1.0,29.0,0.2,0.0,7.0,0.17,99.0,134.75,1,KC1
7.0,38.0,0.06,0.0,12.0,0.19,119.0,519.03,1,KC1
2.0,15.0,0.18,0.0,8.0,0.09,60.0,83.77,0,KC1
16.0,132.0,0.03,0.0,26.0,0.68,322.0,3381.26,1,KC1
1.0,5.0,0.33,0.0,6.0,0.01,9.0,4.75,0,KC1
1.0,8.0,0.25,0.0,6.0,0.02,20.0,15.93,0,KC1
1.0,25.0,0.15,0.0,9.0,0.17,100.0,191.48,0,KC1
1.0,22.0,0.31,0.0,6.0,0.05,35.0,27.33,0,KC1
4.0,32.0,0.11,0.0,12.0,0.14,85.0,221.64,0,KC1
1.0,1.0,0.67,0.0,3.0,0.0,4.0,0.67,0,KC1
2.0,18.0,0.11,0.0,13.0,0.07,43.0,103.56,0,KC1
1.0,1.0,0.67,0.0,3.0,0.0,4.0,0.67,0,KC1
1.0,1.0,0.67,0.0,3.0,0.0,4.0,0.67,0,KC1
1.0,1.0,0.67,0.0,3.0,0.0,4.0,0.67,0,KC1
1.0,1.0,0.67,0.0,3.0,0.0,4.0,0.67,0,KC1
1.0,1.0,0.67,0.0,3.0,0.0,4.0,0.67,0,KC1
1.0,1.0,0.67,0.0,3.0,0.0,4.0,0.67,0,KC1
1.0,1.0,0.67,0.0,3.0,0.0,4.0,0.67,0,KC1
1.0,1.0,0.67,0.0,3.0,0.0,4.0,0.67,0,KC1
3.0,16.0,0.12,0.0,10.0,0.09,59.0,119.76,0,KC1
1.0,4.0,0.67,0.0,3.0,0.0,4.0,0.67,0,KC1
1.0,4.0,0.67,0.0,3.0,0.0,4.0,0.67,0,KC1
1.0,1.0,0.67,0.0,3.0,0.0,4.0,0.67,0,KC1
4.0,19.0,0.06,0.0,13.0,0.07,52.0,208.69,0,KC1
4.0,19.0,0.07,0.0,13.0,0.09,62.0,232.94,0,KC1
1.0,1.0,0.67,0.0,3.0,0.0,4.0,0.67,0,KC1
1.0,1.0,0.67,0.0,3.0,0.0,4.0,0.67,0,KC1
1.0,1.0,0.67,0.0,3.0,0.0,4.0,0.67,0,KC1
1.0,1.0,0.67,0.0,3.0,0.0,4.0,0.67,0,KC1
1.0,1.0,0.67,0.0,3.0,0.0,4.0,0.67,0,KC1
1.0,1.0,0.67,0.0,3.0,0.0,4.0,0.67,0,KC1
1.0,9.0,0.21,0.0,8.0,0.03,20.0,19.74,0,KC1
1.0,1.0,0.67,0.0,3.0,0.0,4.0,0.67,0,KC1
1.0,1.0,0.67,0.0,3.0,0.0,4.0,0.67,0,KC1
1.0,4.0,0.67,0.0,3.0,0.0,4.0,0.67,0,KC1
1.0,1.0,0.67,0.0,3.0,0.0,4.0,0.67,0,KC1
1.0,12.0,0.19,0.0,8.0,0.05,34.0,40.96,0,KC1
1.0,12.0,0.31,0.0,6.0,0.04,27.0,20.07,0,KC1
4.0,26.0,0.08,0.0,15.0,0.14,81.0,274.19,1,KC1
1.0,12.0,0.19,0.0,8.0,0.05,34.0,40.96,0,KC1
1.0,12.0,0.31,0.0,6.0,0.04,27.0,20.07,0,KC1
16.0,112.0,0.03,0.0,20.0,0.66,334.0,3682.78,1,KC1
5.0,56.0,0.08,0.0,13.0,0.33,178.0,724.57,1,KC1
1.0,5.0,0.33,0.0,6.0,0.01,9.0,4.75,0,KC1
1.0,21.0,0.16,0.0,8.0,0.12,76.0,125.85,1,KC1
1.0,20.0,0.31,0.0,6.0,0.05,33.0,25.47,0,KC1
1.0,10.0,0.34,0.0,5.0,0.02,17.0,9.53,0,KC1
6.0,43.0,0.05,0.0,21.0,0.17,95.0,534.42,1,KC1
4.0,28.0,0.09,0.0,11.0,0.09,59.0,171.67,0,KC1
17.0,162.0,0.03,0.0,23.0,0.67,334.0,3977.71,1,KC1
6.0,55.0,0.04,1.0,28.0,0.36,174.0,1500.99,0,KC1
1.0,5.0,0.67,0.0,3.0,0.0,4.0,0.67,0,KC1
1.0,2.0,0.67,0.0,3.0,0.0,4.0,0.67,0,KC1
2.0,12.0,0.15,0.0,11.0,0.04,27.0,43.81,0,KC1
22.0,152.0,0.03,0.0,22.0,1.01,463.0,5003.41,1,KC1
1.0,12.0,0.2,0.0,7.0,0.05,39.0,43.4,0,KC1
1.0,12.0,0.31,0.0,6.0,0.04,27.0,20.07,0,KC1
1.0,15.0,0.18,0.0,8.0,0.07,50.0,67.25,0,KC1
2.0,12.0,0.15,0.0,8.0,0.03,25.0,35.25,0,KC1
1.0,6.0,0.33,0.0,6.0,0.01,13.0,7.5,0,KC1
4.0,25.0,0.12,0.0,11.0,0.12,76.0,179.92,1,KC1
2.0,14.0,0.16,0.0,10.0,0.05,35.0,54.19,0,KC1
4.0,12.0,0.1,0.0,12.0,0.07,44.0,108.57,1,KC1
5.0,23.0,0.07,0.0,15.0,0.12,76.0,300.41,0,KC1
11.0,78.0,0.05,0.0,17.0,0.44,227.0,1420.61,1,KC1
1.0,5.0,0.33,0.0,6.0,0.01,9.0,4.75,0,KC1
1.0,18.0,0.17,0.0,8.0,0.11,69.0,107.44,0,KC1
1.0,11.0,0.17,0.0,8.0,0.03,26.0,33.0,1,KC1
1.0,16.0,0.31,0.0,6.0,0.04,29.0,21.83,0,KC1
1.0,10.0,0.34,0.0,5.0,0.02,17.0,9.53,0,KC1
1.0,8.0,0.23,0.0,7.0,0.02,16.0,13.45,0,KC1
2.0,26.0,0.14,0.0,9.0,0.11,68.0,126.91,1,KC1
1.0,5.0,0.33,0.0,6.0,0.01,9.0,4.75,0,KC1
1.0,16.0,0.17,0.0,8.0,0.1,62.0,94.09,0,KC1
1.0,14.0,0.31,0.0,6.0,0.04,27.0,20.07,0,KC1
1.0,10.0,0.34,0.0,5.0,0.02,17.0,9.53,0,KC1
4.0,38.0,0.07,0.0,14.0,0.13,80.0,309.81,0,KC1
1.0,18.0,0.18,0.0,8.0,0.1,64.0,92.85,0,KC1
1.0,13.0,0.31,0.0,6.0,0.04,29.0,21.83,0,KC1
1.0,15.0,0.18,0.0,8.0,0.07,48.0,64.56,0,KC1
1.0,16.0,0.31,0.0,6.0,0.04,29.0,21.83,0,KC1
1.0,14.0,0.25,0.0,8.0,0.03,23.0,20.44,0,KC1
5.0,35.0,0.09,0.0,13.0,0.14,83.0,244.51,1,KC1
3.0,14.0,0.16,0.0,7.0,0.03,29.0,36.39,0,KC1
11.0,84.0,0.03,0.0,22.0,0.5,254.0,2412.84,1,KC1
11.0,80.0,0.03,0.0,22.0,0.55,274.0,2612.01,1,KC1
8.0,63.0,0.04,0.0,22.0,0.36,185.0,1445.88,1,KC1
1.0,10.0,0.21,0.0,7.0,0.04,30.0,31.34,0,KC1
1.0,13.0,0.17,0.0,8.0,0.05,35.0,45.92,0,KC1
1.0,11.0,0.2,0.0,7.0,0.03,27.0,28.56,0,KC1
2.0,7.0,0.22,0.0,6.0,0.01,10.0,7.5,0,KC1
3.0,12.0,0.4,0.0,5.0,0.02,15.0,6.92,1,KC1
2.0,10.0,0.08,0.0,11.0,0.03,23.0,62.43,1,KC1
1.0,4.0,0.67,0.0,3.0,0.0,4.0,0.67,0,KC1
1.0,3.0,0.0,0.0,1.0,0.0,1.0,0.0,0,KC1
1.0,4.0,0.5,0.0,4.0,0.01,9.0,3.0,0,KC1
1.0,4.0,0.5,0.0,4.0,0.01,9.0,3.0,0,KC1
1.0,4.0,0.5,0.0,4.0,0.01,7.0,2.18,0,KC1
1.0,4.0,0.5,0.0,4.0,0.01,9.0,3.0,0,KC1
1.0,7.0,0.24,0.0,6.0,0.03,25.0,21.81,0,KC1
1.0,4.0,0.5,0.0,4.0,0.01,9.0,3.0,0,KC1
1.0,8.0,0.24,0.0,6.0,0.03,27.0,23.56,0,KC1
1.0,8.0,0.22,0.0,6.0,0.04,28.0,26.65,0,KC1
2.0,9.0,0.18,0.0,8.0,0.04,31.0,40.22,1,KC1
1.0,8.0,0.22,0.0,6.0,0.04,28.0,26.65,0,KC1
6.0,45.0,0.05,0.0,16.0,0.14,89.0,491.24,0,KC1
2.0,19.0,0.18,0.0,10.0,0.06,41.0,59.94,0,KC1
2.0,7.0,0.29,0.0,7.0,0.01,13.0,8.74,0,KC1
2.0,7.0,0.33,0.0,6.0,0.01,12.0,6.64,0,KC1
2.0,7.0,0.29,0.0,7.0,0.01,13.0,8.74,0,KC1
2.0,7.0,0.33,0.0,6.0,0.01,12.0,6.64,0,KC1
5.0,35.0,0.05,0.0,18.0,0.15,89.0,508.81,1,KC1
2.0,19.0,0.1,0.0,13.0,0.05,37.0,88.03,1,KC1
12.0,73.0,0.05,0.0,24.0,0.25,130.0,811.63,0,KC1
2.0,7.0,0.29,0.0,7.0,0.01,13.0,8.74,0,KC1
1.0,4.0,0.67,0.0,3.0,0.0,5.0,0.97,0,KC1
1.0,9.0,0.4,0.0,5.0,0.03,25.0,12.85,1,KC1
2.0,16.0,0.07,2.0,11.0,0.05,35.0,104.46,1,KC1
3.0,11.0,0.13,0.0,10.0,0.03,24.0,40.0,0,KC1
3.0,9.0,0.1,0.0,10.0,0.03,25.0,52.88,0,KC1
1.0,33.0,0.11,0.0,11.0,0.08,55.0,130.4,1,KC1
9.0,38.0,0.07,0.0,14.0,0.11,68.0,267.94,0,KC1
3.0,19.0,0.13,0.0,8.0,0.04,31.0,52.46,1,KC1
1.0,6.0,0.42,0.0,4.0,0.01,13.0,5.49,0,KC1
1.0,6.0,0.56,0.0,3.0,0.01,13.0,3.9,0,KC1
2.0,20.0,0.16,1.0,7.0,0.02,20.0,26.38,1,KC1
4.0,31.0,0.06,0.0,15.0,0.15,90.0,408.09,0,KC1
1.0,5.0,0.4,1.0,5.0,0.01,10.0,4.17,0,KC1
1.0,5.0,0.27,0.0,5.0,0.01,10.0,5.85,1,KC1
1.0,5.0,0.33,1.0,6.0,0.01,9.0,4.5,0,KC1
1.0,5.0,0.33,0.0,6.0,0.01,9.0,4.5,0,KC1
1.0,5.0,0.33,1.0,6.0,0.01,9.0,4.5,0,KC1
1.0,6.0,0.33,1.0,6.0,0.01,13.0,7.2,0,KC1
1.0,5.0,0.33,1.0,6.0,0.01,9.0,4.5,0,KC1
1.0,5.0,0.33,1.0,6.0,0.01,9.0,4.5,0,KC1
1.0,5.0,0.5,0.0,4.0,0.01,8.0,2.5,0,KC1
1.0,5.0,0.33,1.0,6.0,0.01,9.0,4.5,0,KC1
2.0,15.0,0.19,0.0,9.0,0.04,30.0,38.43,1,KC1
3.0,17.0,0.12,0.0,12.0,0.06,43.0,90.94,0,KC1
26.0,205.0,0.02,7.0,30.0,1.06,491.0,8712.42,1,KC1
4.0,29.0,0.05,0.0,14.0,0.11,69.0,319.88,0,KC1
12.0,72.0,0.04,1.0,21.0,0.42,215.0,1652.6,1,KC1
2.0,15.0,0.13,0.0,10.0,0.03,26.0,43.33,0,KC1
1.0,16.0,0.22,0.0,8.0,0.04,28.0,27.78,1,KC1
1.0,2.0,0.5,0.0,4.0,0.0,5.0,1.29,0,KC1
1.0,2.0,0.67,0.0,3.0,0.0,4.0,0.67,0,KC1
1.0,1.0,0.67,0.0,3.0,0.0,4.0,0.67,0,KC1
1.0,4.0,0.33,0.0,6.0,0.01,7.0,3.28,1,KC1
1.0,4.0,0.33,0.0,6.0,0.01,9.0,4.5,0,KC1
1.0,2.0,0.67,0.0,3.0,0.0,4.0,0.67,0,KC1
1.0,1.0,0.67,0.0,3.0,0.0,4.0,0.67,0,KC1
1.0,1.0,0.67,0.0,3.0,0.0,4.0,0.67,0,KC1
1.0,2.0,0.67,0.0,3.0,0.0,4.0,0.67,0,KC1
1.0,4.0,0.67,0.0,3.0,0.0,4.0,0.67,0,KC1
1.0,2.0,0.67,0.0,3.0,0.0,4.0,0.67,0,KC1
1.0,4.0,0.29,0.0,7.0,0.01,9.0,5.55,0,KC1
2.0,12.0,0.29,0.0,6.0,0.03,24.0,16.92,1,KC1
1.0,5.0,0.4,0.0,5.0,0.01,9.0,3.75,0,KC1
1.0,5.0,0.67,0.0,3.0,0.01,9.0,2.11,0,KC1
7.0,79.0,0.04,0.0,27.0,0.28,146.0,1064.5,0,KC1
1.0,1.0,0.67,0.0,3.0,0.0,4.0,0.67,0,KC1
1.0,4.0,0.4,0.0,5.0,0.01,7.0,2.73,0,KC1
1.0,4.0,0.4,0.0,5.0,0.01,6.0,2.15,0,KC1
1.0,4.0,0.4,0.0,5.0,0.01,7.0,2.73,0,KC1
1.0,4.0,0.4,0.0,5.0,0.01,7.0,2.73,0,KC1
1.0,1.0,0.67,0.0,3.0,0.0,4.0,0.67,0,KC1
1.0,4.0,0.4,0.0,5.0,0.01,7.0,2.73,0,KC1
1.0,4.0,0.4,0.0,5.0,0.01,7.0,2.73,0,KC1
1.0,4.0,0.4,0.0,5.0,0.01,7.0,2.73,0,KC1
1.0,4.0,0.4,0.0,5.0,0.01,7.0,2.73,0,KC1
1.0,6.0,0.24,0.0,5.0,0.01,13.0,9.03,0,KC1
1.0,6.0,0.24,0.0,5.0,0.01,13.0,9.03,0,KC1
2.0,8.0,0.19,0.0,7.0,0.02,20.0,21.59,1,KC1
1.0,6.0,0.24,0.0,5.0,0.01,13.0,9.03,0,KC1
1.0,6.0,0.24,0.0,5.0,0.01,13.0,9.03,0,KC1
2.0,7.0,0.15,0.0,8.0,0.02,16.0,20.5,0,KC1
2.0,12.0,0.29,0.0,7.0,0.02,18.0,12.95,0,KC1
5.0,23.0,0.05,5.0,14.0,0.07,50.0,247.8,0,KC1
2.0,13.0,0.21,0.0,8.0,0.03,22.0,21.72,0,KC1
7.0,41.0,0.08,0.0,14.0,0.12,78.0,259.18,0,KC1
2.0,10.0,0.29,2.0,7.0,0.02,18.0,12.95,0,KC1
2.0,10.0,0.29,2.0,7.0,0.02,18.0,12.95,0,KC1
2.0,10.0,0.33,2.0,6.0,0.02,17.0,10.16,0,KC1
2.0,10.0,0.33,1.0,6.0,0.02,17.0,10.16,0,KC1
1.0,6.0,0.5,0.0,4.0,0.01,6.0,1.72,0,KC1
1.0,4.0,0.5,0.0,4.0,0.0,5.0,1.29,1,KC1
1.0,4.0,0.5,0.0,4.0,0.01,6.0,1.72,0,KC1
2.0,14.0,0.13,0.0,9.0,0.04,31.0,50.46,0,KC1
1.0,4.0,0.67,0.0,3.0,0.0,4.0,0.67,0,KC1
1.0,4.0,0.67,0.0,3.0,0.0,4.0,0.67,0,KC1
1.0,4.0,0.67,0.0,3.0,0.0,5.0,0.97,0,KC1
2.0,7.0,0.22,0.0,6.0,0.01,10.0,7.5,0,KC1
1.0,1.0,0.67,0.0,3.0,0.0,5.0,0.97,0,KC1
2.0,14.0,0.15,0.0,10.0,0.04,29.0,46.19,1,KC1
2.0,8.0,0.23,0.0,7.0,0.02,14.0,11.77,0,KC1
1.0,4.0,0.67,0.0,3.0,0.0,4.0,0.67,0,KC1
4.0,40.0,0.12,0.0,10.0,0.09,61.0,127.63,0,KC1
1.0,1.0,0.0,0.0,1.0,0.0,1.0,0.0,0,KC1
4.0,37.0,0.08,0.0,14.0,0.11,71.0,232.5,0,KC1
1.0,3.0,0.0,0.0,1.0,0.0,1.0,0.0,0,KC1
17.0,143.0,0.04,3.0,17.0,0.68,345.0,3008.45,0,KC1
1.0,6.0,1.0,0.0,2.0,0.01,7.0,1.01,0,KC1
1.0,5.0,2.0,0.0,1.0,0.0,3.0,0.13,0,KC1
3.0,56.0,0.13,0.0,10.0,0.18,101.0,223.96,1,KC1
1.0,3.0,0.0,0.0,1.0,0.0,1.0,0.0,0,KC1
18.0,107.0,0.03,4.0,25.0,0.41,213.0,2133.66,0,KC1
1.0,4.0,0.67,0.0,3.0,0.0,4.0,0.67,0,KC1
1.0,4.0,0.67,0.0,3.0,0.0,4.0,0.67,0,KC1
1.0,4.0,0.67,0.0,3.0,0.0,4.0,0.67,0,KC1
1.0,4.0,0.67,0.0,3.0,0.0,4.0,0.67,0,KC1
1.0,4.0,0.67,0.0,3.0,0.0,4.0,0.67,0,KC1
3.0,53.0,0.11,0.0,12.0,0.15,89.0,230.06,0,KC1
5.0,34.0,0.09,0.0,12.0,0.12,77.0,227.37,0,KC1
1.0,4.0,0.67,0.0,3.0,0.0,4.0,0.67,0,KC1
1.0,4.0,0.67,0.0,3.0,0.0,4.0,0.67,0,KC1
1.0,4.0,0.5,0.0,4.0,0.0,5.0,1.29,0,KC1
1.0,1.0,0.67,0.0,3.0,0.0,4.0,0.67,0,KC1
3.0,39.0,0.07,0.0,12.0,0.16,104.0,395.61,0,KC1
5.0,52.0,0.08,0.0,12.0,0.14,88.0,288.25,0,KC1
4.0,20.0,0.09,0.0,9.0,0.06,44.0,113.14,0,KC1
2.0,30.0,0.11,0.0,11.0,0.08,55.0,126.7,1,KC1
4.0,25.0,0.11,0.0,11.0,0.1,63.0,144.77,0,KC1
4.0,28.0,0.11,0.0,11.0,0.1,63.0,144.77,0,KC1
4.0,28.0,0.11,0.0,11.0,0.1,63.0,144.77,0,KC1
28.0,217.0,0.04,0.0,18.0,1.12,521.0,4332.81,1,KC1
1.0,5.0,0.67,0.0,3.0,0.0,4.0,0.67,0,KC1
1.0,3.0,0.0,0.0,1.0,0.0,1.0,0.0,0,KC1
1.0,3.0,0.0,0.0,1.0,0.0,1.0,0.0,0,KC1
1.0,3.0,0.0,0.0,1.0,0.0,1.0,0.0,0,KC1
1.0,3.0,0.0,0.0,1.0,0.0,1.0,0.0,0,KC1
1.0,1.0,0.0,0.0,1.0,0.0,1.0,0.0,0,KC1
4.0,32.0,0.09,0.0,13.0,0.18,105.0,354.56,0,KC1
2.0,13.0,0.1,0.0,13.0,0.06,40.0,102.35,0,KC1
7.0,73.0,0.07,0.0,13.0,0.31,167.0,703.78,0,KC1
2.0,16.0,0.19,0.0,7.0,0.02,20.0,20.18,0,KC1
1.0,2.0,0.21,0.0,7.0,0.01,12.0,10.33,0,KC1
27.0,150.0,0.02,0.0,30.0,0.93,438.0,7258.83,1,KC1
34.0,283.0,0.02,11.0,23.0,2.64,1106.0,18044.64,0,KC1
3.0,18.0,0.14,3.0,10.0,0.03,26.0,39.5,0,KC1
1.0,4.0,0.0,0.0,1.0,0.0,1.0,0.0,0,KC1
1.0,4.0,0.0,0.0,6.0,0.01,6.0,0.0,0,KC1
2.0,21.0,0.14,0.0,11.0,0.06,41.0,75.56,0,KC1
1.0,1.0,0.0,0.0,0.0,0.0,4.0,0.0,0,KC1
1.0,9.0,2.0,0.0,1.0,0.0,5.0,0.32,0,KC1
1.0,4.0,0.0,0.0,1.0,0.0,1.0,0.0,0,KC1
1.0,3.0,0.0,0.0,1.0,0.0,1.0,0.0,0,KC1
1.0,1.0,0.0,0.0,0.0,0.0,0.0,0.0,0,KC1
1.0,3.0,0.0,0.0,1.0,0.0,1.0,0.0,0,KC1
2.0,10.0,0.14,0.0,9.0,0.05,37.0,62.87,0,KC1
2.0,9.0,0.08,0.0,14.0,0.05,36.0,109.26,0,KC1
1.0,2.0,0.67,0.0,3.0,0.0,5.0,0.97,0,KC1
1.0,2.0,0.67,0.0,3.0,0.0,5.0,0.97,0,KC1
1.0,2.0,0.67,0.0,3.0,0.0,5.0,0.97,0,KC1
1.0,2.0,0.67,0.0,3.0,0.0,4.0,0.67,0,KC1
1.0,2.0,0.4,0.0,5.0,0.01,6.0,2.15,0,KC1
1.0,5.0,0.5,0.0,3.0,0.01,9.0,2.58,0,KC1
1.0,2.0,0.67,0.0,3.0,0.0,4.0,0.67,0,KC1
1.0,5.0,0.0,0.0,1.0,0.0,1.0,0.0,0,KC1
3.0,26.0,0.11,0.0,12.0,0.08,52.0,128.03,0,KC1
3.0,35.0,0.1,0.0,12.0,0.12,75.0,200.03,0,KC1
1.0,1.0,0.0,0.0,1.0,0.0,1.0,0.0,0,KC1
1.0,13.0,0.25,0.0,7.0,0.04,31.0,30.06,0,KC1
17.0,131.0,0.03,5.0,24.0,0.84,399.0,4706.14,0,KC1
1.0,1.0,0.67,0.0,3.0,0.0,5.0,0.97,0,KC1
1.0,2.0,0.67,0.0,3.0,0.0,5.0,0.97,0,KC1
1.0,4.0,0.67,0.0,3.0,0.0,5.0,0.97,0,KC1
1.0,1.0,0.67,0.0,3.0,0.0,5.0,0.97,0,KC1
8.0,52.0,0.04,3.0,18.0,0.48,247.0,1847.08,1,KC1
3.0,33.0,0.07,0.0,13.0,0.15,91.0,368.61,0,KC1
6.0,41.0,0.05,0.0,18.0,0.19,109.0,586.32,1,KC1
6.0,44.0,0.05,0.0,18.0,0.2,114.0,643.13,0,KC1
3.0,30.0,0.08,0.0,12.0,0.12,77.0,249.91,1,KC1
2.0,12.0,0.12,0.0,9.0,0.04,28.0,52.0,0,KC1
2.0,14.0,0.07,0.0,11.0,0.04,32.0,101.69,0,KC1
3.0,36.0,0.1,0.0,12.0,0.12,75.0,200.03,0,KC1
2.0,16.0,0.19,0.0,7.0,0.02,20.0,20.18,0,KC1
8.0,91.0,0.06,0.0,17.0,0.36,186.0,1079.25,0,KC1
1.0,2.0,0.67,0.0,3.0,0.0,5.0,0.97,0,KC1
1.0,2.0,0.67,0.0,3.0,0.0,5.0,0.97,0,KC1
1.0,4.0,0.0,0.0,1.0,0.0,1.0,0.0,1,KC1
1.0,3.0,0.0,0.0,1.0,0.0,1.0,0.0,0,KC1
2.0,9.0,0.17,0.0,6.0,0.01,12.0,12.0,0,KC1
3.0,9.0,0.13,1.0,10.0,0.03,23.0,38.33,0,KC1
3.0,12.0,0.17,0.0,8.0,0.03,25.0,31.73,0,KC1
1.0,15.0,0.29,0.0,7.0,0.03,26.0,19.75,1,KC1
7.0,83.0,0.06,3.0,14.0,0.44,224.0,1206.15,0,KC1
7.0,79.0,0.06,3.0,14.0,0.42,217.0,1134.75,0,KC1
1.0,15.0,0.12,0.0,9.0,0.05,39.0,76.8,1,KC1
19.0,120.0,0.04,3.0,20.0,0.67,318.0,2488.87,0,KC1
20.0,131.0,0.04,6.0,20.0,0.72,340.0,2748.42,0,KC1
3.0,17.0,0.14,0.0,8.0,0.07,49.0,81.73,0,KC1
1.0,9.0,0.29,0.0,4.0,0.04,31.0,20.43,1,KC1
1.0,9.0,0.43,0.0,4.0,0.04,31.0,16.25,0,KC1
1.0,9.0,0.39,0.0,3.0,0.03,25.0,11.86,0,KC1
1.0,3.0,0.0,0.0,1.0,0.0,1.0,0.0,0,KC1
1.0,1.0,0.0,0.0,0.0,0.0,0.0,0.0,0,KC1
2.0,7.0,0.2,0.0,8.0,0.02,15.0,14.94,0,KC1
3.0,14.0,0.1,0.0,14.0,0.07,42.0,108.76,0,KC1
3.0,13.0,0.1,0.0,14.0,0.06,38.0,93.58,0,KC1
1.0,1.0,0.67,0.0,3.0,0.0,4.0,0.67,0,KC1
1.0,2.0,0.67,0.0,3.0,0.0,5.0,0.97,0,KC1
1.0,2.0,0.67,0.0,3.0,0.0,5.0,0.97,0,KC1
1.0,2.0,0.67,0.0,3.0,0.0,5.0,0.97,0,KC1
1.0,1.0,0.67,0.0,3.0,0.0,4.0,0.67,0,KC1
1.0,8.0,0.3,0.0,5.0,0.03,24.0,16.92,0,KC1
1.0,2.0,0.67,0.0,3.0,0.0,4.0,0.67,0,KC1
1.0,1.0,0.67,0.0,3.0,0.0,4.0,0.67,0,KC1
1.0,1.0,0.67,0.0,3.0,0.0,4.0,0.67,0,KC1
1.0,1.0,0.67,0.0,3.0,0.0,4.0,0.67,0,KC1
1.0,1.0,0.67,0.0,3.0,0.0,4.0,0.67,0,KC1
1.0,2.0,0.4,0.0,5.0,0.01,6.0,2.15,0,KC1
2.0,9.0,0.24,0.0,7.0,0.02,15.0,12.55,0,KC1
3.0,16.0,0.14,0.0,9.0,0.04,28.0,46.49,0,KC1
2.0,9.0,0.21,0.0,8.0,0.02,16.0,15.79,0,KC1
4.0,54.0,0.08,0.0,15.0,0.16,92.0,330.3,0,KC1
2.0,6.0,0.2,0.0,10.0,0.03,19.0,21.11,0,KC1
1.0,4.0,0.67,0.0,3.0,0.0,4.0,0.67,0,KC1
1.0,10.0,0.17,0.0,7.0,0.04,35.0,44.42,0,KC1
3.0,14.0,0.12,0.0,10.0,0.04,29.0,53.7,0,KC1
4.0,20.0,0.14,0.0,10.0,0.07,46.0,83.69,0,KC1
1.0,11.0,0.23,3.0,5.0,0.04,35.0,32.9,0,KC1
3.0,12.0,0.09,1.0,11.0,0.05,38.0,96.83,0,KC1
1.0,4.0,0.67,0.0,3.0,0.0,5.0,0.97,0,KC1
3.0,18.0,0.13,0.0,9.0,0.04,30.0,48.84,0,KC1
4.0,20.0,0.12,0.0,10.0,0.05,38.0,71.53,0,KC1
3.0,12.0,0.09,1.0,11.0,0.05,38.0,96.83,0,KC1
4.0,16.0,0.11,0.0,11.0,0.05,37.0,78.04,0,KC1
2.0,6.0,0.2,0.0,10.0,0.03,19.0,21.11,0,KC1
2.0,6.0,0.2,0.0,10.0,0.03,19.0,21.11,0,KC1
1.0,2.0,0.67,0.0,3.0,0.0,5.0,0.97,0,KC1
1.0,2.0,0.67,0.0,3.0,0.0,5.0,0.97,0,KC1
1.0,10.0,0.39,0.0,3.0,0.03,25.0,11.86,0,KC1
1.0,4.0,0.5,0.0,4.0,0.0,5.0,1.29,0,KC1
5.0,61.0,0.06,0.0,16.0,0.27,148.0,726.66,1,KC1
1.0,4.0,1.0,0.0,2.0,0.0,3.0,0.26,0,KC1
1.0,2.0,1.0,0.0,2.0,0.0,3.0,0.26,0,KC1
1.0,1.0,0.67,0.0,3.0,0.01,9.0,2.11,0,KC1
1.0,1.0,0.67,0.0,3.0,0.0,4.0,0.67,0,KC1
1.0,5.0,0.33,0.0,6.0,0.01,8.0,4.0,1,KC1
2.0,10.0,0.17,0.0,8.0,0.02,16.0,19.12,0,KC1
2.0,9.0,0.3,0.0,5.0,0.01,11.0,6.11,0,KC1
1.0,2.0,0.0,0.0,1.0,0.0,1.0,0.0,0,KC1
1.0,2.0,0.0,0.0,1.0,0.0,1.0,0.0,0,KC1
1.0,2.0,0.0,0.0,1.0,0.0,1.0,0.0,0,KC1
1.0,2.0,0.0,0.0,1.0,0.0,1.0,0.0,0,KC1
1.0,15.0,0.0,0.0,0.0,0.0,0.0,0.0,0,KC1
1.0,25.0,0.15,0.0,9.0,0.1,65.0,111.61,1,KC1
2.0,20.0,0.0,0.0,0.0,0.0,0.0,0.0,0,KC1
1.0,41.0,0.0,0.0,0.0,0.0,0.0,0.0,1,KC1
1.0,8.0,2.0,0.0,1.0,0.01,7.0,0.45,0,KC1
1.0,2.0,0.0,0.0,0.0,0.0,0.0,0.0,0,KC1
1.0,2.0,0.0,0.0,0.0,0.0,0.0,0.0,0,KC1
1.0,2.0,0.0,0.0,0.0,0.0,0.0,0.0,0,KC1
15.0,88.0,0.04,0.0,16.0,0.48,255.0,1891.89,0,KC1
4.0,26.0,0.1,0.0,13.0,0.1,63.0,162.26,0,KC1
7.0,27.0,0.1,0.0,12.0,0.16,97.0,258.67,0,KC1
1.0,15.0,0.0,0.0,0.0,0.0,0.0,0.0,0,KC1
2.0,20.0,0.0,0.0,0.0,0.0,0.0,0.0,0,KC1
1.0,15.0,0.0,0.0,0.0,0.0,0.0,0.0,0,KC1
2.0,20.0,0.0,0.0,0.0,0.0,0.0,0.0,0,KC1
9.0,36.0,0.09,0.0,13.0,0.3,165.0,572.64,0,KC1
1.0,45.0,0.0,0.0,0.0,0.0,0.0,0.0,1,KC1
1.0,4.0,0.67,0.0,3.0,0.0,4.0,0.67,0,KC1
1.0,4.0,0.67,0.0,3.0,0.0,4.0,0.67,1,KC1
1.0,3.0,0.0,0.0,1.0,0.0,1.0,0.0,0,KC1
1.0,3.0,0.0,0.0,1.0,0.0,1.0,0.0,0,KC1
6.0,45.0,0.08,0.0,14.0,0.17,100.0,361.37,0,KC1
17.0,116.0,0.04,0.0,20.0,0.52,260.0,2150.13,0,KC1
7.0,44.0,0.1,0.0,15.0,0.14,80.0,236.79,0,KC1
4.0,32.0,0.13,0.0,12.0,0.09,57.0,119.88,0,KC1
2.0,26.0,0.09,0.0,11.0,0.1,67.0,190.89,0,KC1
3.0,23.0,0.07,0.0,12.0,0.11,70.0,249.48,1,KC1
19.0,99.0,0.04,3.0,20.0,0.62,312.0,2765.45,0,KC1
10.0,52.0,0.06,0.0,16.0,0.32,174.0,937.28,0,KC1
6.0,52.0,0.08,0.0,12.0,0.23,132.0,464.43,0,KC1
1.0,5.0,1.0,0.0,2.0,0.0,4.0,0.44,0,KC1
10.0,93.0,0.07,0.0,16.0,0.5,245.0,1223.74,0,KC1
1.0,3.0,1.0,0.0,2.0,0.0,4.0,0.44,1,KC1
2.0,31.0,0.16,0.0,9.0,0.26,147.0,276.88,0,KC1
1.0,4.0,1.0,0.0,2.0,0.0,3.0,0.26,0,KC1
1.0,2.0,1.0,0.0,2.0,0.0,3.0,0.26,0,KC1
1.0,4.0,1.0,0.0,2.0,0.0,4.0,0.44,0,KC1
1.0,14.0,0.24,0.0,7.0,0.04,33.0,31.47,1,KC1
3.0,22.0,0.09,0.0,12.0,0.08,54.0,149.34,0,KC1
1.0,2.0,0.29,0.0,7.0,0.02,16.0,11.51,0,KC1
1.0,2.0,0.4,0.0,5.0,0.01,8.0,3.33,0,KC1
1.0,2.0,0.4,0.0,5.0,0.01,8.0,3.33,0,KC1
1.0,2.0,0.29,0.0,7.0,0.02,18.0,13.33,0,KC1
1.0,2.0,0.4,0.0,5.0,0.01,12.0,5.54,0,KC1
1.0,2.0,0.4,0.0,5.0,0.01,12.0,5.54,0,KC1
1.0,2.0,0.4,0.0,5.0,0.01,12.0,5.54,0,KC1
1.0,2.0,0.29,0.0,7.0,0.02,18.0,13.33,0,KC1
1.0,2.0,0.4,0.0,5.0,0.01,10.0,4.4,0,KC1
1.0,2.0,0.4,0.0,5.0,0.01,10.0,4.4,0,KC1
1.0,2.0,0.4,0.0,5.0,0.01,10.0,4.4,0,KC1
1.0,2.0,0.29,0.0,7.0,0.02,18.0,13.33,0,KC1
1.0,2.0,0.4,0.0,5.0,0.01,12.0,5.54,0,KC1
1.0,2.0,0.29,0.0,7.0,0.02,18.0,13.33,0,KC1
1.0,2.0,0.29,0.0,7.0,0.03,20.0,15.19,0,KC1
1.0,2.0,0.67,0.0,3.0,0.0,4.0,0.67,0,KC1
1.0,2.0,0.67,0.0,3.0,0.0,4.0,0.67,0,KC1
1.0,2.0,0.67,0.0,3.0,0.0,4.0,0.67,0,KC1
1.0,2.0,0.67,0.0,3.0,0.0,4.0,0.67,0,KC1
1.0,2.0,0.67,0.0,3.0,0.0,4.0,0.67,0,KC1
3.0,25.0,0.1,0.0,10.0,0.08,57.0,132.77,0,KC1
2.0,18.0,0.1,0.0,9.0,0.05,39.0,83.57,1,KC1
1.0,2.0,0.67,0.0,3.0,0.0,4.0,0.67,0,KC1
1.0,2.0,0.67,0.0,3.0,0.0,4.0,0.67,0,KC1
1.0,2.0,0.67,0.0,3.0,0.0,4.0,0.67,0,KC1
1.0,2.0,0.67,0.0,3.0,0.0,4.0,0.67,0,KC1
1.0,2.0,0.67,0.0,3.0,0.0,4.0,0.67,0,KC1
1.0,2.0,0.67,0.0,3.0,0.0,4.0,0.67,0,KC1
9.0,66.0,0.06,0.0,14.0,0.32,179.0,926.16,0,KC1
1.0,2.0,0.67,0.0,3.0,0.0,4.0,0.67,0,KC1
1.0,2.0,0.5,0.0,4.0,0.0,5.0,1.29,0,KC1
2.0,2.0,0.5,0.0,4.0,0.01,7.0,2.18,0,KC1
4.0,40.0,0.07,0.0,13.0,0.18,110.0,459.18,1,KC1
1.0,5.0,0.0,0.0,1.0,0.0,1.0,0.0,0,KC1
4.0,28.0,0.09,0.0,11.0,0.09,59.0,171.67,0,KC1
3.0,24.0,0.07,0.0,12.0,0.12,80.0,285.78,1,KC1
1.0,4.0,0.67,0.0,3.0,0.0,4.0,0.67,0,KC1
1.0,4.0,0.67,0.0,3.0,0.0,4.0,0.67,0,KC1
1.0,4.0,0.67,0.0,3.0,0.0,4.0,0.67,0,KC1
10.0,62.0,0.06,0.0,19.0,0.25,134.0,708.94,0,KC1
8.0,44.0,0.06,1.0,21.0,0.2,111.0,615.16,0,KC1
8.0,44.0,0.06,1.0,21.0,0.2,111.0,615.16,0,KC1
6.0,52.0,0.06,0.0,13.0,0.22,133.0,605.68,1,KC1
1.0,3.0,0.67,0.0,3.0,0.0,5.0,0.97,0,KC1
2.0,19.0,0.16,0.0,8.0,0.06,45.0,66.72,0,KC1
1.0,3.0,0.67,0.0,3.0,0.0,5.0,0.97,0,KC1
1.0,15.0,0.17,0.0,9.0,0.04,32.0,44.48,0,KC1
2.0,24.0,0.15,0.0,8.0,0.07,50.0,77.24,0,KC1
3.0,21.0,0.21,0.0,7.0,0.14,84.0,110.79,0,KC1
1.0,11.0,0.25,0.0,8.0,0.02,14.0,11.51,1,KC1
1.0,12.0,0.25,0.0,7.0,0.03,21.0,17.95,0,KC1
6.0,23.0,0.05,0.0,19.0,0.12,70.0,381.31,1,KC1
1.0,4.0,0.67,0.0,3.0,0.0,4.0,0.67,1,KC1
13.0,82.0,0.03,0.0,22.0,0.37,196.0,1843.52,1,KC1
1.0,16.0,0.16,0.0,6.0,0.06,43.0,61.25,1,KC1
5.0,42.0,0.04,0.0,19.0,0.21,120.0,817.43,0,KC1
3.0,5.0,0.1,0.0,13.0,0.03,24.0,57.82,0,KC1
8.0,38.0,0.04,0.0,27.0,0.37,191.0,1764.38,1,KC1
1.0,2.0,0.29,0.0,7.0,0.02,16.0,11.51,0,KC1
15.0,113.0,0.03,0.0,25.0,1.16,527.0,6458.83,1,KC1
11.0,45.0,0.03,0.0,20.0,0.58,306.0,3639.5,0,KC1
1.0,2.0,0.4,0.0,5.0,0.01,8.0,3.33,0,KC1
3.0,9.0,0.12,0.0,10.0,0.04,27.0,50.0,0,KC1
1.0,2.0,0.4,0.0,5.0,0.01,8.0,3.33,0,KC1
3.0,25.0,0.11,0.0,11.0,0.07,48.0,105.05,1,KC1
1.0,2.0,0.29,0.0,7.0,0.02,18.0,13.33,0,KC1
1.0,8.0,0.26,0.0,7.0,0.04,26.0,22.73,1,KC1
5.0,40.0,0.05,0.0,18.0,0.22,125.0,744.25,1,KC1
6.0,38.0,0.05,0.0,16.0,0.3,167.0,1033.89,1,KC1
9.0,75.0,0.03,0.0,25.0,0.58,284.0,2953.07,1,KC1
13.0,47.0,0.03,0.0,22.0,0.43,231.0,2674.72,1,KC1
1.0,8.0,0.2,0.0,8.0,0.02,17.0,16.93,1,KC1
17.0,98.0,0.03,0.0,23.0,0.63,307.0,3255.76,1,KC1
1.0,4.0,0.67,0.0,3.0,0.0,5.0,0.97,1,KC1
3.0,15.0,0.1,0.0,14.0,0.07,43.0,110.09,1,KC1
1.0,12.0,0.16,0.0,10.0,0.06,41.0,67.14,1,KC1
1.0,11.0,0.16,0.0,10.0,0.06,41.0,67.14,1,KC1
1.0,2.0,0.4,0.0,5.0,0.01,12.0,5.54,0,KC1
1.0,2.0,0.4,0.0,5.0,0.01,12.0,5.54,0,KC1
8.0,15.0,0.06,0.0,17.0,0.13,76.0,362.08,1,KC1
5.0,38.0,0.07,0.0,18.0,0.1,61.0,256.42,1,KC1
3.0,20.0,0.07,0.0,16.0,0.13,75.0,296.73,0,KC1
13.0,56.0,0.04,0.0,19.0,0.43,226.0,1843.56,1,KC1
2.0,20.0,0.15,0.0,10.0,0.04,31.0,48.38,1,KC1
12.0,48.0,0.04,0.0,20.0,0.33,177.0,1462.33,1,KC1
15.0,70.0,0.02,0.0,21.0,0.55,293.0,3813.41,1,KC1
1.0,2.0,0.4,0.0,5.0,0.01,12.0,5.54,0,KC1
5.0,23.0,0.04,0.0,24.0,0.21,116.0,802.17,1,KC1
10.0,73.0,0.02,0.0,25.0,0.47,247.0,3165.6,1,KC1
8.0,27.0,0.05,0.0,18.0,0.23,128.0,777.91,1,KC1
3.0,20.0,0.07,0.0,16.0,0.08,52.0,206.4,0,KC1
5.0,13.0,0.05,0.0,13.0,0.05,36.0,151.79,0,KC1
2.0,9.0,0.08,0.0,13.0,0.06,41.0,121.93,1,KC1
25.0,145.0,0.02,0.0,28.0,0.94,441.0,6877.97,1,KC1
3.0,15.0,0.11,0.0,8.0,0.04,28.0,55.28,0,KC1
1.0,10.0,0.23,0.0,7.0,0.03,26.0,24.72,1,KC1
1.0,13.0,0.13,0.0,11.0,0.07,46.0,88.58,1,KC1
8.0,23.0,0.07,0.0,13.0,0.18,109.0,445.4,1,KC1
11.0,28.0,0.07,0.0,12.0,0.2,121.0,455.36,0,KC1
4.0,11.0,0.1,0.0,11.0,0.05,38.0,89.21,1,KC1
1.0,2.0,0.29,0.0,7.0,0.02,18.0,13.33,0,KC1
2.0,9.0,0.13,0.0,10.0,0.06,42.0,79.19,1,KC1
1.0,6.0,0.16,0.0,8.0,0.04,27.0,36.84,0,KC1
1.0,2.0,0.4,0.0,5.0,0.01,10.0,4.4,0,KC1
3.0,11.0,0.14,0.0,11.0,0.07,43.0,78.23,1,KC1
1.0,2.0,0.4,0.0,5.0,0.01,10.0,4.4,0,KC1
1.0,2.0,0.4,0.0,5.0,0.01,10.0,4.4,0,KC1
8.0,49.0,0.06,0.0,19.0,0.36,185.0,1076.95,1,KC1
11.0,53.0,0.02,0.0,27.0,0.71,354.0,5266.99,1,KC1
1.0,2.0,0.29,0.0,7.0,0.02,18.0,13.33,0,KC1
5.0,21.0,0.05,0.0,21.0,0.14,81.0,488.56,1,KC1
4.0,16.0,0.11,0.0,11.0,0.14,86.0,212.72,1,KC1
13.0,76.0,0.05,0.0,19.0,0.44,223.0,1555.69,0,KC1
11.0,69.0,0.05,0.0,19.0,0.4,206.0,1430.14,0,KC1
1.0,2.0,0.4,0.0,5.0,0.01,12.0,5.54,0,KC1
5.0,22.0,0.04,0.0,25.0,0.23,123.0,943.61,1,KC1
5.0,24.0,0.04,0.0,26.0,0.24,129.0,1000.72,1,KC1
6.0,27.0,0.05,0.0,16.0,0.23,131.0,722.99,1,KC1
4.0,34.0,0.06,0.0,11.0,0.1,69.0,263.24,1,KC1
5.0,27.0,0.05,0.0,12.0,0.14,93.0,484.13,1,KC1
9.0,39.0,0.03,0.0,29.0,0.41,208.0,2422.21,1,KC1
18.0,109.0,0.02,0.0,28.0,0.85,399.0,5986.67,1,KC1
1.0,2.0,0.29,0.0,7.0,0.02,18.0,13.33,0,KC1
3.0,16.0,0.14,0.0,9.0,0.09,58.0,107.25,1,KC1
4.0,19.0,0.08,0.0,13.0,0.14,86.0,290.62,1,KC1
1.0,12.0,0.12,0.0,11.0,0.06,41.0,86.34,1,KC1
16.0,66.0,0.04,0.0,23.0,0.54,259.0,2236.31,1,KC1
2.0,12.0,0.14,0.0,8.0,0.03,22.0,32.56,1,KC1
27.0,153.0,0.02,0.0,31.0,1.1,497.0,8845.33,1,KC1
5.0,19.0,0.07,0.0,15.0,0.14,84.0,333.49,1,KC1
5.0,24.0,0.06,0.0,19.0,0.11,63.0,281.93,1,KC1
1.0,2.0,0.29,0.0,7.0,0.03,20.0,15.19,0,KC1
3.0,9.0,0.07,0.0,12.0,0.07,50.0,162.07,1,KC1
8.0,50.0,0.03,0.0,31.0,0.49,240.0,2861.24,1,KC1
1.0,39.0,0.06,0.0,16.0,0.24,135.0,681.48,0,KC1
1.0,2.0,0.67,0.0,3.0,0.0,4.0,0.67,0,KC1
2.0,2.0,0.5,0.0,4.0,0.01,7.0,2.18,0,KC1
7.0,46.0,0.06,0.0,15.0,0.16,97.0,412.98,0,KC1
4.0,29.0,0.1,0.0,14.0,0.12,69.0,192.35,1,KC1
1.0,5.0,0.0,0.0,1.0,0.0,1.0,0.0,0,KC1
6.0,36.0,0.04,0.0,17.0,0.27,151.0,1002.81,0,KC1
1.0,6.0,0.67,0.0,3.0,0.01,9.0,2.11,0,KC1
1.0,3.0,0.67,0.0,3.0,0.0,5.0,0.97,0,KC1
1.0,3.0,0.67,0.0,3.0,0.0,5.0,0.97,0,KC1
2.0,8.0,0.14,0.0,11.0,0.03,21.0,34.97,0,KC1
17.0,60.0,0.03,0.0,22.0,0.63,319.0,4091.04,0,KC1
20.0,70.0,0.02,0.0,22.0,0.84,418.0,5825.12,0,KC1
25.0,93.0,0.02,0.0,24.0,1.09,532.0,9801.61,0,KC1
13.0,44.0,0.02,0.0,23.0,0.33,187.0,2730.3,0,KC1
1.0,3.0,0.0,0.0,1.0,0.0,1.0,0.0,0,KC1
1.0,2.0,0.0,0.0,1.0,0.0,1.0,0.0,0,KC1
1.0,3.0,0.0,0.0,1.0,0.0,1.0,0.0,0,KC1
1.0,2.0,0.0,0.0,1.0,0.0,1.0,0.0,0,KC1
1.0,3.0,0.0,0.0,0.0,0.0,0.0,0.0,0,KC1
27.0,286.0,0.04,3.0,17.0,0.98,481.0,4491.81,1,KC1
1.0,31.0,0.0,0.0,0.0,0.0,0.0,0.0,0,KC1
1.0,6.0,0.0,0.0,0.0,0.0,0.0,0.0,0,KC1
1.0,34.0,0.0,0.0,0.0,0.0,0.0,0.0,0,KC1
2.0,21.0,0.0,0.0,0.0,0.0,0.0,0.0,0,KC1
3.0,45.0,0.0,0.0,0.0,0.0,0.0,0.0,0,KC1
1.0,6.0,0.0,0.0,0.0,0.0,0.0,0.0,0,KC1
2.0,27.0,0.0,0.0,0.0,0.0,0.0,0.0,0,KC1
10.0,48.0,0.07,0.0,14.0,0.32,172.0,715.84,0,KC1
1.0,6.0,0.0,0.0,0.0,0.0,0.0,0.0,0,KC1
3.0,27.0,0.1,0.0,13.0,0.09,58.0,147.67,0,KC1
1.0,27.0,0.0,0.0,0.0,0.0,0.0,0.0,0,KC1
1.0,37.0,0.0,0.0,0.0,0.0,0.0,0.0,0,KC1
1.0,6.0,0.0,0.0,0.0,0.0,0.0,0.0,0,KC1
2.0,26.0,0.17,0.0,9.0,0.07,47.0,71.62,0,KC1
2.0,15.0,0.15,0.0,8.0,0.03,25.0,35.25,0,KC1
1.0,6.0,2.0,0.0,1.0,0.0,3.0,0.13,0,KC1
1.0,4.0,1.0,0.0,2.0,0.0,3.0,0.26,0,KC1
1.0,9.0,1.6,0.0,1.0,0.01,8.0,0.64,0,KC1
1.0,4.0,1.0,0.0,2.0,0.0,3.0,0.26,0,KC1
1.0,5.0,2.0,0.0,1.0,0.0,2.0,0.06,0,KC1
1.0,2.0,0.0,0.0,0.0,0.0,0.0,0.0,0,KC1
1.0,4.0,1.0,0.0,2.0,0.0,3.0,0.26,0,KC1
1.0,3.0,0.0,0.0,0.0,0.0,0.0,0.0,0,KC1
1.0,3.0,0.0,0.0,0.0,0.0,1.0,0.0,0,KC1
18.0,131.0,0.04,0.0,16.0,0.72,363.0,2975.07,0,KC1
1.0,15.0,0.0,0.0,0.0,0.0,0.0,0.0,0,KC1
2.0,20.0,0.0,0.0,0.0,0.0,0.0,0.0,0,KC1
2.0,15.0,0.15,0.0,8.0,0.03,25.0,35.25,0,KC1
2.0,20.0,0.0,0.0,0.0,0.0,0.0,0.0,0,KC1
1.0,15.0,0.0,0.0,0.0,0.0,0.0,0.0,0,KC1
2.0,15.0,0.15,0.0,8.0,0.03,25.0,35.25,0,KC1
2.0,17.0,0.0,0.0,0.0,0.0,0.0,0.0,0,KC1
1.0,9.0,0.0,0.0,0.0,0.0,0.0,0.0,0,KC1
1.0,1.0,0.67,0.0,3.0,0.0,4.0,0.67,0,KC1
1.0,15.0,0.0,0.0,0.0,0.0,0.0,0.0,0,KC1
1.0,15.0,0.0,0.0,0.0,0.0,0.0,0.0,0,KC1
2.0,19.0,0.0,0.0,0.0,0.0,0.0,0.0,0,KC1
1.0,1.0,0.67,0.0,3.0,0.0,4.0,0.67,0,KC1
1.0,15.0,0.0,0.0,0.0,0.0,0.0,0.0,0,KC1
1.0,2.0,0.4,0.0,5.0,0.01,6.0,2.15,0,KC1
3.0,38.0,0.0,0.0,0.0,0.0,0.0,0.0,0,KC1
5.0,44.0,0.1,0.0,13.0,0.16,95.0,271.94,0,KC1
1.0,4.0,0.67,0.0,3.0,0.0,4.0,0.67,0,KC1
1.0,4.0,0.67,0.0,3.0,0.0,4.0,0.67,0,KC1
1.0,4.0,0.67,0.0,3.0,0.0,4.0,0.67,0,KC1
1.0,4.0,0.67,0.0,3.0,0.0,4.0,0.67,0,KC1
1.0,27.0,0.0,0.0,0.0,0.0,0.0,0.0,0,KC1
1.0,6.0,0.0,0.0,0.0,0.0,0.0,0.0,0,KC1
2.0,29.0,0.13,0.0,10.0,0.1,65.0,134.16,0,KC1
1.0,38.0,0.0,0.0,0.0,0.0,0.0,0.0,0,KC1
2.0,23.0,0.12,0.0,9.0,0.11,68.0,143.09,0,KC1
2.0,15.0,0.15,0.0,8.0,0.03,25.0,35.25,0,KC1
2.0,27.0,0.13,0.0,9.0,0.12,74.0,151.5,0,KC1
1.0,26.0,0.0,0.0,0.0,0.0,0.0,0.0,0,KC1
1.0,24.0,0.0,0.0,0.0,0.0,0.0,0.0,0,KC1
1.0,6.0,0.0,0.0,0.0,0.0,0.0,0.0,0,KC1
2.0,23.0,0.17,0.0,9.0,0.07,46.0,67.35,0,KC1
2.0,21.0,0.13,0.0,9.0,0.09,57.0,110.5,0,KC1
2.0,15.0,0.15,0.0,8.0,0.03,25.0,35.25,0,KC1
2.0,26.0,0.13,0.0,9.0,0.12,74.0,151.5,0,KC1
1.0,13.0,0.0,0.0,0.0,0.0,0.0,0.0,0,KC1
2.0,15.0,0.15,0.0,8.0,0.03,25.0,35.25,0,KC1
1.0,4.0,0.67,0.0,3.0,0.0,5.0,0.97,0,KC1
1.0,4.0,0.67,0.0,3.0,0.0,5.0,0.97,0,KC1
1.0,10.0,0.5,2.0,4.0,0.01,12.0,4.0,0,KC1
1.0,3.0,0.0,0.0,1.0,0.0,1.0,0.0,0,KC1
1.0,4.0,0.5,0.0,4.0,0.01,6.0,1.72,0,KC1
1.0,3.0,0.0,0.0,1.0,0.0,1.0,0.0,0,KC1
3.0,7.0,0.18,0.0,7.0,0.03,22.0,24.54,0,KC1
1.0,3.0,0.0,0.0,1.0,0.0,1.0,0.0,0,KC1
1.0,4.0,0.5,0.0,4.0,0.01,6.0,1.72,0,KC1
1.0,3.0,0.0,0.0,1.0,0.0,1.0,0.0,0,KC1
3.0,7.0,0.18,0.0,7.0,0.03,22.0,24.54,0,KC1
1.0,3.0,0.0,0.0,1.0,0.0,1.0,0.0,0,KC1
1.0,3.0,0.0,0.0,1.0,0.0,1.0,0.0,0,KC1
11.0,59.0,0.07,1.0,15.0,0.24,138.0,590.39,0,KC1
6.0,66.0,0.06,0.0,13.0,0.26,153.0,695.47,0,KC1
1.0,26.0,0.13,0.0,8.0,0.08,56.0,109.32,0,KC1
3.0,17.0,0.13,0.0,10.0,0.04,29.0,48.33,0,KC1
9.0,34.0,0.06,0.0,15.0,0.13,83.0,370.88,0,KC1
3.0,25.0,0.09,0.0,14.0,0.11,68.0,199.77,0,KC1
1.0,12.0,0.24,0.0,7.0,0.02,17.0,14.27,0,KC1
7.0,63.0,0.06,1.0,18.0,0.26,144.0,766.36,0,KC1
2.0,17.0,0.13,0.0,10.0,0.05,35.0,60.81,0,KC1
3.0,26.0,0.09,0.0,14.0,0.11,68.0,199.77,1,KC1
7.0,61.0,0.06,1.0,18.0,0.26,144.0,766.36,0,KC1
2.0,16.0,0.13,0.0,9.0,0.04,32.0,52.09,0,KC1
2.0,19.0,0.14,0.0,10.0,0.06,41.0,68.91,0,KC1
1.0,11.0,0.27,0.0,6.0,0.02,15.0,10.38,0,KC1
2.0,19.0,0.15,0.0,10.0,0.05,37.0,57.75,0,KC1
2.0,19.0,0.14,0.0,10.0,0.06,41.0,68.91,0,KC1
2.0,18.0,0.14,0.0,10.0,0.06,39.0,66.47,0,KC1
4.0,39.0,0.07,1.0,14.0,0.17,101.0,417.12,0,KC1
10.0,60.0,0.07,0.0,14.0,0.24,137.0,555.1,0,KC1
3.0,17.0,0.13,0.0,10.0,0.04,29.0,48.33,0,KC1
2.0,13.0,0.12,0.0,9.0,0.03,26.0,44.55,0,KC1
2.0,13.0,0.12,0.0,9.0,0.03,26.0,44.55,0,KC1
6.0,23.0,0.06,0.0,15.0,0.08,53.0,213.75,0,KC1
25.0,149.0,0.03,8.0,21.0,0.81,401.0,4102.64,0,KC1
1.0,25.0,0.1,0.0,10.0,0.11,71.0,174.39,0,KC1
5.0,41.0,0.1,0.0,13.0,0.17,102.0,303.39,0,KC1
1.0,5.0,1.0,0.0,2.0,0.0,4.0,0.44,0,KC1
1.0,3.0,1.0,0.0,2.0,0.0,4.0,0.44,0,KC1
1.0,12.0,0.42,0.0,4.0,0.01,10.0,4.23,0,KC1
1.0,2.0,1.0,0.0,2.0,0.0,3.0,0.26,0,KC1
1.0,2.0,1.0,0.0,2.0,0.0,4.0,0.44,0,KC1
5.0,37.0,0.09,0.0,14.0,0.16,93.0,297.66,0,KC1
1.0,2.0,1.0,0.0,2.0,0.0,3.0,0.26,0,KC1
1.0,2.0,1.0,0.0,2.0,0.0,3.0,0.26,0,KC1
1.0,8.0,0.4,1.0,5.0,0.01,11.0,5.08,0,KC1
4.0,32.0,0.1,0.0,13.0,0.15,88.0,242.51,0,KC1
1.0,2.0,1.0,0.0,2.0,0.0,4.0,0.44,0,KC1
1.0,13.0,0.42,0.0,4.0,0.01,10.0,4.23,0,KC1
5.0,37.0,0.09,0.0,13.0,0.15,91.0,268.08,0,KC1
1.0,2.0,1.0,0.0,2.0,0.0,4.0,0.44,0,KC1
1.0,11.0,0.4,0.0,4.0,0.01,9.0,3.75,0,KC1
1.0,2.0,1.0,0.0,2.0,0.0,4.0,0.44,0,KC1
4.0,33.0,0.1,0.0,13.0,0.15,88.0,242.51,0,KC1
1.0,13.0,0.42,0.0,4.0,0.01,10.0,4.23,0,KC1
3.0,16.0,0.1,0.0,9.0,0.04,32.0,67.72,0,KC1
1.0,2.0,1.0,0.0,2.0,0.0,3.0,0.26,0,KC1
1.0,4.0,1.0,0.0,2.0,0.0,3.0,0.26,0,KC1
1.0,30.0,0.18,1.0,8.0,0.16,94.0,147.52,0,KC1
1.0,4.0,1.0,0.0,2.0,0.0,3.0,0.26,0,KC1
1.0,6.0,0.4,0.0,5.0,0.01,10.0,4.4,0,KC1
1.0,6.0,0.4,0.0,5.0,0.01,10.0,4.4,0,KC1
11.0,62.0,0.05,0.0,17.0,0.31,176.0,1134.62,0,KC1
1.0,2.0,0.67,0.0,3.0,0.0,4.0,0.67,0,KC1
1.0,2.0,0.67,0.0,3.0,0.0,4.0,0.67,0,KC1
1.0,2.0,0.67,0.0,3.0,0.0,4.0,0.67,0,KC1
1.0,2.0,0.67,0.0,3.0,0.0,4.0,0.67,0,KC1
1.0,1.0,0.67,0.0,3.0,0.0,4.0,0.67,0,KC1
1.0,1.0,0.67,0.0,3.0,0.0,4.0,0.67,0,KC1
1.0,1.0,0.67,0.0,3.0,0.0,4.0,0.67,0,KC1
1.0,1.0,0.67,0.0,3.0,0.0,4.0,0.67,0,KC1
1.0,1.0,0.67,0.0,3.0,0.0,4.0,0.67,0,KC1
1.0,1.0,0.67,0.0,3.0,0.0,4.0,0.67,0,KC1
1.0,1.0,0.67,0.0,3.0,0.0,4.0,0.67,0,KC1
1.0,1.0,0.67,0.0,3.0,0.0,4.0,0.67,0,KC1
1.0,1.0,0.67,0.0,3.0,0.0,4.0,0.67,0,KC1
3.0,25.0,0.1,0.0,10.0,0.08,57.0,132.77,0,KC1
3.0,25.0,0.1,0.0,10.0,0.08,57.0,132.77,0,KC1
3.0,25.0,0.1,0.0,10.0,0.08,57.0,132.77,0,KC1
3.0,25.0,0.1,0.0,10.0,0.08,57.0,132.77,0,KC1
3.0,25.0,0.1,0.0,10.0,0.08,57.0,132.77,0,KC1
1.0,1.0,0.67,0.0,3.0,0.0,4.0,0.67,0,KC1
1.0,1.0,0.67,0.0,3.0,0.0,4.0,0.67,0,KC1
1.0,1.0,0.67,0.0,3.0,0.0,4.0,0.67,0,KC1
1.0,1.0,0.67,0.0,3.0,0.0,4.0,0.67,0,KC1
1.0,1.0,0.67,0.0,3.0,0.0,4.0,0.67,0,KC1
1.0,1.0,0.67,0.0,3.0,0.0,4.0,0.67,0,KC1
5.0,42.0,0.07,0.0,15.0,0.15,87.0,355.56,0,KC1
5.0,49.0,0.07,0.0,15.0,0.17,100.0,420.57,0,KC1
5.0,48.0,0.06,0.0,15.0,0.17,100.0,457.43,0,KC1
5.0,42.0,0.07,0.0,15.0,0.15,89.0,357.46,0,KC1
1.0,1.0,0.67,0.0,3.0,0.0,4.0,0.67,0,KC1
1.0,1.0,0.67,0.0,3.0,0.0,4.0,0.67,0,KC1
1.0,8.0,0.28,0.0,6.0,0.02,17.0,11.76,0,KC1
19.0,136.0,0.04,2.0,19.0,0.67,334.0,2679.42,0,KC1
1.0,2.0,0.4,0.0,5.0,0.01,7.0,2.73,0,KC1
1.0,2.0,0.67,0.0,3.0,0.0,5.0,0.97,0,KC1
21.0,123.0,0.03,1.0,21.0,0.77,384.0,4537.58,0,KC1
1.0,2.0,0.67,0.0,3.0,0.0,4.0,0.67,0,KC1
1.0,2.0,0.67,0.0,3.0,0.0,4.0,0.67,0,KC1
1.0,2.0,0.67,0.0,3.0,0.0,4.0,0.67,0,KC1
1.0,2.0,0.67,0.0,3.0,0.0,4.0,0.67,0,KC1
1.0,4.0,0.67,0.0,3.0,0.0,4.0,0.67,0,KC1
1.0,2.0,0.67,0.0,3.0,0.0,4.0,0.67,0,KC1
1.0,4.0,0.67,0.0,3.0,0.0,4.0,0.67,0,KC1
1.0,2.0,0.67,0.0,3.0,0.0,4.0,0.67,0,KC1
1.0,2.0,0.67,0.0,3.0,0.0,4.0,0.67,0,KC1
1.0,2.0,0.67,0.0,3.0,0.0,4.0,0.67,0,KC1
11.0,59.0,0.06,0.0,17.0,0.23,133.0,633.73,0,KC1
17.0,91.0,0.05,1.0,16.0,0.37,204.0,1184.65,0,KC1
5.0,49.0,0.07,1.0,14.0,0.18,110.0,451.54,0,KC1
13.0,77.0,0.05,0.0,17.0,0.36,196.0,1160.32,0,KC1
14.0,76.0,0.06,0.0,16.0,0.35,193.0,1051.58,0,KC1
9.0,54.0,0.08,1.0,14.0,0.16,96.0,321.48,0,KC1
10.0,57.0,0.08,0.0,14.0,0.2,119.0,440.83,0,KC1
1.0,7.0,0.3,0.0,5.0,0.01,13.0,7.22,0,KC1
10.0,92.0,0.05,1.0,18.0,0.42,219.0,1358.55,0,KC1
12.0,63.0,0.07,0.0,14.0,0.26,151.0,629.18,0,KC1
11.0,64.0,0.06,0.0,16.0,0.32,177.0,962.6,1,KC1
8.0,48.0,0.07,0.0,14.0,0.19,113.0,435.95,0,KC1
12.0,65.0,0.06,0.0,14.0,0.3,172.0,804.44,0,KC1
4.0,18.0,0.12,0.0,11.0,0.05,34.0,68.08,0,KC1
5.0,46.0,0.09,0.0,12.0,0.14,87.0,248.61,0,KC1
1.0,7.0,0.3,0.0,5.0,0.01,13.0,7.22,0,KC1
4.0,43.0,0.11,0.0,12.0,0.1,64.0,157.58,0,KC1
2.0,32.0,0.14,0.0,10.0,0.28,154.0,323.57,0,KC1
2.0,22.0,0.18,0.0,9.0,0.1,63.0,91.47,0,KC1
1.0,15.0,0.2,0.0,8.0,0.04,28.0,31.11,0,KC1
1.0,15.0,0.2,0.0,8.0,0.04,28.0,31.11,0,KC1
1.0,15.0,0.2,0.0,8.0,0.04,28.0,31.11,0,KC1
8.0,57.0,0.04,1.0,20.0,0.22,124.0,971.07,0,KC1
7.0,52.0,0.04,0.0,19.0,0.2,119.0,885.91,0,KC1
1.0,1.0,0.67,0.0,3.0,0.0,4.0,0.67,0,KC1
1.0,4.0,0.67,0.0,3.0,0.0,5.0,0.97,0,KC1
1.0,14.0,0.29,0.0,7.0,0.02,15.0,10.79,0,KC1
1.0,14.0,0.29,0.0,7.0,0.02,15.0,10.79,0,KC1
1.0,13.0,0.29,0.0,7.0,0.02,13.0,9.06,0,KC1
1.0,14.0,0.29,0.0,7.0,0.02,15.0,10.79,0,KC1
1.0,9.0,0.33,0.0,6.0,0.01,11.0,6.09,0,KC1
3.0,23.0,0.11,0.0,10.0,0.08,57.0,126.45,0,KC1
3.0,23.0,0.1,0.0,10.0,0.09,63.0,160.72,0,KC1
2.0,17.0,0.13,0.0,10.0,0.06,43.0,82.6,0,KC1
5.0,31.0,0.1,0.0,12.0,0.12,73.0,197.4,0,KC1
2.0,17.0,0.13,0.0,10.0,0.05,38.0,69.75,0,KC1
2.0,8.0,0.11,0.0,7.0,0.01,14.0,21.57,0,KC1
2.0,5.0,0.27,0.0,5.0,0.01,8.0,4.68,0,KC1
1.0,3.0,0.0,0.0,1.0,0.0,1.0,0.0,0,KC1
1.0,3.0,0.0,0.0,1.0,0.0,1.0,0.0,0,KC1
1.0,3.0,0.0,0.0,1.0,0.0,1.0,0.0,0,KC1
1.0,3.0,0.0,0.0,1.0,0.0,1.0,0.0,0,KC1
2.0,12.0,0.23,0.0,7.0,0.02,15.0,12.61,0,KC1
1.0,3.0,0.0,0.0,1.0,0.0,1.0,0.0,0,KC1
7.0,59.0,0.05,1.0,19.0,0.34,182.0,1239.42,0,KC1
6.0,53.0,0.06,1.0,18.0,0.24,131.0,676.96,0,KC1
3.0,28.0,0.16,0.0,9.0,0.09,60.0,96.93,0,KC1
1.0,6.0,0.4,0.0,5.0,0.01,9.0,3.75,0,KC1
7.0,62.0,0.05,0.0,18.0,0.29,158.0,925.94,0,KC1
1.0,6.0,0.4,0.0,5.0,0.01,9.0,3.75,0,KC1
4.0,50.0,0.08,0.0,15.0,0.31,165.0,647.14,0,KC1
9.0,131.0,0.04,2.0,22.0,0.55,275.0,2494.93,0,KC1
1.0,2.0,0.67,0.0,3.0,0.0,5.0,0.97,0,KC1
9.0,91.0,0.06,0.0,16.0,0.37,199.0,1053.37,0,KC1
1.0,4.0,0.67,0.0,3.0,0.0,5.0,0.97,0,KC1
8.0,49.0,0.07,0.0,16.0,0.16,95.0,393.81,0,KC1
5.0,63.0,0.09,0.0,10.0,0.16,103.0,288.09,0,KC1
9.0,131.0,0.04,2.0,22.0,0.55,275.0,2494.93,0,KC1
2.0,21.0,0.11,0.0,10.0,0.05,36.0,73.33,0,KC1
1.0,9.0,0.4,0.0,5.0,0.01,9.0,3.75,0,KC1
5.0,34.0,0.09,0.0,14.0,0.11,66.0,191.19,0,KC1
1.0,6.0,0.4,0.0,5.0,0.01,9.0,3.75,0,KC1
1.0,2.0,0.67,0.0,3.0,0.0,5.0,0.97,0,KC1
7.0,56.0,0.08,0.0,11.0,0.2,123.0,407.66,0,KC1
2.0,17.0,0.19,0.0,7.0,0.03,27.0,29.14,0,KC1
7.0,65.0,0.05,1.0,17.0,0.25,143.0,794.94,0,KC1
4.0,29.0,0.12,0.0,11.0,0.09,56.0,124.87,0,KC1
1.0,10.0,0.38,0.0,4.0,0.02,16.0,7.87,0,KC1
1.0,2.0,1.0,0.0,2.0,0.0,3.0,0.26,0,KC1
1.0,1.0,0.0,0.0,0.0,0.0,2.0,0.0,0,KC1
1.0,4.0,0.67,0.0,3.0,0.01,6.0,1.29,0,KC1
1.0,4.0,2.0,0.0,1.0,0.0,2.0,0.06,0,KC1
1.0,2.0,1.0,0.0,2.0,0.0,3.0,0.26,0,KC1
1.0,2.0,1.0,0.0,2.0,0.0,3.0,0.26,0,KC1
1.0,6.0,0.67,0.0,3.0,0.01,9.0,2.11,0,KC1
1.0,4.0,2.0,0.0,1.0,0.0,2.0,0.06,0,KC1
1.0,4.0,2.0,0.0,1.0,0.0,3.0,0.13,0,KC1
2.0,25.0,0.12,0.0,10.0,0.05,35.0,71.43,0,KC1
1.0,7.0,0.33,0.0,4.0,0.01,12.0,6.0,0,KC1
1.0,2.0,1.0,0.0,2.0,0.0,3.0,0.26,0,KC1
1.0,2.0,1.0,0.0,2.0,0.0,3.0,0.26,0,KC1
7.0,72.0,0.05,0.0,22.0,0.3,156.0,961.79,0,KC1
3.0,45.0,0.1,2.0,13.0,0.13,76.0,219.05,0,KC1
1.0,1.0,0.67,0.0,3.0,0.0,4.0,0.67,0,KC1
1.0,1.0,0.67,0.0,3.0,0.0,4.0,0.67,0,KC1
1.0,7.0,0.4,0.0,5.0,0.01,9.0,3.75,0,KC1
1.0,1.0,0.67,0.0,3.0,0.0,4.0,0.67,0,KC1
1.0,2.0,0.67,0.0,3.0,0.0,4.0,0.67,0,KC1
2.0,41.0,0.1,0.0,12.0,0.27,149.0,440.43,0,KC1
1.0,5.0,0.4,0.0,5.0,0.01,10.0,4.4,0,KC1
3.0,30.0,0.09,0.0,10.0,0.07,53.0,130.44,0,KC1
5.0,53.0,0.06,0.0,15.0,0.25,140.0,664.05,0,KC1
15.0,123.0,0.03,0.0,26.0,0.74,350.0,4021.0,0,KC1
1.0,2.0,0.67,0.0,3.0,0.0,5.0,0.97,0,KC1
1.0,6.0,0.4,0.0,5.0,0.01,9.0,3.75,0,KC1
4.0,47.0,0.08,0.0,12.0,0.15,92.0,304.07,1,KC1
1.0,1.0,0.0,0.0,1.0,0.0,1.0,0.0,0,KC1
5.0,44.0,0.08,0.0,13.0,0.14,88.0,295.35,0,KC1
1.0,13.0,0.4,0.0,5.0,0.02,14.0,6.46,0,KC1
1.0,13.0,0.4,0.0,5.0,0.02,14.0,6.46,0,KC1
5.0,44.0,0.08,0.0,13.0,0.14,88.0,295.35,0,KC1
1.0,6.0,0.25,0.0,6.0,0.01,11.0,7.75,0,KC1
1.0,7.0,0.67,0.0,3.0,0.0,5.0,0.97,0,KC1
19.0,118.0,0.05,1.0,18.0,0.54,269.0,1701.72,0,KC1
7.0,65.0,0.07,1.0,15.0,0.31,165.0,767.93,0,KC1
22.0,129.0,0.04,0.0,19.0,0.7,344.0,2959.83,0,KC1
9.0,107.0,0.05,2.0,21.0,0.37,187.0,1229.19,1,KC1
1.0,7.0,0.25,0.0,6.0,0.01,11.0,7.75,0,KC1
5.0,44.0,0.08,0.0,13.0,0.14,88.0,295.35,0,KC1
1.0,14.0,0.4,0.0,5.0,0.02,14.0,6.46,0,KC1
1.0,6.0,0.29,0.0,7.0,0.01,8.0,4.67,0,KC1
2.0,2.0,0.29,0.0,7.0,0.01,11.0,7.11,0,KC1
1.0,2.0,0.5,0.0,4.0,0.0,5.0,1.29,0,KC1
2.0,2.0,0.25,0.0,6.0,0.01,11.0,7.75,0,KC1
9.0,107.0,0.05,2.0,21.0,0.35,178.0,1148.03,1,KC1
5.0,58.0,0.09,0.0,14.0,0.23,122.0,403.39,0,KC1
1.0,4.0,0.67,0.0,3.0,0.0,5.0,0.97,0,KC1
10.0,75.0,0.06,0.0,15.0,0.33,181.0,935.38,0,KC1
18.0,95.0,0.04,0.0,18.0,0.45,237.0,1839.19,0,KC1
6.0,74.0,0.07,4.0,16.0,0.25,135.0,607.36,1,KC1
5.0,74.0,0.07,3.0,16.0,0.24,131.0,584.21,1,KC1
2.0,18.0,0.14,0.0,9.0,0.04,33.0,51.86,0,KC1
1.0,6.0,0.4,0.0,5.0,0.01,9.0,3.75,0,KC1
1.0,2.0,0.67,0.0,3.0,0.0,5.0,0.97,0,KC1
7.0,47.0,0.05,0.0,19.0,0.24,133.0,839.31,0,KC1
1.0,10.0,0.4,0.0,5.0,0.01,9.0,3.75,0,KC1
1.0,2.0,0.67,0.0,3.0,0.0,4.0,0.67,0,KC1
1.0,2.0,0.67,0.0,3.0,0.0,4.0,0.67,0,KC1
1.0,2.0,0.67,0.0,3.0,0.0,4.0,0.67,0,KC1
2.0,27.0,0.13,0.0,9.0,0.08,54.0,103.77,0,KC1
2.0,27.0,0.13,0.0,9.0,0.08,54.0,103.77,0,KC1
2.0,27.0,0.13,0.0,9.0,0.07,50.0,93.31,0,KC1
5.0,36.0,0.08,0.0,13.0,0.12,75.0,248.36,0,KC1
4.0,38.0,0.07,0.0,15.0,0.11,69.0,255.16,0,KC1
7.0,81.0,0.07,0.0,15.0,0.32,174.0,773.01,0,KC1
4.0,37.0,0.09,0.0,11.0,0.12,75.0,205.24,1,KC1
2.0,26.0,0.13,0.0,9.0,0.06,43.0,79.69,0,KC1
1.0,8.0,0.22,0.0,6.0,0.01,10.0,7.5,0,KC1
7.0,79.0,0.07,0.0,15.0,0.3,161.0,693.27,1,KC1
10.0,71.0,0.05,0.0,15.0,0.3,168.0,908.99,0,KC1
10.0,70.0,0.06,0.0,14.0,0.3,167.0,810.9,0,KC1
1.0,1.0,0.67,0.0,3.0,0.0,5.0,0.97,0,KC1
1.0,4.0,0.67,0.0,3.0,0.0,5.0,0.97,0,KC1
1.0,1.0,0.67,0.0,3.0,0.0,5.0,0.97,0,KC1
1.0,1.0,0.67,0.0,3.0,0.0,5.0,0.97,0,KC1
1.0,1.0,0.67,0.0,3.0,0.0,5.0,0.97,0,KC1
1.0,4.0,0.67,0.0,3.0,0.0,5.0,0.97,0,KC1
1.0,4.0,0.67,0.0,3.0,0.0,5.0,0.97,0,KC1
1.0,1.0,0.0,0.0,1.0,0.0,1.0,0.0,0,KC1
1.0,4.0,0.67,0.0,3.0,0.0,5.0,0.97,0,KC1
1.0,1.0,0.0,0.0,1.0,0.0,1.0,0.0,0,KC1
1.0,3.0,0.67,0.0,3.0,0.0,5.0,0.97,0,KC1
1.0,2.0,0.67,0.0,3.0,0.0,4.0,0.67,0,KC1
15.0,134.0,0.03,3.0,21.0,0.6,303.0,3028.87,1,KC1
11.0,85.0,0.04,0.0,24.0,0.42,211.0,1892.61,0,KC1
17.0,150.0,0.03,9.0,23.0,0.63,317.0,3692.22,0,KC1
19.0,148.0,0.03,0.0,28.0,0.85,396.0,5314.23,0,KC1
1.0,2.0,0.67,0.0,3.0,0.0,4.0,0.67,0,KC1
1.0,3.0,0.67,0.0,3.0,0.0,5.0,0.97,0,KC1
24.0,155.0,0.03,0.0,21.0,0.85,407.0,4436.48,0,KC1
1.0,4.0,0.67,0.0,3.0,0.0,5.0,0.97,0,KC1
14.0,118.0,0.04,0.0,22.0,0.69,328.0,3058.75,0,KC1
12.0,108.0,0.05,0.0,18.0,0.55,276.0,1941.42,0,KC1
2.0,8.0,0.11,0.0,7.0,0.01,14.0,21.57,0,KC1
6.0,32.0,0.09,0.0,9.0,0.08,58.0,148.12,0,KC1
1.0,3.0,0.0,0.0,1.0,0.0,1.0,0.0,0,KC1
1.0,3.0,0.0,0.0,1.0,0.0,1.0,0.0,0,KC1
2.0,10.0,0.23,0.0,7.0,0.02,15.0,12.61,0,KC1
1.0,3.0,0.0,0.0,1.0,0.0,1.0,0.0,0,KC1
2.0,46.0,0.13,12.0,10.0,0.17,97.0,213.15,0,KC1
1.0,12.0,0.27,0.0,5.0,0.02,18.0,11.89,0,KC1
2.0,15.0,0.2,0.0,7.0,0.04,28.0,29.61,0,KC1
1.0,7.0,0.4,0.0,5.0,0.01,9.0,3.75,0,KC1
1.0,7.0,0.4,0.0,5.0,0.01,9.0,3.75,0,KC1
1.0,11.0,0.27,0.0,5.0,0.02,18.0,11.89,0,KC1
5.0,42.0,0.05,2.0,20.0,0.17,95.0,523.16,0,KC1
6.0,85.0,0.06,3.0,16.0,0.35,187.0,1010.23,0,KC1
1.0,11.0,0.27,0.0,5.0,0.02,18.0,11.89,0,KC1
1.0,4.0,0.33,0.0,6.0,0.01,9.0,4.75,0,KC1
1.0,6.0,0.29,0.0,7.0,0.02,15.0,10.46,0,KC1
1.0,3.0,0.0,0.0,1.0,0.0,1.0,0.0,0,KC1
1.0,10.0,0.28,1.0,6.0,0.02,16.0,11.07,0,KC1
1.0,10.0,0.28,1.0,6.0,0.02,16.0,11.07,0,KC1
1.0,19.0,0.27,0.0,5.0,0.02,18.0,11.89,0,KC1
10.0,78.0,0.06,0.0,11.0,0.27,168.0,748.13,0,KC1
5.0,68.0,0.07,0.0,15.0,0.26,144.0,655.27,0,KC1
8.0,61.0,0.05,0.0,18.0,0.25,142.0,793.85,0,KC1
1.0,2.0,1.0,0.0,2.0,0.0,3.0,0.26,0,KC1
1.0,6.0,0.67,1.0,3.0,0.01,9.0,2.11,0,KC1
1.0,25.0,0.23,3.0,7.0,0.14,82.0,102.71,0,KC1
1.0,2.0,1.0,0.0,2.0,0.0,3.0,0.26,0,KC1
1.0,2.0,1.0,0.0,2.0,0.0,3.0,0.26,0,KC1
1.0,3.0,0.0,0.0,1.0,0.0,1.0,0.0,0,KC1
1.0,3.0,2.0,0.0,1.0,0.0,2.0,0.06,0,KC1
1.0,3.0,0.0,0.0,1.0,0.0,1.0,0.0,0,KC1
2.0,18.0,0.16,0.0,9.0,0.04,26.0,36.53,0,KC1
2.0,16.0,0.16,0.0,9.0,0.03,25.0,35.71,0,KC1
1.0,4.0,0.5,0.0,4.0,0.01,6.0,1.72,0,KC1
5.0,48.0,0.06,4.0,18.0,0.22,125.0,665.24,0,KC1
2.0,28.0,0.12,0.0,12.0,0.1,64.0,143.25,0,KC1
1.0,1.0,0.67,0.0,3.0,0.0,4.0,0.67,0,KC1
2.0,28.0,0.12,0.0,12.0,0.1,65.0,145.49,0,KC1
5.0,75.0,0.07,0.0,15.0,0.28,154.0,657.8,0,KC1
1.0,14.0,0.27,0.0,5.0,0.02,18.0,11.89,0,KC1
1.0,8.0,0.28,0.0,6.0,0.02,17.0,11.76,0,KC1
1.0,2.0,0.4,0.0,5.0,0.01,7.0,2.73,0,KC1
7.0,65.0,0.05,4.0,19.0,0.31,169.0,1047.82,0,KC1
6.0,54.0,0.06,3.0,18.0,0.25,139.0,739.17,0,KC1
2.0,13.0,0.15,0.0,8.0,0.04,29.0,40.89,0,KC1
2.0,18.0,0.15,0.0,8.0,0.05,35.0,52.09,0,KC1
1.0,5.0,0.33,0.0,6.0,0.01,11.0,6.09,0,KC1
1.0,4.0,0.33,0.0,6.0,0.01,9.0,4.75,0,KC1
1.0,4.0,0.33,0.0,6.0,0.01,9.0,4.75,0,KC1
1.0,5.0,0.33,0.0,6.0,0.01,11.0,6.09,0,KC1
1.0,12.0,0.17,0.0,8.0,0.05,34.0,45.33,0,KC1
1.0,12.0,0.17,0.0,8.0,0.05,34.0,45.33,0,KC1
5.0,46.0,0.06,2.0,19.0,0.19,109.0,560.38,0,KC1
5.0,47.0,0.06,2.0,20.0,0.2,112.0,594.47,0,KC1
4.0,39.0,0.1,5.0,13.0,0.12,70.0,192.91,0,KC1
1.0,2.0,0.67,0.0,3.0,0.0,4.0,0.67,0,KC1
1.0,2.0,0.67,0.0,3.0,0.0,4.0,0.67,0,KC1
1.0,2.0,0.67,0.0,3.0,0.0,4.0,0.67,0,KC1
1.0,1.0,0.0,0.0,1.0,0.0,1.0,0.0,0,KC1
1.0,9.0,0.27,1.0,6.0,0.02,14.0,9.69,0,KC1
1.0,9.0,0.27,1.0,6.0,0.02,14.0,9.69,0,KC1
4.0,55.0,0.06,0.0,19.0,0.3,152.0,802.26,1,KC1
4.0,49.0,0.07,0.0,17.0,0.27,139.0,637.07,0,KC1
1.0,1.0,0.67,0.0,3.0,0.0,5.0,0.97,0,KC1
1.0,1.0,0.67,0.0,3.0,0.0,5.0,0.97,0,KC1
2.0,19.0,0.15,1.0,9.0,0.06,41.0,65.31,0,KC1
3.0,32.0,0.11,0.0,13.0,0.1,62.0,156.35,0,KC1
2.0,15.0,0.13,0.0,10.0,0.06,45.0,86.44,0,KC1
2.0,16.0,0.13,0.0,10.0,0.06,45.0,86.44,0,KC1
1.0,9.0,0.17,0.0,8.0,0.03,27.0,34.27,0,KC1
1.0,16.0,0.17,0.0,9.0,0.05,34.0,46.94,0,KC1
1.0,14.0,0.18,0.0,9.0,0.04,26.0,33.21,0,KC1
1.0,9.0,0.17,0.0,8.0,0.03,27.0,34.27,0,KC1
1.0,6.0,0.67,0.0,3.0,0.0,5.0,0.97,0,KC1
2.0,17.0,0.13,0.0,10.0,0.08,53.0,103.95,0,KC1
2.0,17.0,0.13,0.0,10.0,0.08,53.0,103.95,0,KC1
2.0,15.0,0.13,0.0,10.0,0.06,45.0,86.44,0,KC1
2.0,16.0,0.13,0.0,10.0,0.08,52.0,101.99,0,KC1
2.0,22.0,0.21,1.0,7.0,0.05,36.0,37.33,0,KC1
4.0,50.0,0.07,0.0,17.0,0.26,138.0,608.15,0,KC1
1.0,3.0,0.0,0.0,1.0,0.0,1.0,0.0,0,KC1
1.0,3.0,0.0,0.0,1.0,0.0,1.0,0.0,0,KC1
5.0,36.0,0.07,0.0,13.0,0.16,95.0,352.08,0,KC1
3.0,22.0,0.08,0.0,12.0,0.09,61.0,186.46,1,KC1
1.0,18.0,0.12,1.0,9.0,0.07,48.0,94.3,0,KC1
3.0,22.0,0.06,0.0,12.0,0.11,73.0,292.98,1,KC1
1.0,36.0,0.09,0.0,9.0,0.1,69.0,175.86,1,KC1
1.0,12.0,0.25,0.0,6.0,0.01,11.0,7.75,0,KC1
3.0,25.0,0.09,0.0,11.0,0.12,78.0,226.65,0,KC1
2.0,13.0,0.18,0.0,7.0,0.04,32.0,39.5,0,KC1
1.0,5.0,1.0,0.0,2.0,0.0,4.0,0.44,0,KC1
1.0,3.0,1.0,0.0,2.0,0.0,4.0,0.44,0,KC1
1.0,4.0,1.0,0.0,2.0,0.0,3.0,0.26,0,KC1
1.0,11.0,0.19,0.0,9.0,0.03,22.0,25.07,0,KC1
7.0,45.0,0.07,1.0,14.0,0.19,112.0,481.06,0,KC1
2.0,13.0,0.14,0.0,7.0,0.03,23.0,32.07,0,KC1
1.0,6.0,0.4,0.0,5.0,0.01,10.0,4.4,0,KC1
1.0,16.0,0.4,0.0,5.0,0.01,8.0,3.33,0,KC1
1.0,6.0,0.4,0.0,5.0,0.01,10.0,4.4,0,KC1
1.0,2.0,0.67,0.0,3.0,0.0,4.0,0.67,0,KC1
1.0,2.0,0.67,0.0,3.0,0.0,4.0,0.67,0,KC1
1.0,2.0,0.67,0.0,3.0,0.0,4.0,0.67,0,KC1
1.0,2.0,0.67,0.0,3.0,0.0,4.0,0.67,0,KC1
5.0,42.0,0.1,0.0,12.0,0.18,107.0,299.86,0,KC1
1.0,2.0,0.67,0.0,3.0,0.0,5.0,0.97,0,KC1
29.0,135.0,0.03,1.0,18.0,1.04,519.0,6384.22,0,KC1
1.0,4.0,0.67,0.0,3.0,0.0,4.0,0.67,0,KC1
1.0,4.0,0.67,0.0,3.0,0.0,4.0,0.67,0,KC1
5.0,61.0,0.08,0.0,13.0,0.31,167.0,666.2,0,KC1
3.0,25.0,0.11,0.0,11.0,0.1,65.0,155.59,0,KC1
1.0,12.0,0.22,0.0,7.0,0.05,35.0,36.16,0,KC1
5.0,44.0,0.08,0.0,14.0,0.17,99.0,363.61,0,KC1
1.0,4.0,0.67,0.0,3.0,0.0,5.0,0.97,0,KC1
1.0,11.0,0.33,0.0,6.0,0.01,11.0,6.09,0,KC1
9.0,57.0,0.07,0.0,10.0,0.2,121.0,491.62,0,KC1
9.0,39.0,0.05,0.0,16.0,0.24,137.0,849.94,0,KC1
1.0,4.0,0.67,0.0,3.0,0.0,5.0,0.97,0,KC1
1.0,1.0,0.0,0.0,1.0,0.0,1.0,0.0,0,KC1
1.0,4.0,0.5,0.0,4.0,0.0,5.0,1.29,0,KC1
2.0,7.0,0.29,0.0,7.0,0.02,18.0,11.63,1,KC1
1.0,7.0,0.42,0.0,3.0,0.02,17.0,6.8,0,KC1
2.0,7.0,0.2,0.0,5.0,0.01,8.0,5.74,0,KC1
1.0,4.0,0.0,0.0,1.0,0.0,1.0,0.0,0,KC1
3.0,8.0,0.2,0.0,5.0,0.01,13.0,10.14,1,KC1
1.0,7.0,0.4,0.0,5.0,0.01,14.0,6.16,1,KC1
1.0,3.0,0.0,0.0,1.0,0.0,1.0,0.0,0,KC1
1.0,4.0,0.5,0.0,4.0,0.0,5.0,1.29,0,KC1
1.0,6.0,0.19,1.0,7.0,0.02,18.0,18.16,0,KC1
1.0,5.0,0.22,0.0,6.0,0.01,12.0,9.0,0,KC1
2.0,20.0,0.1,0.0,10.0,0.07,49.0,115.64,0,KC1
1.0,5.0,0.4,0.0,5.0,0.01,7.0,2.73,0,KC1
1.0,6.0,0.33,0.0,4.0,0.01,13.0,5.6,1,KC1
1.0,14.0,0.38,0.0,4.0,0.01,16.0,6.65,0,KC1
1.0,2.0,0.67,0.0,3.0,0.0,4.0,0.67,0,KC1
1.0,2.0,0.67,0.0,3.0,0.0,5.0,0.97,0,KC1
1.0,18.0,0.12,0.0,11.0,0.07,45.0,93.3,0,KC1
2.0,2.0,0.2,0.0,5.0,0.01,7.0,5.03,0,KC1
1.0,2.0,0.67,0.0,3.0,0.0,5.0,0.97,0,KC1
14.0,119.0,0.03,0.0,26.0,0.43,220.0,2261.59,1,KC1
2.0,9.0,0.34,0.0,5.0,0.02,14.0,7.85,0,KC1
1.0,5.0,0.33,0.0,6.0,0.01,13.0,7.2,0,KC1
18.0,151.0,0.03,2.0,26.0,0.93,439.0,5975.1,1,KC1
1.0,2.0,0.67,0.0,3.0,0.0,5.0,0.97,0,KC1
2.0,16.0,0.11,0.0,10.0,0.03,26.0,50.79,0,KC1
2.0,17.0,0.13,0.0,11.0,0.04,30.0,54.61,0,KC1
1.0,2.0,0.5,0.0,4.0,0.0,5.0,1.29,0,KC1
2.0,10.0,0.15,0.0,9.0,0.02,19.0,26.37,0,KC1
1.0,4.0,0.0,0.0,5.0,0.0,5.0,0.0,0,KC1
1.0,2.0,0.0,0.0,4.0,0.0,4.0,0.0,0,KC1
1.0,4.0,1.0,0.0,2.0,0.0,3.0,0.26,0,KC1
1.0,4.0,1.0,0.0,2.0,0.0,3.0,0.26,0,KC1
1.0,2.0,1.0,0.0,2.0,0.0,3.0,0.26,0,KC1
1.0,1.0,0.0,0.0,0.0,0.0,0.0,0.0,0,KC1
1.0,4.0,0.67,0.0,2.0,0.0,5.0,0.83,0,KC1
1.0,3.0,0.67,0.0,2.0,0.0,5.0,0.83,0,KC1
2.0,25.0,0.19,0.0,9.0,0.06,38.0,48.88,1,KC1
1.0,2.0,1.0,0.0,2.0,0.01,8.0,1.15,0,KC1
1.0,1.0,0.0,0.0,0.0,0.0,0.0,0.0,0,KC1
1.0,1.0,0.0,0.0,0.0,0.0,0.0,0.0,0,KC1
1.0,4.0,0.0,0.0,1.0,0.0,1.0,0.0,0,KC1
1.0,3.0,0.0,0.0,0.0,0.0,1.0,0.0,0,KC1
1.0,2.0,1.0,0.0,2.0,0.0,3.0,0.26,0,KC1
1.0,4.0,1.0,0.0,2.0,0.0,3.0,0.26,0,KC1
1.0,1.0,0.0,0.0,0.0,0.0,0.0,0.0,0,KC1
1.0,2.0,1.0,0.0,2.0,0.0,3.0,0.26,0,KC1
1.0,4.0,1.0,0.0,2.0,0.0,3.0,0.26,0,KC1
1.0,33.0,0.17,0.0,8.0,0.11,65.0,105.32,1,KC1
1.0,5.0,0.4,0.0,5.0,0.01,12.0,5.0,0,KC1
1.0,6.0,0.4,0.0,4.0,0.01,12.0,5.0,0,KC1
1.0,6.0,0.67,0.0,3.0,0.0,5.0,0.97,0,KC1
1.0,3.0,1.0,0.0,2.0,0.0,4.0,0.44,0,KC1
1.0,4.0,1.0,0.0,2.0,0.0,4.0,0.44,0,KC1
1.0,4.0,1.0,0.0,2.0,0.0,3.0,0.26,0,KC1
1.0,11.0,0.34,0.0,5.0,0.01,13.0,7.29,0,KC1
1.0,2.0,1.0,0.0,2.0,0.0,3.0,0.26,0,KC1
5.0,55.0,0.07,0.0,14.0,0.26,142.0,606.19,1,KC1
1.0,2.0,1.0,0.0,2.0,0.0,3.0,0.26,1,KC1
1.0,4.0,1.0,0.0,2.0,0.0,3.0,0.26,0,KC1
7.0,48.0,0.07,0.0,14.0,0.21,119.0,513.61,0,KC1
1.0,21.0,0.3,0.0,6.0,0.03,25.0,17.85,1,KC1
1.0,3.0,1.0,0.0,2.0,0.0,4.0,0.44,0,KC1
1.0,11.0,0.25,0.0,7.0,0.03,25.0,21.37,0,KC1
1.0,4.0,1.0,0.0,2.0,0.0,3.0,0.26,0,KC1
1.0,5.0,0.5,0.0,4.0,0.01,7.0,2.18,0,KC1
1.0,1.0,0.67,0.0,3.0,0.0,5.0,0.97,0,KC1
1.0,4.0,1.0,0.0,2.0,0.0,3.0,0.26,0,KC1
1.0,4.0,1.0,0.0,2.0,0.0,4.0,0.44,0,KC1
1.0,14.0,1.0,0.0,2.0,0.03,24.0,5.08,0,KC1
2.0,10.0,0.14,0.0,9.0,0.09,56.0,102.7,0,KC1
2.0,15.0,0.11,0.0,11.0,0.06,41.0,88.04,0,KC1
1.0,2.0,0.5,0.0,4.0,0.0,5.0,1.29,1,KC1
2.0,12.0,0.11,0.0,11.0,0.06,41.0,96.5,0,KC1
1.0,5.0,0.4,0.0,5.0,0.01,8.0,3.33,0,KC1
2.0,7.0,0.17,0.0,6.0,0.01,9.0,8.42,0,KC1
13.0,70.0,0.03,1.0,28.0,0.6,291.0,3332.46,1,KC1
1.0,4.0,0.4,0.0,5.0,0.01,7.0,2.73,1,KC1
1.0,7.0,0.24,0.0,7.0,0.02,15.0,12.55,0,KC1
1.0,6.0,0.4,0.0,5.0,0.01,10.0,4.4,0,KC1
1.0,6.0,0.4,0.0,5.0,0.01,10.0,4.4,0,KC1
1.0,2.0,0.4,0.0,5.0,0.01,6.0,2.15,1,KC1
1.0,9.0,0.16,0.0,9.0,0.04,29.0,40.75,0,KC1
1.0,2.0,0.5,0.0,4.0,0.0,5.0,1.29,0,KC1
1.0,2.0,0.67,0.0,3.0,0.0,4.0,0.67,0,KC1
1.0,2.0,0.67,0.0,3.0,0.0,4.0,0.67,0,KC1
1.0,2.0,0.67,0.0,3.0,0.0,4.0,0.67,0,KC1
1.0,2.0,0.67,0.0,3.0,0.0,4.0,0.67,0,KC1
1.0,2.0,0.67,0.0,3.0,0.0,4.0,0.67,0,KC1
1.0,2.0,0.67,0.0,3.0,0.0,4.0,0.67,0,KC1
1.0,1.0,0.67,0.0,3.0,0.0,4.0,0.67,0,KC1
1.0,1.0,0.67,0.0,3.0,0.01,9.0,2.11,0,KC1
1.0,2.0,0.67,0.0,3.0,0.0,5.0,0.97,0,KC1
1.0,2.0,0.67,0.0,3.0,0.0,5.0,0.97,0,KC1
1.0,2.0,0.67,0.0,3.0,0.0,5.0,0.97,0,KC1
1.0,2.0,0.67,0.0,3.0,0.0,4.0,0.67,0,KC1
1.0,2.0,0.67,0.0,3.0,0.0,4.0,0.67,0,KC1
1.0,2.0,0.67,0.0,3.0,0.0,4.0,0.67,0,KC1
1.0,2.0,0.67,0.0,3.0,0.0,4.0,0.67,0,KC1
1.0,2.0,0.67,0.0,3.0,0.0,4.0,0.67,0,KC1
1.0,2.0,0.67,0.0,3.0,0.0,4.0,0.67,0,KC1
1.0,2.0,0.67,0.0,3.0,0.0,4.0,0.67,0,KC1
1.0,2.0,0.67,0.0,3.0,0.0,4.0,0.67,0,KC1
1.0,2.0,0.67,0.0,3.0,0.0,4.0,0.67,0,KC1
1.0,1.0,0.67,0.0,3.0,0.0,4.0,0.67,0,KC1
1.0,2.0,0.67,0.0,3.0,0.0,4.0,0.67,0,KC1
1.0,2.0,0.67,0.0,3.0,0.0,4.0,0.67,0,KC1
1.0,1.0,0.67,0.0,3.0,0.0,4.0,0.67,0,KC1
1.0,2.0,0.67,0.0,3.0,0.0,4.0,0.67,0,KC1
3.0,17.0,0.2,0.0,8.0,0.04,31.0,34.44,1,KC1
1.0,4.0,0.4,0.0,5.0,0.01,6.0,2.15,1,KC1
1.0,2.0,0.67,0.0,3.0,0.0,4.0,0.67,0,KC1
3.0,19.0,0.14,0.0,10.0,0.04,31.0,50.28,1,KC1
1.0,2.0,0.67,0.0,3.0,0.0,4.0,0.67,0,KC1
1.0,2.0,0.67,0.0,3.0,0.0,4.0,0.67,0,KC1
1.0,2.0,0.67,0.0,3.0,0.0,4.0,0.67,0,KC1
1.0,8.0,0.19,0.0,8.0,0.01,13.0,13.33,0,KC1
1.0,2.0,0.67,0.0,3.0,0.0,4.0,0.67,0,KC1
1.0,1.0,0.67,0.0,3.0,0.0,4.0,0.67,0,KC1
1.0,2.0,0.67,0.0,3.0,0.0,4.0,0.67,0,KC1
1.0,2.0,0.67,0.0,3.0,0.0,4.0,0.67,0,KC1
1.0,2.0,0.67,0.0,3.0,0.0,4.0,0.67,0,KC1
1.0,2.0,0.67,0.0,3.0,0.0,4.0,0.67,0,KC1
1.0,2.0,0.67,0.0,3.0,0.0,4.0,0.67,0,KC1
1.0,2.0,0.67,0.0,3.0,0.0,4.0,0.67,0,KC1
1.0,2.0,0.67,0.0,3.0,0.0,4.0,0.67,0,KC1
1.0,2.0,0.67,0.0,3.0,0.0,4.0,0.67,0,KC1
1.0,2.0,0.67,0.0,3.0,0.0,4.0,0.67,0,KC1
1.0,2.0,0.67,0.0,3.0,0.0,4.0,0.67,0,KC1
1.0,2.0,0.67,0.0,3.0,0.0,4.0,0.67,0,KC1
1.0,2.0,0.67,0.0,3.0,0.0,4.0,0.67,0,KC1
1.0,2.0,0.67,0.0,3.0,0.0,4.0,0.67,0,KC1
1.0,2.0,0.67,0.0,3.0,0.0,4.0,0.67,0,KC1
1.0,2.0,0.67,0.0,3.0,0.0,4.0,0.67,0,KC1
1.0,27.0,0.22,0.0,6.0,0.05,37.0,38.57,1,KC1
1.0,23.0,0.08,0.0,11.0,0.1,65.0,204.23,0,KC1
1.0,2.0,0.67,0.0,3.0,0.0,4.0,0.67,0,KC1
1.0,6.0,0.33,0.0,6.0,0.01,9.0,4.75,0,KC1
1.0,2.0,0.4,0.0,5.0,0.01,6.0,2.15,0,KC1
1.0,2.0,0.4,0.0,5.0,0.01,6.0,2.15,0,KC1
1.0,2.0,0.5,0.0,4.0,0.0,5.0,1.29,0,KC1
1.0,57.0,0.15,0.0,9.0,0.23,123.0,247.89,1,KC1
1.0,2.0,0.5,0.0,4.0,0.0,5.0,1.29,0,KC1
1.0,5.0,0.25,0.0,4.0,0.01,11.0,6.32,0,KC1
1.0,6.0,0.33,0.0,6.0,0.01,9.0,4.75,0,KC1
1.0,1.0,0.67,0.0,3.0,0.0,4.0,0.67,0,KC1
2.0,2.0,0.4,0.0,5.0,0.01,8.0,3.33,0,KC1
1.0,4.0,0.67,0.0,3.0,0.0,4.0,0.67,1,KC1
1.0,1.0,0.67,0.0,3.0,0.0,4.0,0.67,0,KC1
3.0,3.0,0.17,0.0,9.0,0.02,15.0,17.92,0,KC1
3.0,3.0,0.17,0.0,9.0,0.02,16.0,19.12,0,KC1
1.0,2.0,0.67,0.0,3.0,0.0,4.0,0.67,0,KC1
2.0,2.0,0.14,0.0,7.0,0.01,9.0,10.5,0,KC1
1.0,2.0,0.67,0.0,3.0,0.0,4.0,0.67,0,KC1
3.0,13.0,0.21,0.0,8.0,0.03,21.0,20.72,0,KC1
1.0,1.0,0.67,0.0,3.0,0.0,4.0,0.67,0,KC1
2.0,2.0,0.14,0.0,7.0,0.01,9.0,10.5,0,KC1
3.0,3.0,0.22,0.0,9.0,0.02,14.0,13.33,0,KC1
1.0,7.0,0.5,0.0,4.0,0.02,15.0,5.0,1,KC1
1.0,2.0,0.67,0.0,3.0,0.0,5.0,0.97,0,KC1
1.0,2.0,0.67,0.0,3.0,0.0,4.0,0.67,0,KC1
3.0,22.0,0.09,0.0,12.0,0.07,47.0,122.33,1,KC1
2.0,13.0,0.14,0.0,10.0,0.03,21.0,31.91,0,KC1
1.0,2.0,0.67,0.0,3.0,0.0,5.0,0.97,0,KC1
1.0,3.0,0.5,0.0,3.0,0.01,9.0,2.58,0,KC1
1.0,2.0,0.67,0.0,3.0,0.0,5.0,0.97,0,KC1
1.0,4.0,0.67,0.0,3.0,0.0,4.0,0.67,0,KC1
1.0,4.0,0.67,0.0,3.0,0.0,4.0,0.67,0,KC1
1.0,4.0,0.67,0.0,3.0,0.0,4.0,0.67,0,KC1
1.0,4.0,0.67,0.0,3.0,0.0,4.0,0.67,0,KC1
1.0,4.0,0.67,0.0,3.0,0.0,4.0,0.67,0,KC1
1.0,4.0,0.67,0.0,3.0,0.0,4.0,0.67,0,KC1
1.0,2.0,0.67,0.0,3.0,0.0,4.0,0.67,0,KC1
1.0,1.0,0.0,0.0,1.0,0.0,1.0,0.0,0,KC1
1.0,4.0,0.67,0.0,3.0,0.0,4.0,0.67,0,KC1
1.0,1.0,0.0,0.0,1.0,0.0,1.0,0.0,0,KC1
1.0,4.0,0.67,0.0,3.0,0.0,4.0,0.67,0,KC1
1.0,4.0,0.67,0.0,3.0,0.0,4.0,0.67,0,KC1
1.0,4.0,0.67,0.0,3.0,0.0,4.0,0.67,0,KC1
1.0,4.0,0.67,0.0,3.0,0.0,4.0,0.67,0,KC1
1.0,4.0,0.67,0.0,3.0,0.0,4.0,0.67,0,KC1
1.0,2.0,0.33,0.0,6.0,0.01,8.0,4.0,0,KC1
1.0,3.0,0.25,0.0,8.0,0.01,14.0,9.86,0,KC1
3.0,28.0,0.07,0.0,13.0,0.21,119.0,480.46,0,KC1
1.0,7.0,0.27,0.0,5.0,0.01,9.0,5.26,1,KC1
1.0,4.0,0.67,0.0,3.0,0.0,4.0,0.67,0,KC1
1.0,2.0,0.5,0.0,4.0,0.01,7.0,2.0,0,KC1
1.0,7.0,0.27,0.0,6.0,0.02,16.0,11.07,0,KC1
2.0,9.0,0.15,0.0,8.0,0.02,17.0,21.78,0,KC1
3.0,40.0,0.1,1.0,13.0,0.15,88.0,251.9,1,KC1
1.0,4.0,0.5,0.0,4.0,0.01,6.0,1.72,0,KC1
2.0,16.0,0.14,0.0,8.0,0.04,32.0,47.37,1,KC1
1.0,2.0,0.5,0.0,4.0,0.0,5.0,1.29,0,KC1
1.0,2.0,0.67,0.0,3.0,0.0,5.0,0.97,0,KC1
1.0,2.0,0.67,0.0,3.0,0.0,5.0,0.97,0,KC1
1.0,2.0,0.67,0.0,3.0,0.0,5.0,0.97,0,KC1
5.0,27.0,0.07,0.0,14.0,0.1,63.0,235.9,0,KC1
1.0,2.0,0.67,0.0,3.0,0.0,5.0,0.97,0,KC1
1.0,1.0,0.67,0.0,3.0,0.0,5.0,0.97,0,KC1
2.0,5.0,0.22,0.0,9.0,0.02,17.0,17.0,0,KC1
2.0,5.0,0.22,0.0,9.0,0.02,17.0,17.0,0,KC1
2.0,5.0,0.22,0.0,9.0,0.02,17.0,17.0,0,KC1
2.0,5.0,0.22,0.0,9.0,0.02,17.0,17.0,0,KC1
2.0,5.0,0.22,0.0,9.0,0.02,17.0,17.0,0,KC1
2.0,5.0,0.22,0.0,9.0,0.02,17.0,17.0,0,KC1
2.0,15.0,0.2,0.0,7.0,0.02,17.0,16.59,1,KC1
1.0,4.0,0.67,0.0,3.0,0.0,5.0,0.97,0,KC1
1.0,4.0,0.67,0.0,3.0,0.0,5.0,0.97,0,KC1
1.0,1.0,0.67,0.0,3.0,0.0,5.0,0.97,0,KC1
6.0,35.0,0.05,0.0,14.0,0.21,125.0,748.55,0,KC1
1.0,8.0,0.67,0.0,3.0,0.01,9.0,2.11,0,KC1
2.0,10.0,0.25,0.0,6.0,0.01,11.0,7.75,0,KC1
1.0,2.0,0.67,0.0,3.0,0.0,5.0,0.97,0,KC1
2.0,5.0,0.22,0.0,9.0,0.02,17.0,17.0,0,KC1
2.0,5.0,0.22,0.0,9.0,0.02,17.0,17.0,0,KC1
2.0,5.0,0.22,0.0,9.0,0.02,17.0,17.0,0,KC1
2.0,5.0,0.22,0.0,9.0,0.02,17.0,17.0,0,KC1
1.0,2.0,0.67,0.0,3.0,0.0,5.0,0.97,0,KC1
1.0,2.0,0.67,0.0,3.0,0.0,5.0,0.97,0,KC1
1.0,2.0,0.67,0.0,3.0,0.0,5.0,0.97,0,KC1
1.0,2.0,0.5,0.0,4.0,0.01,8.0,2.5,0,KC1
1.0,11.0,0.33,0.0,6.0,0.01,11.0,6.09,1,KC1
1.0,4.0,0.67,0.0,3.0,0.0,5.0,0.97,0,KC1
1.0,4.0,0.67,0.0,3.0,0.0,5.0,0.97,0,KC1
2.0,8.0,0.15,0.0,9.0,0.02,17.0,23.59,1,KC1
14.0,62.0,0.02,0.0,37.0,1.0,445.0,7007.88,1,KC1
2.0,16.0,0.19,0.0,8.0,0.03,20.0,22.56,0,KC1
4.0,39.0,0.07,0.0,13.0,0.14,88.0,315.72,1,KC1
13.0,165.0,0.02,0.0,27.0,0.74,365.0,5303.37,1,KC1
3.0,45.0,0.08,0.0,13.0,0.13,83.0,273.01,1,KC1
1.0,18.0,0.12,0.0,11.0,0.07,45.0,93.3,0,KC1
1.0,7.0,0.44,0.0,4.0,0.02,17.0,7.47,0,KC1
1.0,2.0,0.67,0.0,3.0,0.0,5.0,0.97,0,KC1
1.0,2.0,0.67,0.0,3.0,0.0,4.0,0.67,0,KC1
1.0,2.0,0.67,0.0,3.0,0.0,5.0,0.97,0,KC1
1.0,2.0,0.67,0.0,3.0,0.0,5.0,0.97,0,KC1
5.0,27.0,0.06,0.0,20.0,0.2,113.0,584.71,1,KC1
2.0,10.0,0.24,0.0,7.0,0.03,22.0,18.4,0,KC1
1.0,5.0,0.5,0.0,4.0,0.01,6.0,1.72,0,KC1
1.0,3.0,0.0,0.0,1.0,0.0,1.0,0.0,0,KC1
1.0,3.0,0.0,0.0,1.0,0.0,1.0,0.0,0,KC1
1.0,3.0,0.0,0.0,1.0,0.0,1.0,0.0,0,KC1
1.0,3.0,0.0,0.0,1.0,0.0,1.0,0.0,0,KC1
1.0,3.0,0.0,0.0,1.0,0.0,1.0,0.0,0,KC1
1.0,3.0,0.0,0.0,1.0,0.0,1.0,0.0,1,KC1
1.0,3.0,0.0,0.0,1.0,0.0,1.0,0.0,0,KC1
1.0,3.0,0.0,0.0,1.0,0.0,1.0,0.0,0,KC1
1.0,3.0,0.0,0.0,1.0,0.0,1.0,0.0,0,KC1
1.0,3.0,0.0,0.0,1.0,0.0,1.0,0.0,0,KC1
3.0,13.0,0.16,0.0,8.0,0.03,23.0,30.26,0,KC1
6.0,27.0,0.04,0.0,16.0,0.1,64.0,374.36,0,KC1
4.0,43.0,0.1,0.0,13.0,0.2,111.0,316.03,0,KC1
2.0,21.0,0.16,0.0,10.0,0.09,61.0,99.89,1,KC1
12.0,220.0,0.05,0.0,19.0,1.01,453.0,3615.95,1,KC1
1.0,9.0,0.21,0.0,8.0,0.03,20.0,19.74,0,KC1
1.0,22.0,0.18,0.0,8.0,0.11,69.0,103.2,1,KC1
1.0,23.0,0.18,0.0,8.0,0.11,69.0,103.2,1,KC1
1.0,23.0,0.18,0.0,8.0,0.11,69.0,103.2,1,KC1
1.0,23.0,0.18,0.0,8.0,0.11,69.0,103.2,0,KC1
1.0,12.0,0.26,0.0,7.0,0.03,24.0,20.98,1,KC1
4.0,25.0,0.11,0.0,10.0,0.1,64.0,145.55,0,KC1
7.0,44.0,0.07,0.0,14.0,0.22,124.0,506.13,1,KC1
1.0,35.0,0.19,0.0,8.0,0.04,32.0,38.55,1,KC1
2.0,30.0,0.14,0.0,10.0,0.15,93.0,182.83,1,KC1
1.0,4.0,0.5,0.0,4.0,0.0,5.0,1.29,0,KC1
1.0,4.0,0.5,0.0,4.0,0.0,5.0,1.29,0,KC1
1.0,4.0,0.33,0.0,6.0,0.01,8.0,3.74,0,KC1
4.0,17.0,0.13,0.0,9.0,0.05,34.0,58.29,1,KC1
5.0,40.0,0.07,0.0,13.0,0.16,95.0,358.8,1,KC1
1.0,11.0,0.2,0.0,8.0,0.03,25.0,27.78,0,KC1
1.0,4.0,0.67,0.0,3.0,0.0,5.0,0.97,0,KC1
6.0,74.0,0.05,4.0,14.0,0.26,155.0,816.17,0,KC1
4.0,44.0,0.08,0.0,12.0,0.16,99.0,344.19,0,KC1
1.0,20.0,0.18,0.0,8.0,0.1,62.0,89.95,0,KC1
1.0,13.0,0.33,0.0,6.0,0.03,20.0,13.02,0,KC1
1.0,5.0,0.5,0.0,4.0,0.01,7.0,2.18,0,KC1
2.0,19.0,0.11,0.0,10.0,0.03,22.0,42.98,0,KC1
1.0,9.0,0.32,0.0,5.0,0.01,11.0,6.05,0,KC1
2.0,19.0,0.1,0.0,11.0,0.03,23.0,50.6,0,KC1
4.0,46.0,0.09,0.0,12.0,0.16,97.0,307.17,0,KC1
9.0,68.0,0.04,0.0,17.0,0.34,191.0,1381.25,0,KC1
1.0,20.0,0.18,0.0,8.0,0.1,62.0,89.95,0,KC1
1.0,14.0,0.33,0.0,6.0,0.03,20.0,13.02,0,KC1
1.0,5.0,0.5,0.0,4.0,0.01,7.0,2.18,0,KC1
13.0,179.0,0.04,0.0,17.0,0.75,361.0,2841.34,1,KC1
1.0,22.0,0.18,0.0,8.0,0.11,69.0,103.2,0,KC1
1.0,16.0,0.33,0.0,6.0,0.03,22.0,14.67,0,KC1
1.0,5.0,0.5,0.0,4.0,0.01,7.0,2.18,0,KC1
6.0,89.0,0.04,1.0,17.0,0.35,189.0,1376.94,1,KC1
8.0,92.0,0.07,0.0,12.0,0.39,212.0,997.64,1,KC1
1.0,14.0,0.33,0.0,6.0,0.04,26.0,18.07,1,KC1
1.0,12.0,0.33,0.0,6.0,0.03,22.0,14.67,1,KC1
1.0,10.0,0.4,0.0,5.0,0.02,18.0,9.25,1,KC1
8.0,92.0,0.07,0.0,12.0,0.37,203.0,956.39,1,KC1
3.0,41.0,0.09,0.0,11.0,0.15,92.0,288.3,0,KC1
1.0,14.0,0.2,0.0,8.0,0.04,26.0,28.86,0,KC1
1.0,10.0,0.33,0.0,6.0,0.02,17.0,10.79,0,KC1
4.0,44.0,0.08,0.0,12.0,0.17,101.0,336.67,0,KC1
2.0,34.0,0.09,0.0,11.0,0.08,56.0,150.31,0,KC1
1.0,7.0,0.23,0.0,7.0,0.02,15.0,12.61,0,KC1
4.0,64.0,0.09,0.0,11.0,0.25,138.0,447.42,1,KC1
1.0,5.0,0.33,0.0,6.0,0.01,13.0,7.5,0,KC1
1.0,7.0,0.23,0.0,7.0,0.02,15.0,12.61,0,KC1
1.0,20.0,0.18,0.0,8.0,0.1,62.0,89.95,0,KC1
16.0,184.0,0.03,0.0,28.0,0.97,437.0,5454.4,1,KC1
1.0,9.0,0.33,0.0,6.0,0.03,20.0,13.02,0,KC1
1.0,5.0,0.5,0.0,4.0,0.01,7.0,2.18,0,KC1
9.0,74.0,0.05,0.0,19.0,0.35,177.0,1080.43,0,KC1
3.0,25.0,0.1,0.0,11.0,0.08,50.0,126.7,0,KC1
7.0,82.0,0.05,0.0,20.0,0.43,218.0,1565.68,0,KC1
1.0,12.0,0.2,0.0,8.0,0.03,25.0,27.78,0,KC1
4.0,17.0,0.12,0.0,9.0,0.04,32.0,57.3,1,KC1
5.0,38.0,0.08,0.0,13.0,0.15,93.0,332.76,1,KC1
1.0,6.0,0.5,0.0,4.0,0.01,7.0,2.18,1,KC1
4.0,41.0,0.1,0.0,13.0,0.14,85.0,245.0,1,KC1
1.0,13.0,0.19,0.0,8.0,0.05,34.0,40.96,0,KC1
1.0,15.0,0.19,0.0,8.0,0.06,41.0,52.5,1,KC1
2.0,15.0,0.16,0.0,8.0,0.04,28.0,38.2,0,KC1
1.0,22.0,0.5,0.0,4.0,0.01,6.0,1.72,0,KC1
2.0,27.0,0.07,0.0,14.0,0.05,35.0,128.11,0,KC1
3.0,34.0,0.09,1.0,12.0,0.1,67.0,199.45,0,KC1
4.0,44.0,0.1,0.0,12.0,0.18,103.0,293.33,0,KC1
1.0,7.0,0.33,0.0,6.0,0.01,13.0,7.5,0,KC1
1.0,8.0,0.19,0.0,7.0,0.02,15.0,15.14,0,KC1
13.0,102.0,0.03,5.0,26.0,0.63,304.0,3045.32,0,KC1
1.0,9.0,0.21,0.0,8.0,0.02,18.0,17.77,0,KC1
2.0,13.0,0.14,0.0,8.0,0.03,21.0,29.28,0,KC1
1.0,22.0,0.91,0.0,2.0,0.02,14.0,3.07,1,KC1
5.0,40.0,0.1,0.0,12.0,0.14,81.0,218.53,0,KC1
1.0,13.0,1.33,0.0,1.0,0.01,7.0,0.68,1,KC1
1.0,5.0,0.5,0.0,4.0,0.01,11.0,3.87,0,KC1
1.0,5.0,2.0,0.0,1.0,0.0,3.0,0.13,0,KC1
1.0,6.0,2.0,0.0,1.0,0.0,3.0,0.13,0,KC1
5.0,39.0,0.09,0.0,12.0,0.23,132.0,421.94,0,KC1
1.0,3.0,0.0,0.0,1.0,0.0,1.0,0.0,0,KC1
1.0,3.0,0.0,0.0,1.0,0.0,1.0,0.0,0,KC1
1.0,3.0,0.0,0.0,1.0,0.0,1.0,0.0,0,KC1
7.0,100.0,0.04,0.0,22.0,0.76,362.0,3400.71,1,KC1
1.0,1.0,0.0,0.0,0.0,0.0,0.0,0.0,0,KC1
1.0,34.0,0.23,0.0,7.0,0.16,90.0,112.31,0,KC1
1.0,3.0,0.0,0.0,1.0,0.0,1.0,0.0,0,KC1
1.0,8.0,0.4,0.0,3.0,0.02,21.0,9.25,0,KC1
1.0,8.0,0.35,0.0,4.0,0.03,22.0,12.08,0,KC1
3.0,39.0,0.07,0.0,13.0,0.11,71.0,254.73,0,KC1
3.0,34.0,0.07,1.0,12.0,0.11,73.0,286.85,0,KC1
1.0,4.0,0.5,0.0,4.0,0.0,5.0,1.29,0,KC1
5.0,40.0,0.07,0.0,13.0,0.18,106.0,415.14,1,KC1
1.0,6.0,0.33,0.0,6.0,0.01,11.0,6.09,0,KC1
4.0,24.0,0.13,0.0,11.0,0.06,43.0,85.22,0,KC1
1.0,6.0,0.33,0.0,6.0,0.01,9.0,4.75,0,KC1
1.0,8.0,0.21,0.0,7.0,0.03,22.0,21.11,0,KC1
1.0,6.0,0.4,0.0,5.0,0.01,11.0,5.08,0,KC1
1.0,12.0,0.2,0.0,8.0,0.03,25.0,27.78,0,KC1
4.0,20.0,0.14,0.0,9.0,0.05,36.0,59.78,1,KC1
1.0,4.0,0.5,0.0,4.0,0.0,5.0,1.29,0,KC1
1.0,7.0,0.33,0.0,6.0,0.01,8.0,4.0,0,KC1
1.0,4.0,0.5,0.0,4.0,0.01,6.0,1.72,0,KC1
1.0,4.0,0.5,0.0,4.0,0.0,5.0,1.29,0,KC1
1.0,4.0,0.5,0.0,4.0,0.01,6.0,1.72,0,KC1
1.0,4.0,0.5,0.0,4.0,0.0,5.0,1.29,0,KC1
1.0,4.0,0.5,0.0,4.0,0.0,5.0,1.29,0,KC1
1.0,7.0,0.29,0.0,7.0,0.02,14.0,9.76,0,KC1
1.0,6.0,0.33,0.0,6.0,0.01,10.0,5.28,0,KC1
1.0,6.0,0.29,0.0,7.0,0.02,14.0,9.76,0,KC1
1.0,6.0,0.33,0.0,6.0,0.01,10.0,5.28,0,KC1
1.0,1.0,0.67,0.0,3.0,0.0,4.0,0.67,0,KC1
1.0,2.0,0.67,0.0,3.0,0.0,4.0,0.67,0,KC1
1.0,4.0,0.33,0.0,6.0,0.01,8.0,3.74,0,KC1
1.0,1.0,0.67,0.0,3.0,0.0,4.0,0.67,0,KC1
1.0,9.0,0.21,0.0,8.0,0.02,18.0,17.77,0,KC1
5.0,26.0,0.06,0.0,16.0,0.11,70.0,322.76,0,KC1
2.0,17.0,0.17,0.0,10.0,0.05,37.0,53.3,0,KC1
1.0,1.0,0.67,0.0,3.0,0.0,4.0,0.67,0,KC1
4.0,31.0,0.08,0.0,15.0,0.12,75.0,265.79,0,KC1
1.0,4.0,0.67,0.0,3.0,0.0,4.0,0.67,0,KC1
1.0,4.0,0.67,0.0,3.0,0.0,4.0,0.67,0,KC1
1.0,1.0,0.5,0.0,4.0,0.0,5.0,1.29,0,KC1
1.0,1.0,0.67,0.0,3.0,0.0,4.0,0.67,0,KC1
1.0,6.0,0.22,0.0,9.0,0.02,15.0,13.44,0,KC1
1.0,6.0,0.29,0.0,7.0,0.02,14.0,9.76,0,KC1
1.0,7.0,0.29,0.0,7.0,0.02,14.0,9.76,0,KC1
1.0,1.0,0.67,0.0,3.0,0.0,4.0,0.67,0,KC1
4.0,40.0,0.07,0.0,14.0,0.17,100.0,421.3,0,KC1
1.0,6.0,0.29,0.0,7.0,0.01,12.0,8.07,0,KC1
4.0,21.0,0.07,0.0,13.0,0.09,62.0,222.81,0,KC1
1.0,1.0,0.67,0.0,3.0,0.0,4.0,0.67,0,KC1
1.0,1.0,0.67,0.0,3.0,0.0,4.0,0.67,0,KC1
5.0,50.0,0.06,0.0,15.0,0.21,122.0,573.62,1,KC1
1.0,1.0,0.67,0.0,3.0,0.0,4.0,0.67,0,KC1
1.0,1.0,0.67,0.0,3.0,0.0,4.0,0.67,0,KC1
1.0,10.0,0.21,0.0,8.0,0.02,18.0,17.77,0,KC1
2.0,17.0,0.17,0.0,10.0,0.05,37.0,53.3,0,KC1
5.0,26.0,0.06,0.0,15.0,0.11,71.0,303.39,0,KC1
1.0,1.0,0.67,0.0,3.0,0.0,4.0,0.67,0,KC1
1.0,1.0,0.67,0.0,3.0,0.0,4.0,0.67,0,KC1
1.0,1.0,0.67,0.0,3.0,0.0,4.0,0.67,0,KC1
1.0,1.0,0.67,0.0,3.0,0.0,4.0,0.67,0,KC1
1.0,4.0,0.67,0.0,3.0,0.0,4.0,0.67,0,KC1
1.0,4.0,0.67,0.0,3.0,0.0,4.0,0.67,0,KC1
1.0,4.0,0.67,0.0,3.0,0.0,4.0,0.67,0,KC1
1.0,4.0,0.67,0.0,3.0,0.0,4.0,0.67,0,KC1
2.0,19.0,0.15,0.0,11.0,0.07,47.0,80.98,0,KC1
1.0,11.0,0.21,0.0,8.0,0.02,18.0,17.77,0,KC1
4.0,39.0,0.07,0.0,13.0,0.16,100.0,406.5,0,KC1
1.0,1.0,0.67,0.0,3.0,0.0,4.0,0.67,0,KC1
2.0,9.0,0.25,0.0,6.0,0.01,13.0,9.16,0,KC1
1.0,1.0,0.67,0.0,3.0,0.0,4.0,0.67,0,KC1
1.0,1.0,0.67,0.0,3.0,0.0,4.0,0.67,0,KC1
1.0,4.0,0.5,0.0,4.0,0.0,5.0,1.29,0,KC1
1.0,6.0,0.29,0.0,7.0,0.01,12.0,8.07,0,KC1
1.0,17.0,0.2,0.0,7.0,0.07,50.0,61.0,1,KC1
1.0,2.0,0.5,0.0,4.0,0.0,5.0,1.29,0,KC1
1.0,4.0,0.5,0.0,4.0,0.01,6.0,1.72,0,KC1
4.0,49.0,0.09,0.0,12.0,0.19,109.0,364.63,0,KC1
16.0,176.0,0.04,0.0,22.0,0.82,385.0,3734.06,1,KC1
1.0,24.0,0.18,0.0,8.0,0.12,76.0,116.77,0,KC1
3.0,46.0,0.09,0.0,12.0,0.09,62.0,173.72,0,KC1
1.0,18.0,0.33,0.0,6.0,0.03,24.0,16.35,0,KC1
1.0,5.0,0.5,0.0,4.0,0.01,7.0,2.18,0,KC1
13.0,132.0,0.05,0.0,23.0,0.59,278.0,2166.89,1,KC1
6.0,41.0,0.05,0.0,21.0,0.17,95.0,534.42,1,KC1
4.0,29.0,0.08,0.0,12.0,0.09,60.0,192.9,1,KC1
4.0,43.0,0.08,0.0,12.0,0.18,105.0,376.25,0,KC1
1.0,20.0,0.18,0.0,8.0,0.1,62.0,89.95,0,KC1
8.0,125.0,0.06,0.0,18.0,0.57,272.0,1675.67,1,KC1
1.0,9.0,0.33,0.0,6.0,0.03,20.0,13.02,0,KC1
1.0,5.0,0.5,0.0,4.0,0.01,7.0,2.18,0,KC1
1.0,4.0,0.33,0.0,6.0,0.01,8.0,3.74,0,KC1
28.0,162.0,0.02,5.0,22.0,0.96,482.0,8202.01,0,KC1
1.0,4.0,0.5,0.0,4.0,0.0,5.0,1.29,0,KC1
3.0,20.0,0.11,2.0,14.0,0.05,33.0,71.54,0,KC1
3.0,20.0,0.11,2.0,14.0,0.05,33.0,71.54,0,KC1
3.0,20.0,0.11,2.0,14.0,0.05,33.0,71.54,0,KC1
3.0,20.0,0.11,2.0,14.0,0.05,33.0,71.54,0,KC1
3.0,20.0,0.11,2.0,14.0,0.05,33.0,71.54,0,KC1
3.0,19.0,0.12,2.0,13.0,0.05,32.0,63.44,0,KC1
3.0,19.0,0.11,2.0,14.0,0.05,33.0,71.54,0,KC1
3.0,20.0,0.11,2.0,14.0,0.05,33.0,71.54,0,KC1
3.0,20.0,0.11,2.0,14.0,0.05,33.0,71.54,0,KC1
3.0,20.0,0.11,2.0,14.0,0.05,33.0,71.54,0,KC1
3.0,20.0,0.11,2.0,14.0,0.05,33.0,71.54,0,KC1
3.0,20.0,0.11,2.0,14.0,0.05,33.0,71.54,0,KC1
3.0,20.0,0.12,2.0,13.0,0.05,35.0,75.15,0,KC1
3.0,19.0,0.12,2.0,13.0,0.05,32.0,63.44,0,KC1
1.0,4.0,0.29,0.0,7.0,0.01,9.0,5.55,0,KC1
6.0,64.0,0.04,7.0,18.0,0.25,145.0,1141.42,0,KC1
1.0,4.0,0.5,0.0,4.0,0.0,5.0,1.29,0,KC1
1.0,4.0,0.5,0.0,4.0,0.0,5.0,1.29,0,KC1
1.0,4.0,0.5,0.0,4.0,0.01,6.0,1.72,0,KC1
3.0,19.0,0.12,2.0,13.0,0.05,32.0,63.44,0,KC1
3.0,19.0,0.12,2.0,13.0,0.05,32.0,63.44,0,KC1
1.0,6.0,0.33,0.0,6.0,0.01,10.0,5.28,0,KC1
1.0,4.0,0.5,0.0,4.0,0.01,6.0,1.72,0,KC1
1.0,4.0,0.5,0.0,4.0,0.0,5.0,1.29,0,KC1
1.0,6.0,0.29,0.0,7.0,0.01,12.0,8.07,0,KC1
1.0,6.0,0.29,0.0,7.0,0.01,12.0,8.07,0,KC1
4.0,81.0,0.06,0.0,15.0,0.3,162.0,773.3,1,KC1
1.0,9.0,0.21,0.0,7.0,0.03,22.0,21.11,0,KC1
5.0,54.0,0.09,0.0,12.0,0.2,118.0,393.42,0,KC1
6.0,112.0,0.06,0.0,13.0,0.44,229.0,1196.62,0,KC1
1.0,11.0,0.21,0.0,7.0,0.04,29.0,30.29,0,KC1
1.0,22.0,0.18,0.0,8.0,0.11,69.0,103.2,0,KC1
1.0,17.0,0.33,0.0,6.0,0.03,22.0,14.67,0,KC1
1.0,5.0,0.5,0.0,4.0,0.01,7.0,2.18,0,KC1
1.0,14.0,0.19,0.0,8.0,0.05,34.0,40.96,0,KC1
1.0,10.0,0.21,0.0,8.0,0.03,20.0,19.74,0,KC1
1.0,8.0,0.23,0.0,7.0,0.02,15.0,12.61,0,KC1
5.0,42.0,0.06,0.0,14.0,0.19,113.0,490.01,1,KC1
4.0,17.0,0.12,0.0,9.0,0.04,32.0,57.3,1,KC1
1.0,11.0,0.2,0.0,8.0,0.03,25.0,27.78,0,KC1
1.0,6.0,0.29,0.0,7.0,0.01,13.0,8.74,0,KC1
1.0,7.0,0.29,0.0,7.0,0.01,12.0,8.07,0,KC1
1.0,6.0,0.33,0.0,6.0,0.01,10.0,5.28,0,KC1
1.0,5.0,0.29,0.0,7.0,0.01,11.0,7.11,0,KC1
3.0,12.0,0.11,0.0,11.0,0.04,33.0,68.69,0,KC1
1.0,16.0,0.67,0.0,3.0,0.0,4.0,0.67,0,KC1
3.0,14.0,0.11,0.0,11.0,0.06,40.0,84.37,1,KC1
4.0,25.0,0.09,0.0,14.0,0.08,50.0,139.55,0,KC1
1.0,4.0,0.5,0.0,4.0,0.01,6.0,1.72,0,KC1
1.0,4.0,0.4,0.0,5.0,0.01,8.0,3.33,0,KC1
2.0,11.0,0.11,0.0,8.0,0.03,27.0,48.85,0,KC1
1.0,9.0,0.5,0.0,4.0,0.01,6.0,1.72,1,KC1
2.0,10.0,0.22,1.0,9.0,0.02,17.0,16.18,0,KC1
3.0,40.0,0.07,2.0,14.0,0.09,60.0,210.21,0,KC1
13.0,101.0,0.06,0.0,18.0,0.42,214.0,1249.03,1,KC1
2.0,24.0,0.14,0.0,10.0,0.11,65.0,123.53,0,KC1
1.0,9.0,0.21,0.0,8.0,0.03,20.0,19.74,0,KC1
1.0,6.0,0.67,0.0,3.0,0.0,4.0,0.67,0,KC1
1.0,16.0,0.18,0.0,8.0,0.07,48.0,64.56,0,KC1
1.0,27.0,0.67,0.0,3.0,0.0,4.0,0.67,0,KC1
1.0,15.0,0.19,0.0,8.0,0.05,34.0,40.96,0,KC1
2.0,15.0,0.15,0.0,8.0,0.04,28.0,39.48,0,KC1
1.0,4.0,0.33,0.0,6.0,0.01,8.0,3.74,0,KC1
9.0,63.0,0.04,0.0,22.0,0.35,182.0,1363.97,0,KC1
1.0,4.0,0.5,0.0,4.0,0.0,5.0,1.29,0,KC1
1.0,4.0,0.4,0.0,5.0,0.01,7.0,2.51,0,KC1
1.0,4.0,0.5,0.0,4.0,0.01,6.0,1.72,0,KC1
1.0,4.0,0.5,0.0,4.0,0.0,5.0,1.29,0,KC1
1.0,4.0,0.5,0.0,4.0,0.01,6.0,1.72,0,KC1
3.0,29.0,0.11,2.0,14.0,0.07,46.0,112.11,0,KC1
3.0,27.0,0.11,2.0,14.0,0.07,46.0,112.11,0,KC1
1.0,4.0,0.5,0.0,4.0,0.0,5.0,1.29,0,KC1
1.0,3.0,0.0,0.0,1.0,0.0,1.0,0.0,1,KC1
2.0,11.0,0.29,0.0,7.0,0.04,26.0,21.08,1,KC1
1.0,3.0,0.0,0.0,1.0,0.0,1.0,0.0,0,KC1
2.0,5.0,0.22,0.0,6.0,0.01,9.0,6.75,0,KC1
3.0,35.0,0.08,0.0,14.0,0.18,105.0,388.44,1,KC1
3.0,15.0,0.18,0.0,10.0,0.03,23.0,29.97,0,KC1
1.0,3.0,0.0,0.0,1.0,0.0,1.0,0.0,0,KC1
1.0,4.0,0.67,0.0,3.0,0.0,4.0,0.67,0,KC1
1.0,3.0,0.0,0.0,1.0,0.0,1.0,0.0,0,KC1
1.0,3.0,0.0,0.0,1.0,0.0,1.0,0.0,0,KC1
2.0,7.0,0.19,0.0,7.0,0.01,11.0,10.17,1,KC1
1.0,7.0,0.25,0.0,8.0,0.03,20.0,17.36,1,KC1
1.0,11.0,0.22,0.0,7.0,0.03,24.0,22.84,1,KC1
1.0,8.0,0.4,0.0,5.0,0.01,11.0,5.08,0,KC1
1.0,11.0,0.22,0.0,7.0,0.03,24.0,22.84,1,KC1
1.0,11.0,0.22,0.0,7.0,0.03,24.0,22.84,1,KC1
1.0,11.0,0.22,0.0,7.0,0.03,24.0,22.84,1,KC1
5.0,34.0,0.05,0.0,15.0,0.16,99.0,510.9,1,KC1
1.0,5.0,0.67,0.0,3.0,0.0,4.0,0.67,0,KC1
2.0,22.0,0.11,1.0,11.0,0.07,50.0,114.08,0,KC1
3.0,30.0,0.09,0.0,10.0,0.12,81.0,234.12,0,KC1
1.0,5.0,0.67,0.0,3.0,0.0,4.0,0.67,0,KC1
4.0,24.0,0.06,0.0,16.0,0.09,55.0,253.59,1,KC1
3.0,18.0,0.09,0.0,12.0,0.06,38.0,105.09,0,KC1
1.0,7.0,0.33,0.0,5.0,0.02,21.0,11.63,0,KC1
4.0,35.0,0.07,1.0,15.0,0.14,85.0,331.91,1,KC1
1.0,12.0,0.21,0.0,7.0,0.02,18.0,17.27,1,KC1
5.0,35.0,0.05,0.0,15.0,0.14,88.0,493.98,1,KC1
2.0,16.0,0.15,0.0,8.0,0.04,29.0,43.16,1,KC1
3.0,26.0,0.11,0.0,12.0,0.08,53.0,128.8,0,KC1
4.0,48.0,0.05,2.0,18.0,0.23,132.0,796.64,1,KC1
1.0,13.0,0.2,0.0,8.0,0.04,27.0,30.0,0,KC1
1.0,2.0,0.67,0.0,3.0,0.0,5.0,0.97,0,KC1
2.0,2.0,0.2,0.0,5.0,0.01,7.0,5.03,0,KC1
1.0,2.0,0.67,0.0,3.0,0.0,5.0,0.97,0,KC1
7.0,72.0,0.07,0.0,16.0,0.26,142.0,633.44,1,KC1
1.0,5.0,0.33,0.0,6.0,0.01,13.0,7.2,0,KC1
1.0,1.0,0.67,0.0,3.0,0.0,4.0,0.67,0,KC1
1.0,1.0,0.67,0.0,3.0,0.0,4.0,0.67,0,KC1
1.0,2.0,0.67,0.0,3.0,0.0,5.0,0.97,0,KC1
3.0,18.0,0.11,0.0,13.0,0.06,39.0,88.05,0,KC1
1.0,1.0,0.0,0.0,6.0,0.01,6.0,0.0,0,KC1
1.0,1.0,0.0,0.0,6.0,0.01,6.0,0.0,0,KC1
2.0,19.0,0.17,0.0,9.0,0.06,39.0,56.71,0,KC1
2.0,38.0,0.08,0.0,13.0,0.15,90.0,322.02,1,KC1
1.0,4.0,1.0,0.0,2.0,0.0,3.0,0.26,0,KC1
1.0,3.0,0.0,0.0,1.0,0.0,1.0,0.0,0,KC1
7.0,61.0,0.09,0.0,15.0,0.31,167.0,605.91,1,KC1
1.0,2.0,1.0,0.0,2.0,0.0,3.0,0.26,0,KC1
1.0,4.0,1.0,0.0,2.0,0.0,3.0,0.26,0,KC1
3.0,26.0,0.06,0.0,14.0,0.14,88.0,411.3,0,KC1
1.0,1.0,0.0,0.0,0.0,0.0,0.0,0.0,0,KC1
1.0,2.0,1.0,0.0,2.0,0.0,3.0,0.26,0,KC1
1.0,4.0,1.0,0.0,2.0,0.0,3.0,0.26,0,KC1
1.0,5.0,0.67,0.0,3.0,0.01,6.0,1.29,0,KC1
1.0,1.0,0.0,0.0,0.0,0.0,0.0,0.0,0,KC1
5.0,50.0,0.08,0.0,14.0,0.21,116.0,411.76,1,KC1
1.0,3.0,1.0,0.0,2.0,0.0,4.0,0.44,0,KC1
1.0,4.0,1.0,0.0,2.0,0.0,4.0,0.44,0,KC1
1.0,4.0,1.0,0.0,2.0,0.0,3.0,0.26,0,KC1
3.0,23.0,0.12,0.0,13.0,0.08,52.0,119.73,0,KC1
1.0,2.0,1.0,0.0,2.0,0.0,3.0,0.26,0,KC1
1.0,5.0,2.0,0.0,1.0,0.0,2.0,0.06,0,KC1
1.0,3.0,0.0,0.0,1.0,0.0,1.0,0.0,0,KC1
1.0,3.0,0.0,0.0,1.0,0.0,1.0,0.0,0,KC1
1.0,4.0,2.0,0.0,1.0,0.0,2.0,0.06,0,KC1
1.0,4.0,2.0,0.0,1.0,0.0,2.0,0.06,0,KC1
1.0,3.0,0.0,0.0,1.0,0.0,1.0,0.0,0,KC1
1.0,6.0,0.0,0.0,1.0,0.0,1.0,0.0,0,KC1
1.0,4.0,0.67,0.0,3.0,0.0,4.0,0.67,0,KC1
1.0,1.0,0.67,0.0,3.0,0.0,5.0,0.97,0,KC1
1.0,20.0,0.41,0.0,4.0,0.04,27.0,15.19,1,KC1
1.0,4.0,1.0,0.0,2.0,0.0,3.0,0.26,0,KC1
1.0,10.0,0.4,0.0,5.0,0.02,15.0,7.71,1,KC1
1.0,4.0,1.0,0.0,2.0,0.0,4.0,0.44,1,KC1
1.0,16.0,0.21,0.0,8.0,0.05,32.0,35.86,0,KC1
2.0,11.0,0.22,0.0,9.0,0.03,19.0,19.0,0,KC1
1.0,6.0,0.4,0.0,5.0,0.01,10.0,4.4,0,KC1
1.0,8.0,0.4,0.0,5.0,0.01,8.0,3.33,0,KC1
5.0,19.0,0.07,0.0,15.0,0.08,50.0,188.48,0,KC1
1.0,6.0,0.4,0.0,5.0,0.01,10.0,4.4,0,KC1
1.0,9.0,0.4,0.0,5.0,0.01,8.0,3.33,0,KC1
9.0,48.0,0.04,0.0,18.0,0.12,74.0,462.47,0,KC1
1.0,4.0,0.33,0.0,6.0,0.01,9.0,4.75,0,KC1
1.0,2.0,0.67,0.0,3.0,0.0,4.0,0.67,0,KC1
5.0,38.0,0.08,0.0,11.0,0.16,99.0,331.77,1,KC1
1.0,2.0,0.67,0.0,3.0,0.0,4.0,0.67,0,KC1
6.0,52.0,0.06,1.0,15.0,0.24,139.0,634.31,0,KC1
1.0,2.0,0.67,0.0,3.0,0.0,4.0,0.67,0,KC1
1.0,2.0,0.67,0.0,3.0,0.0,4.0,0.67,0,KC1
1.0,2.0,0.67,0.0,3.0,0.0,4.0,0.67,0,KC1
1.0,2.0,0.67,0.0,3.0,0.0,4.0,0.67,0,KC1
1.0,2.0,0.67,0.0,3.0,0.0,4.0,0.67,0,KC1
2.0,11.0,0.13,0.0,9.0,0.03,21.0,34.0,0,KC1
1.0,2.0,0.67,0.0,3.0,0.0,4.0,0.67,0,KC1
1.0,1.0,0.67,0.0,3.0,0.0,4.0,0.67,0,KC1
1.0,2.0,0.67,0.0,3.0,0.0,4.0,0.67,0,KC1
1.0,2.0,0.67,0.0,3.0,0.0,4.0,0.67,0,KC1
1.0,2.0,0.67,0.0,3.0,0.0,4.0,0.67,0,KC1
1.0,2.0,0.67,0.0,3.0,0.0,4.0,0.67,0,KC1
1.0,2.0,0.67,0.0,3.0,0.0,4.0,0.67,0,KC1
3.0,15.0,0.13,0.0,10.0,0.06,42.0,77.09,0,KC1
2.0,13.0,0.16,0.0,8.0,0.03,25.0,32.89,0,KC1
1.0,2.0,0.67,0.0,3.0,0.0,4.0,0.67,0,KC1
1.0,2.0,0.67,0.0,3.0,0.0,4.0,0.67,0,KC1
1.0,2.0,0.67,0.0,3.0,0.0,4.0,0.67,0,KC1
1.0,2.0,0.67,0.0,3.0,0.0,4.0,0.67,0,KC1
1.0,2.0,0.67,0.0,3.0,0.0,4.0,0.67,0,KC1
1.0,2.0,0.67,0.0,3.0,0.0,4.0,0.67,0,KC1
1.0,2.0,0.67,0.0,3.0,0.0,4.0,0.67,0,KC1
6.0,60.0,0.05,0.0,18.0,0.33,176.0,1064.87,1,KC1
1.0,2.0,0.4,0.0,5.0,0.01,6.0,2.15,0,KC1
1.0,6.0,0.67,0.0,3.0,0.0,5.0,0.97,0,KC1
2.0,8.0,0.28,0.0,6.0,0.02,15.0,10.38,0,KC1
1.0,4.0,0.67,0.0,3.0,0.0,4.0,0.67,1,KC1
1.0,1.0,0.67,0.0,3.0,0.0,4.0,0.67,0,KC1
1.0,1.0,0.67,0.0,3.0,0.0,4.0,0.67,0,KC1
2.0,2.0,0.4,0.0,5.0,0.01,8.0,3.33,0,KC1
3.0,3.0,0.17,0.0,9.0,0.02,15.0,17.92,0,KC1
1.0,2.0,0.67,0.0,3.0,0.0,4.0,0.67,0,KC1
2.0,2.0,0.14,0.0,7.0,0.01,9.0,10.5,0,KC1
1.0,2.0,0.67,0.0,3.0,0.0,4.0,0.67,0,KC1
2.0,2.0,0.14,0.0,7.0,0.01,9.0,10.5,0,KC1
3.0,3.0,0.22,0.0,9.0,0.02,14.0,13.33,0,KC1
1.0,2.0,0.67,0.0,3.0,0.0,4.0,0.67,0,KC1
1.0,2.0,0.67,0.0,3.0,0.0,5.0,0.97,0,KC1
2.0,15.0,0.13,1.0,8.0,0.05,35.0,56.43,1,KC1
2.0,9.0,0.15,0.0,9.0,0.02,18.0,24.98,0,KC1
6.0,54.0,0.06,0.0,18.0,0.24,132.0,644.72,0,KC1
3.0,24.0,0.14,0.0,9.0,0.09,58.0,103.07,0,KC1
1.0,15.0,0.2,0.0,8.0,0.04,29.0,32.22,0,KC1
1.0,6.0,0.33,0.0,6.0,0.01,12.0,6.64,1,KC1
1.0,2.0,0.67,0.0,3.0,0.0,5.0,0.97,0,KC1
1.0,3.0,0.5,0.0,3.0,0.01,9.0,2.58,0,KC1
1.0,1.0,0.0,0.0,4.0,0.0,4.0,0.0,0,KC1
1.0,1.0,0.0,0.0,4.0,0.0,4.0,0.0,0,KC1
2.0,9.0,0.15,0.0,8.0,0.02,16.0,20.5,0,KC1
1.0,4.0,0.67,0.0,3.0,0.0,4.0,0.67,0,KC1
1.0,4.0,0.67,0.0,3.0,0.0,4.0,0.67,0,KC1
1.0,4.0,0.67,0.0,3.0,0.0,4.0,0.67,0,KC1
1.0,4.0,0.67,0.0,3.0,0.0,4.0,0.67,0,KC1
1.0,4.0,0.67,0.0,3.0,0.0,4.0,0.67,0,KC1
1.0,4.0,0.67,0.0,3.0,0.0,4.0,0.67,0,KC1
3.0,15.0,0.08,0.0,13.0,0.06,43.0,134.22,0,KC1
3.0,15.0,0.09,0.0,14.0,0.06,39.0,106.72,0,KC1
1.0,4.0,0.67,0.0,3.0,0.0,4.0,0.67,0,KC1
1.0,4.0,0.29,0.0,7.0,0.01,8.0,4.67,0,KC1
1.0,4.0,0.29,0.0,7.0,0.01,8.0,4.67,0,KC1
8.0,63.0,0.06,0.0,18.0,0.24,133.0,689.84,1,KC1
1.0,6.0,0.4,0.0,5.0,0.01,8.0,3.33,1,KC1
11.0,72.0,0.04,1.0,22.0,0.28,154.0,1234.59,1,KC1
1.0,2.0,0.5,0.0,4.0,0.01,7.0,2.0,0,KC1
6.0,50.0,0.05,0.0,20.0,0.27,144.0,893.59,1,KC1
3.0,26.0,0.12,0.0,9.0,0.1,67.0,143.65,0,KC1
1.0,17.0,0.17,0.0,8.0,0.06,43.0,59.04,1,KC1
4.0,19.0,0.08,0.0,10.0,0.05,39.0,115.56,0,KC1
4.0,19.0,0.08,0.0,10.0,0.05,39.0,115.56,0,KC1
5.0,20.0,0.13,0.0,8.0,0.05,37.0,63.48,0,KC1
5.0,20.0,0.13,0.0,8.0,0.05,37.0,63.48,0,KC1
1.0,4.0,0.5,0.0,4.0,0.01,6.0,1.72,0,KC1
1.0,2.0,0.5,0.0,4.0,0.0,5.0,1.29,0,KC1
1.0,2.0,0.67,0.0,3.0,0.0,5.0,0.97,0,KC1
1.0,2.0,0.67,0.0,3.0,0.0,5.0,0.97,0,KC1
1.0,2.0,0.67,0.0,3.0,0.0,5.0,0.97,0,KC1
2.0,11.0,0.16,0.0,7.0,0.03,23.0,30.34,0,KC1
2.0,10.0,0.18,0.0,7.0,0.03,22.0,25.59,0,KC1
2.0,11.0,0.16,0.0,7.0,0.03,23.0,30.34,0,KC1
2.0,10.0,0.18,0.0,7.0,0.03,22.0,25.59,0,KC1
3.0,18.0,0.11,0.0,9.0,0.05,41.0,82.0,0,KC1
11.0,97.0,0.03,2.0,23.0,0.42,216.0,2130.72,1,KC1
6.0,57.0,0.06,0.0,17.0,0.38,195.0,973.54,1,KC1
1.0,17.0,0.16,0.0,9.0,0.05,35.0,52.04,0,KC1
2.0,20.0,0.14,0.0,10.0,0.07,49.0,89.99,1,KC1
2.0,15.0,0.18,0.0,9.0,0.04,26.0,33.13,0,KC1
1.0,2.0,0.67,0.0,3.0,0.0,5.0,0.97,0,KC1
1.0,1.0,0.67,0.0,3.0,0.0,5.0,0.97,0,KC1
1.0,2.0,0.67,0.0,3.0,0.0,5.0,0.97,0,KC1
2.0,19.0,0.16,0.0,8.0,0.05,39.0,55.11,0,KC1
2.0,15.0,0.21,0.0,7.0,0.08,53.0,64.09,0,KC1
2.0,14.0,0.21,0.0,8.0,0.05,34.0,37.81,0,KC1
2.0,14.0,0.15,0.0,8.0,0.04,31.0,46.14,0,KC1
1.0,2.0,0.5,0.0,4.0,0.01,8.0,2.5,0,KC1
2.0,14.0,0.19,0.0,8.0,0.04,28.0,31.26,0,KC1
1.0,4.0,0.67,0.0,3.0,0.0,5.0,0.97,0,KC1
16.0,82.0,0.06,0.0,12.0,0.37,204.0,1011.74,1,KC1
2.0,19.0,0.15,0.0,10.0,0.06,40.0,66.55,0,KC1
1.0,8.0,0.21,0.0,8.0,0.03,20.0,19.74,1,KC1
3.0,23.0,0.1,0.0,12.0,0.09,60.0,150.03,0,KC1
1.0,2.0,0.67,0.0,3.0,0.0,4.0,0.67,0,KC1
1.0,13.0,0.25,0.0,6.0,0.02,17.0,13.54,0,KC1
5.0,20.0,0.17,0.0,9.0,0.08,54.0,79.06,1,KC1
7.0,36.0,0.07,0.0,13.0,0.12,75.0,269.08,1,KC1
2.0,11.0,0.17,0.0,8.0,0.03,27.0,34.27,0,KC1
1.0,0.0,0.0,0.0,1.0,0.0,1.0,0.0,0,MC1
1.0,0.0,0.0,0.0,1.0,0.0,1.0,0.0,0,MC1
1.0,0.0,0.0,0.0,0.0,0.0,0.0,0.0,0,MC1
1.0,0.0,0.0,0.0,0.0,0.0,0.0,0.0,0,MC1
1.0,0.0,0.0,0.0,1.0,0.0,1.0,0.0,0,MC1
1.0,0.0,0.0,0.0,1.0,0.0,1.0,0.0,0,MC1
1.0,0.0,0.0,0.0,0.0,0.0,0.0,0.0,0,MC1
1.0,0.0,0.0,0.0,0.0,0.0,0.0,0.0,0,MC1
1.0,0.0,0.0,0.0,1.0,0.0,1.0,0.0,0,MC1
1.0,0.0,0.0,0.0,1.0,0.0,1.0,0.0,0,MC1
1.0,0.0,0.0,0.0,0.0,0.0,0.0,0.0,0,MC1
1.0,0.0,0.0,0.0,0.0,0.0,0.0,0.0,0,MC1
1.0,0.0,0.0,0.0,1.0,0.0,1.0,0.0,0,MC1
1.0,0.0,0.0,0.0,1.0,0.0,1.0,0.0,0,MC1
1.0,0.0,0.0,0.0,0.0,0.0,0.0,0.0,0,MC1
1.0,0.0,0.0,0.0,0.0,0.0,0.0,0.0,0,MC1
1.0,0.0,0.0,0.0,1.0,0.0,1.0,0.0,0,MC1
1.0,0.0,0.0,0.0,1.0,0.0,1.0,0.0,0,MC1
1.0,0.0,0.0,0.0,0.0,0.0,0.0,0.0,0,MC1
1.0,0.0,0.0,0.0,0.0,0.0,0.0,0.0,0,MC1
1.0,2.0,0.13,0.0,8.0,0.02,17.0,26.14,0,MC1
1.0,2.0,0.11,0.0,9.0,0.02,19.0,35.15,0,MC1
1.0,81.0,0.02,14.0,26.0,0.45,238.0,3610.07,1,MC1
1.0,82.0,0.02,15.0,26.0,0.46,238.0,3392.46,0,MC1
1.0,81.0,0.02,14.0,26.0,0.46,238.0,3392.46,0,MC1
1.0,81.0,0.02,14.0,26.0,0.45,238.0,3610.07,0,MC1
1.0,81.0,0.02,14.0,26.0,0.46,238.0,3392.46,0,MC1
1.0,81.0,0.02,14.0,26.0,0.45,238.0,3610.07,0,MC1
1.0,81.0,0.02,14.0,26.0,0.46,238.0,3392.46,0,MC1
1.0,81.0,0.02,14.0,26.0,0.45,238.0,3610.07,0,MC1
1.0,81.0,0.02,14.0,26.0,0.46,238.0,3392.46,0,MC1
1.0,81.0,0.02,14.0,26.0,0.45,238.0,3610.07,1,MC1
1.0,81.0,0.02,14.0,26.0,0.46,238.0,3392.46,1,MC1
1.0,81.0,0.02,14.0,26.0,0.46,238.0,3392.46,0,MC1
1.0,81.0,0.02,14.0,26.0,0.45,238.0,3610.07,0,MC1
1.0,82.0,0.02,15.0,26.0,0.46,238.0,3392.46,0,MC1
1.0,82.0,0.02,15.0,26.0,0.45,238.0,3610.07,0,MC1
1.0,81.0,0.02,14.0,26.0,0.46,238.0,3392.46,0,MC1
1.0,81.0,0.02,14.0,26.0,0.45,238.0,3610.07,0,MC1
1.0,81.0,0.02,14.0,26.0,0.46,238.0,3392.46,1,MC1
1.0,82.0,0.02,15.0,26.0,0.45,238.0,3610.07,0,MC1
1.0,81.0,0.02,14.0,26.0,0.45,238.0,3610.07,0,MC1
6.0,34.0,0.05,14.0,19.0,0.2,110.0,721.04,0,MC1
6.0,34.0,0.05,14.0,19.0,0.2,110.0,721.04,0,MC1
5.0,32.0,0.05,13.0,18.0,0.19,109.0,647.45,0,MC1
6.0,34.0,0.05,14.0,19.0,0.2,110.0,721.04,0,MC1
5.0,32.0,0.05,13.0,18.0,0.19,109.0,647.45,0,MC1
6.0,34.0,0.05,14.0,19.0,0.2,110.0,721.04,0,MC1
6.0,34.0,0.05,14.0,19.0,0.2,110.0,721.04,0,MC1
6.0,34.0,0.05,14.0,19.0,0.2,110.0,721.04,0,MC1
6.0,34.0,0.05,14.0,19.0,0.2,110.0,721.04,0,MC1
6.0,34.0,0.05,14.0,19.0,0.2,110.0,721.04,0,MC1
1.0,7.0,0.18,0.0,7.0,0.04,29.0,33.74,0,MC1
1.0,7.0,0.18,0.0,7.0,0.04,29.0,33.74,0,MC1
1.0,7.0,0.18,0.0,7.0,0.04,29.0,33.74,0,MC1
1.0,7.0,0.18,0.0,7.0,0.04,29.0,33.74,0,MC1
1.0,7.0,0.18,0.0,7.0,0.04,29.0,33.74,0,MC1
1.0,7.0,0.18,0.0,7.0,0.04,29.0,33.74,0,MC1
1.0,7.0,0.18,0.0,7.0,0.04,29.0,33.74,0,MC1
1.0,7.0,0.18,0.0,7.0,0.04,29.0,33.74,0,MC1
1.0,7.0,0.18,0.0,7.0,0.04,29.0,33.74,0,MC1
1.0,7.0,0.18,0.0,7.0,0.04,29.0,33.74,0,MC1
1.0,7.0,0.18,0.0,7.0,0.04,29.0,33.74,0,MC1
1.0,7.0,0.18,0.0,7.0,0.04,29.0,33.74,0,MC1
1.0,7.0,0.18,0.0,7.0,0.04,29.0,33.74,0,MC1
1.0,7.0,0.18,0.0,7.0,0.04,29.0,33.74,0,MC1
1.0,7.0,0.18,0.0,7.0,0.04,29.0,33.74,0,MC1
1.0,7.0,0.18,0.0,7.0,0.04,29.0,33.74,0,MC1
1.0,7.0,0.18,0.0,7.0,0.04,29.0,33.74,0,MC1
1.0,7.0,0.18,0.0,7.0,0.04,29.0,33.74,0,MC1
1.0,7.0,0.18,0.0,7.0,0.04,29.0,33.74,0,MC1
1.0,7.0,0.18,0.0,7.0,0.04,29.0,33.74,0,MC1
1.0,2.0,0.5,1.0,4.0,0.01,7.0,2.18,0,MC1
1.0,2.0,0.5,1.0,4.0,0.01,7.0,2.18,0,MC1
1.0,2.0,0.5,1.0,4.0,0.01,7.0,2.18,0,MC1
1.0,2.0,0.5,1.0,4.0,0.01,7.0,2.18,0,MC1
1.0,2.0,0.5,1.0,4.0,0.01,7.0,2.18,0,MC1
1.0,2.0,0.5,1.0,4.0,0.01,7.0,2.18,0,MC1
1.0,2.0,0.5,1.0,4.0,0.01,7.0,2.18,0,MC1
1.0,2.0,0.5,1.0,4.0,0.01,7.0,2.18,0,MC1
1.0,2.0,0.5,1.0,4.0,0.01,7.0,2.18,0,MC1
1.0,2.0,0.5,1.0,4.0,0.01,7.0,2.18,0,MC1
1.0,2.0,0.5,1.0,4.0,0.01,7.0,2.18,0,MC1
1.0,2.0,0.5,1.0,4.0,0.01,7.0,2.18,0,MC1
1.0,2.0,0.5,1.0,4.0,0.01,7.0,2.18,0,MC1
1.0,2.0,0.5,1.0,4.0,0.01,7.0,2.18,0,MC1
1.0,2.0,0.5,1.0,4.0,0.01,7.0,2.18,0,MC1
1.0,2.0,0.5,1.0,4.0,0.01,7.0,2.18,0,MC1
1.0,2.0,0.5,1.0,4.0,0.01,7.0,2.18,0,MC1
1.0,2.0,0.5,1.0,4.0,0.01,7.0,2.18,0,MC1
1.0,2.0,0.5,1.0,4.0,0.01,7.0,2.18,0,MC1
1.0,2.0,0.5,1.0,4.0,0.01,7.0,2.18,0,MC1
1.0,2.0,0.29,1.0,7.0,0.01,11.0,7.11,0,MC1
1.0,2.0,0.29,1.0,7.0,0.01,11.0,7.11,0,MC1
1.0,2.0,0.29,1.0,7.0,0.01,11.0,7.11,0,MC1
1.0,2.0,0.29,1.0,7.0,0.01,11.0,7.11,0,MC1
1.0,2.0,0.29,1.0,7.0,0.01,11.0,7.11,0,MC1
1.0,2.0,0.29,1.0,7.0,0.01,11.0,7.11,0,MC1
1.0,2.0,0.29,1.0,7.0,0.01,11.0,7.11,0,MC1
1.0,2.0,0.29,1.0,7.0,0.01,11.0,7.11,0,MC1
1.0,2.0,0.29,1.0,7.0,0.01,11.0,7.11,0,MC1
1.0,2.0,0.29,1.0,7.0,0.01,11.0,7.11,0,MC1
2.0,8.0,0.1,4.0,10.0,0.03,23.0,48.65,0,MC1
2.0,8.0,0.1,4.0,10.0,0.03,23.0,48.65,0,MC1
2.0,8.0,0.1,4.0,10.0,0.03,23.0,48.65,0,MC1
2.0,8.0,0.1,4.0,10.0,0.03,23.0,48.65,0,MC1
2.0,8.0,0.1,4.0,10.0,0.03,23.0,48.65,0,MC1
2.0,8.0,0.1,4.0,10.0,0.03,23.0,48.65,0,MC1
2.0,8.0,0.1,4.0,10.0,0.03,23.0,48.65,0,MC1
2.0,8.0,0.1,4.0,10.0,0.03,23.0,48.65,0,MC1
2.0,8.0,0.1,4.0,10.0,0.03,23.0,48.65,0,MC1
2.0,8.0,0.1,4.0,10.0,0.03,23.0,48.65,0,MC1
2.0,8.0,0.12,1.0,7.0,0.02,18.0,27.13,0,MC1
2.0,8.0,0.12,1.0,7.0,0.02,18.0,27.13,0,MC1
2.0,8.0,0.12,1.0,7.0,0.02,18.0,27.13,0,MC1
2.0,8.0,0.12,1.0,7.0,0.02,18.0,27.13,0,MC1
2.0,8.0,0.12,1.0,7.0,0.02,18.0,27.13,0,MC1
2.0,8.0,0.12,1.0,7.0,0.02,18.0,27.13,0,MC1
2.0,8.0,0.12,1.0,7.0,0.02,18.0,27.13,0,MC1
2.0,8.0,0.12,1.0,7.0,0.02,18.0,27.13,0,MC1
2.0,8.0,0.12,1.0,7.0,0.02,18.0,27.13,0,MC1
2.0,8.0,0.12,1.0,7.0,0.02,18.0,27.13,0,MC1
1.0,19.0,0.12,5.0,10.0,0.13,80.0,185.37,1,MC1
1.0,19.0,0.12,5.0,10.0,0.13,80.0,185.37,0,MC1
1.0,19.0,0.12,5.0,10.0,0.13,80.0,185.37,0,MC1
1.0,19.0,0.12,5.0,10.0,0.13,80.0,185.37,0,MC1
1.0,19.0,0.12,5.0,10.0,0.13,80.0,185.37,0,MC1
1.0,19.0,0.12,5.0,10.0,0.13,80.0,185.37,0,MC1
1.0,19.0,0.12,5.0,10.0,0.13,80.0,185.37,0,MC1
1.0,19.0,0.12,5.0,10.0,0.13,80.0,185.37,0,MC1
1.0,19.0,0.12,5.0,10.0,0.13,80.0,185.37,0,MC1
1.0,19.0,0.12,5.0,10.0,0.13,80.0,185.37,0,MC1
1.0,19.0,0.12,5.0,10.0,0.13,80.0,185.37,1,MC1
1.0,19.0,0.12,5.0,10.0,0.13,80.0,185.37,0,MC1
1.0,19.0,0.12,5.0,10.0,0.13,80.0,185.37,0,MC1
1.0,19.0,0.12,5.0,10.0,0.13,80.0,185.37,0,MC1
1.0,19.0,0.12,5.0,10.0,0.13,80.0,185.37,0,MC1
1.0,19.0,0.12,5.0,10.0,0.13,80.0,185.37,0,MC1
1.0,19.0,0.12,5.0,10.0,0.13,80.0,185.37,0,MC1
1.0,19.0,0.12,5.0,10.0,0.13,80.0,185.37,0,MC1
1.0,19.0,0.12,5.0,10.0,0.13,80.0,185.37,0,MC1
1.0,19.0,0.12,5.0,10.0,0.13,80.0,185.37,0,MC1
3.0,11.0,0.09,5.0,8.0,0.05,40.0,99.22,0,MC1
3.0,11.0,0.09,5.0,8.0,0.05,40.0,99.22,0,MC1
3.0,11.0,0.09,5.0,8.0,0.05,40.0,99.22,0,MC1
3.0,11.0,0.09,5.0,8.0,0.05,40.0,99.22,0,MC1
3.0,11.0,0.09,5.0,8.0,0.05,40.0,99.22,0,MC1
3.0,11.0,0.09,5.0,8.0,0.05,40.0,99.22,0,MC1
3.0,11.0,0.09,5.0,8.0,0.05,40.0,99.22,0,MC1
3.0,11.0,0.09,5.0,8.0,0.05,40.0,99.22,0,MC1
3.0,11.0,0.09,5.0,8.0,0.05,40.0,99.22,0,MC1
3.0,11.0,0.09,5.0,8.0,0.05,40.0,99.22,0,MC1
3.0,11.0,0.09,5.0,8.0,0.05,40.0,99.22,0,MC1
3.0,11.0,0.09,5.0,8.0,0.05,40.0,99.22,0,MC1
3.0,11.0,0.09,5.0,8.0,0.05,40.0,99.22,0,MC1
3.0,11.0,0.09,5.0,8.0,0.05,40.0,99.22,0,MC1
3.0,11.0,0.09,5.0,8.0,0.05,40.0,99.22,0,MC1
3.0,11.0,0.09,5.0,8.0,0.05,40.0,99.22,0,MC1
3.0,11.0,0.09,5.0,8.0,0.05,40.0,99.22,0,MC1
3.0,11.0,0.09,5.0,8.0,0.05,40.0,99.22,0,MC1
3.0,11.0,0.09,5.0,8.0,0.05,40.0,99.22,0,MC1
3.0,11.0,0.09,5.0,8.0,0.05,40.0,99.22,0,MC1
1.0,3.0,0.67,0.0,3.0,0.01,9.0,2.11,0,MC1
1.0,3.0,0.67,0.0,3.0,0.01,9.0,2.11,0,MC1
1.0,3.0,0.67,0.0,3.0,0.01,9.0,2.11,0,MC1
1.0,3.0,0.67,0.0,3.0,0.01,9.0,2.11,0,MC1
1.0,3.0,0.67,0.0,3.0,0.01,9.0,2.11,0,MC1
1.0,3.0,0.67,0.0,3.0,0.01,9.0,2.11,0,MC1
1.0,3.0,0.67,0.0,3.0,0.01,9.0,2.11,0,MC1
1.0,3.0,0.67,0.0,3.0,0.01,9.0,2.11,0,MC1
1.0,3.0,0.67,0.0,3.0,0.01,9.0,2.11,0,MC1
1.0,3.0,0.67,0.0,3.0,0.01,9.0,2.11,0,MC1
1.0,4.0,0.14,0.0,8.0,0.02,20.0,27.88,0,MC1
1.0,4.0,0.14,0.0,8.0,0.02,20.0,27.88,0,MC1
2.0,4.0,0.14,0.0,11.0,0.05,35.0,61.07,0,MC1
2.0,4.0,0.14,0.0,11.0,0.05,35.0,61.07,0,MC1
2.0,8.0,0.1,0.0,13.0,0.08,52.0,138.07,0,MC1
2.0,8.0,0.1,0.0,13.0,0.08,52.0,138.07,0,MC1
7.0,55.0,0.03,1.0,22.0,0.33,184.0,2232.3,0,MC1
7.0,55.0,0.03,1.0,22.0,0.33,184.0,2232.3,0,MC1
1.0,0.0,0.15,0.0,8.0,0.02,16.0,20.5,0,MC1
1.0,0.0,0.15,0.0,8.0,0.02,16.0,20.5,0,MC1
3.0,23.0,0.05,0.0,17.0,0.13,80.0,441.16,0,MC1
3.0,23.0,0.05,0.0,17.0,0.13,80.0,441.16,0,MC1
1.0,0.0,0.13,0.0,9.0,0.02,18.0,26.89,0,MC1
1.0,0.0,0.13,0.0,9.0,0.02,18.0,26.89,0,MC1
3.0,19.0,0.1,0.0,12.0,0.07,48.0,128.38,0,MC1
3.0,19.0,0.09,0.0,12.0,0.07,46.0,126.11,0,MC1
2.0,12.0,0.12,0.0,11.0,0.05,33.0,67.79,0,MC1
2.0,12.0,0.11,0.0,11.0,0.04,31.0,65.39,0,MC1
5.0,12.0,0.06,0.0,13.0,0.1,63.0,265.51,0,MC1
5.0,12.0,0.06,0.0,13.0,0.1,63.0,265.51,0,MC1
1.0,4.0,0.38,0.0,4.0,0.01,9.0,3.74,0,MC1
1.0,4.0,0.38,0.0,4.0,0.01,9.0,3.74,0,MC1
3.0,13.0,0.14,0.0,9.0,0.04,29.0,45.57,0,MC1
3.0,13.0,0.14,0.0,9.0,0.04,29.0,45.57,0,MC1
3.0,13.0,0.13,0.0,10.0,0.04,31.0,53.86,0,MC1
3.0,13.0,0.13,0.0,10.0,0.04,31.0,53.86,0,MC1
2.0,4.0,0.15,0.0,8.0,0.03,21.0,29.61,0,MC1
2.0,4.0,0.15,0.0,8.0,0.03,21.0,29.61,0,MC1
1.0,0.0,0.33,0.0,6.0,0.01,7.0,3.28,0,MC1
2.0,0.0,0.13,0.0,9.0,0.02,14.0,20.91,0,MC1
1.0,0.0,0.4,0.0,5.0,0.01,7.0,2.73,0,MC1
2.0,0.0,0.2,0.0,8.0,0.02,13.0,12.95,0,MC1
1.0,0.0,0.33,0.0,6.0,0.01,7.0,3.28,0,MC1
2.0,0.0,0.13,0.0,9.0,0.02,14.0,20.91,0,MC1
1.0,0.0,0.4,0.0,5.0,0.01,7.0,2.73,0,MC1
2.0,0.0,0.2,0.0,8.0,0.02,13.0,12.95,0,MC1
1.0,6.0,0.2,0.0,7.0,0.03,23.0,24.32,0,MC1
1.0,6.0,0.2,0.0,7.0,0.03,23.0,24.32,0,MC1
2.0,0.0,0.5,0.0,4.0,0.01,6.0,1.72,0,MC1
2.0,0.0,0.5,0.0,4.0,0.01,6.0,1.72,0,MC1
2.0,0.0,0.4,0.0,5.0,0.01,7.0,2.73,0,MC1
2.0,0.0,0.4,0.0,5.0,0.01,7.0,2.73,0,MC1
4.0,11.0,0.06,0.0,14.0,0.07,45.0,175.69,0,MC1
4.0,11.0,0.06,0.0,14.0,0.07,45.0,175.69,0,MC1
2.0,3.0,0.25,0.0,8.0,0.02,15.0,12.69,0,MC1
2.0,3.0,0.25,0.0,8.0,0.02,15.0,12.69,0,MC1
1.0,0.0,0.5,0.0,4.0,0.01,6.0,1.72,0,MC1
1.0,0.0,0.5,0.0,4.0,0.01,6.0,1.72,0,MC1
1.0,0.0,0.0,0.0,1.0,0.0,1.0,0.0,0,MC1
1.0,0.0,0.0,0.0,1.0,0.0,1.0,0.0,0,MC1
1.0,2.0,0.5,0.0,4.0,0.01,9.0,3.0,0,MC1
1.0,2.0,0.5,0.0,4.0,0.01,9.0,3.0,0,MC1
1.0,0.0,0.5,0.0,4.0,0.01,6.0,1.72,0,MC1
1.0,0.0,0.5,0.0,4.0,0.01,6.0,1.72,0,MC1
1.0,0.0,0.5,0.0,4.0,0.01,6.0,1.72,0,MC1
1.0,0.0,0.5,0.0,4.0,0.01,6.0,1.72,0,MC1
1.0,0.0,0.5,0.0,4.0,0.01,7.0,2.18,0,MC1
1.0,0.0,0.5,0.0,4.0,0.01,7.0,2.18,0,MC1
1.0,0.0,0.5,0.0,4.0,0.01,6.0,1.72,0,MC1
1.0,0.0,0.5,0.0,4.0,0.01,6.0,1.72,0,MC1
1.0,0.0,0.67,0.0,3.0,0.0,5.0,0.97,0,MC1
1.0,0.0,0.67,0.0,3.0,0.0,5.0,0.97,0,MC1
1.0,1.0,0.67,0.0,3.0,0.0,5.0,0.97,0,MC1
1.0,1.0,0.67,0.0,3.0,0.0,5.0,0.97,0,MC1
1.0,0.0,0.5,0.0,4.0,0.0,5.0,1.29,0,MC1
1.0,0.0,0.5,0.0,4.0,0.0,5.0,1.29,0,MC1
1.0,2.0,0.5,0.0,4.0,0.01,6.0,1.72,0,MC1
1.0,2.0,0.5,0.0,4.0,0.01,6.0,1.72,0,MC1
1.0,1.0,0.0,0.0,1.0,0.0,1.0,0.0,0,MC1
1.0,1.0,0.0,0.0,1.0,0.0,1.0,0.0,0,MC1
1.0,2.0,0.5,0.0,4.0,0.01,6.0,1.72,0,MC1
1.0,2.0,0.5,0.0,4.0,0.01,6.0,1.72,0,MC1
1.0,0.0,0.4,0.0,5.0,0.01,9.0,3.23,0,MC1
1.0,0.0,0.4,0.0,5.0,0.01,9.0,3.23,0,MC1
1.0,0.0,0.5,0.0,4.0,0.01,6.0,1.72,0,MC1
1.0,0.0,0.5,0.0,4.0,0.01,6.0,1.72,0,MC1
9.0,37.0,0.07,2.0,13.0,0.36,190.0,882.51,0,MC1
9.0,37.0,0.07,2.0,13.0,0.36,190.0,882.51,0,MC1
9.0,39.0,0.07,2.0,13.0,0.4,209.0,1027.56,0,MC1
9.0,39.0,0.07,2.0,13.0,0.4,209.0,1027.56,0,MC1
9.0,38.0,0.06,2.0,13.0,0.39,203.0,1007.18,0,MC1
9.0,38.0,0.06,2.0,13.0,0.39,203.0,1007.18,0,MC1
1.0,3.0,0.33,0.0,6.0,0.01,9.0,4.75,0,MC1
1.0,3.0,0.33,0.0,6.0,0.01,9.0,4.75,0,MC1
2.0,5.0,0.29,0.0,7.0,0.02,15.0,10.46,0,MC1
2.0,5.0,0.29,0.0,7.0,0.02,15.0,10.46,0,MC1
2.0,4.0,0.18,0.0,7.0,0.02,17.0,18.96,0,MC1
2.0,4.0,0.18,0.0,7.0,0.02,17.0,18.96,0,MC1
1.0,0.0,0.67,0.0,3.0,0.0,5.0,0.97,0,MC1
1.0,0.0,0.67,0.0,3.0,0.0,5.0,0.97,0,MC1
1.0,2.0,0.13,0.0,8.0,0.02,17.0,26.14,0,MC1
1.0,0.0,0.4,0.0,5.0,0.01,10.0,4.4,0,MC1
1.0,0.0,0.4,0.0,5.0,0.01,10.0,4.4,0,MC1
1.0,0.0,0.67,0.0,3.0,0.0,5.0,0.97,0,MC1
1.0,0.0,0.67,0.0,3.0,0.0,5.0,0.97,0,MC1
1.0,0.0,0.5,0.0,4.0,0.01,6.0,1.72,0,MC1
1.0,0.0,0.5,0.0,4.0,0.01,6.0,1.72,0,MC1
1.0,0.0,0.5,0.0,4.0,0.01,6.0,1.72,0,MC1
1.0,0.0,0.5,0.0,4.0,0.01,6.0,1.72,0,MC1
1.0,0.0,0.5,0.0,4.0,0.01,6.0,1.72,0,MC1
1.0,0.0,0.5,0.0,4.0,0.01,6.0,1.72,0,MC1
1.0,0.0,0.5,0.0,4.0,0.01,6.0,1.72,0,MC1
1.0,0.0,0.5,0.0,4.0,0.01,6.0,1.72,0,MC1
1.0,2.0,0.11,0.0,9.0,0.02,19.0,35.15,0,MC1
2.0,7.0,0.14,0.0,9.0,0.04,28.0,46.49,0,MC1
7.0,33.0,0.08,2.0,11.0,0.33,178.0,720.38,0,MC1
7.0,33.0,0.08,2.0,11.0,0.33,178.0,720.38,0,MC1
5.0,31.0,0.08,2.0,10.0,0.32,176.0,659.06,0,MC1
5.0,31.0,0.08,2.0,10.0,0.32,176.0,659.06,0,MC1
7.0,27.0,0.07,2.0,11.0,0.27,154.0,631.08,0,MC1
7.0,27.0,0.07,2.0,11.0,0.27,154.0,631.08,0,MC1
1.0,0.0,0.21,0.0,7.0,0.02,15.0,12.92,0,MC1
1.0,0.0,0.21,0.0,7.0,0.02,15.0,12.92,0,MC1
3.0,7.0,0.08,0.0,14.0,0.05,35.0,113.81,0,MC1
3.0,7.0,0.08,0.0,14.0,0.05,35.0,113.81,0,MC1
4.0,13.0,0.1,0.0,10.0,0.08,56.0,132.96,0,MC1
4.0,13.0,0.1,0.0,10.0,0.08,56.0,132.96,0,MC1
5.0,15.0,0.09,0.0,9.0,0.1,66.0,175.04,0,MC1
5.0,15.0,0.09,0.0,9.0,0.1,66.0,175.04,0,MC1
2.0,5.0,0.24,0.0,7.0,0.02,19.0,15.95,0,MC1
2.0,5.0,0.24,0.0,7.0,0.02,19.0,15.95,0,MC1
2.0,4.0,0.18,0.0,9.0,0.02,17.0,19.66,0,MC1
2.0,4.0,0.18,0.0,9.0,0.02,17.0,19.66,0,MC1
1.0,0.0,0.0,0.0,0.0,0.0,0.0,0.0,0,MC1
1.0,0.0,0.0,0.0,0.0,0.0,0.0,0.0,0,MC1
12.0,50.0,0.04,4.0,15.0,0.56,297.0,2554.8,0,MC1
12.0,50.0,0.04,4.0,15.0,0.56,297.0,2554.8,0,MC1
1.0,0.0,0.0,0.0,1.0,0.0,1.0,0.0,0,MC1
1.0,0.0,0.0,0.0,0.0,0.0,0.0,0.0,0,MC1
12.0,44.0,0.04,4.0,14.0,0.5,265.0,1967.33,0,MC1
12.0,44.0,0.04,4.0,14.0,0.5,265.0,1967.33,0,MC1
1.0,0.0,0.4,0.0,5.0,0.01,6.0,2.15,0,MC1
1.0,0.0,0.4,0.0,5.0,0.01,6.0,2.15,0,MC1
1.0,0.0,0.0,0.0,1.0,0.0,1.0,0.0,0,MC1
1.0,0.0,0.0,0.0,1.0,0.0,1.0,0.0,0,MC1
1.0,0.0,0.0,0.0,0.0,0.0,0.0,0.0,0,MC1
1.0,0.0,0.0,0.0,0.0,0.0,0.0,0.0,0,MC1
1.0,0.0,0.0,0.0,3.0,0.0,3.0,0.0,0,MC1
1.0,0.0,0.0,0.0,3.0,0.0,3.0,0.0,0,MC1
1.0,0.0,0.0,0.0,2.0,0.0,2.0,0.0,0,MC1
1.0,0.0,0.0,0.0,2.0,0.0,2.0,0.0,0,MC1
1.0,0.0,0.0,0.0,1.0,0.0,1.0,0.0,0,MC1
1.0,0.0,0.0,0.0,0.0,0.0,0.0,0.0,0,MC1
1.0,0.0,0.67,0.0,3.0,0.0,4.0,0.67,0,MC1
1.0,0.0,0.67,0.0,3.0,0.0,4.0,0.67,0,MC1
1.0,0.0,0.67,0.0,3.0,0.0,4.0,0.67,0,MC1
1.0,0.0,0.67,0.0,3.0,0.0,4.0,0.67,0,MC1
10.0,44.0,0.06,6.0,13.0,0.42,221.0,1119.94,0,MC1
10.0,44.0,0.06,6.0,13.0,0.42,221.0,1119.94,0,MC1
6.0,27.0,0.07,0.0,14.0,0.17,101.0,412.53,0,MC1
6.0,27.0,0.07,0.0,14.0,0.17,101.0,412.53,0,MC1
1.0,0.0,0.29,0.0,7.0,0.01,12.0,8.07,0,MC1
1.0,0.0,0.29,0.0,7.0,0.01,12.0,8.07,0,MC1
1.0,0.0,0.0,0.0,0.0,0.0,0.0,0.0,0,MC1
1.0,0.0,0.0,0.0,0.0,0.0,0.0,0.0,0,MC1
1.0,0.0,0.0,0.0,0.0,0.0,0.0,0.0,0,MC1
1.0,0.0,0.0,0.0,0.0,0.0,0.0,0.0,0,MC1
1.0,0.0,0.0,0.0,0.0,0.0,0.0,0.0,0,MC1
1.0,0.0,0.0,0.0,0.0,0.0,0.0,0.0,0,MC1
1.0,0.0,0.0,0.0,0.0,0.0,0.0,0.0,0,MC1
1.0,0.0,0.0,0.0,0.0,0.0,0.0,0.0,0,MC1
2.0,0.0,0.0,0.0,0.0,0.0,0.0,0.0,0,MC1
2.0,0.0,0.0,0.0,0.0,0.0,0.0,0.0,0,MC1
1.0,0.0,0.0,0.0,0.0,0.0,0.0,0.0,0,MC1
1.0,0.0,0.0,0.0,0.0,0.0,0.0,0.0,0,MC1
1.0,0.0,0.0,0.0,0.0,0.0,0.0,0.0,0,MC1
1.0,0.0,0.0,0.0,0.0,0.0,0.0,0.0,0,MC1
1.0,0.0,0.0,0.0,1.0,0.0,1.0,0.0,0,MC1
1.0,0.0,0.0,0.0,1.0,0.0,1.0,0.0,0,MC1
1.0,0.0,0.0,0.0,1.0,0.0,1.0,0.0,0,MC1
1.0,0.0,0.0,0.0,0.0,0.0,0.0,0.0,0,MC1
1.0,0.0,0.0,0.0,0.0,0.0,0.0,0.0,0,MC1
1.0,0.0,0.0,0.0,0.0,0.0,0.0,0.0,0,MC1
1.0,0.0,0.22,0.0,6.0,0.01,11.0,8.25,0,MC1
1.0,0.0,0.22,0.0,6.0,0.01,11.0,8.25,0,MC1
3.0,18.0,0.17,0.0,8.0,0.13,77.0,128.33,0,MC1
3.0,18.0,0.17,0.0,8.0,0.13,77.0,128.33,0,MC1
2.0,8.0,0.1,0.0,12.0,0.05,34.0,79.6,0,MC1
2.0,8.0,0.1,0.0,12.0,0.05,34.0,79.6,0,MC1
3.0,26.0,0.1,1.0,9.0,0.22,127.0,356.23,0,MC1
3.0,26.0,0.1,1.0,9.0,0.22,127.0,356.23,0,MC1
1.0,0.0,0.0,0.0,1.0,0.0,1.0,0.0,0,MC1
1.0,0.0,0.0,0.0,0.0,0.0,0.0,0.0,0,MC1
1.0,0.0,0.0,0.0,1.0,0.0,1.0,0.0,0,MC1
1.0,0.0,0.0,0.0,0.0,0.0,0.0,0.0,0,MC1
1.0,0.0,0.0,0.0,1.0,0.0,1.0,0.0,0,MC1
1.0,0.0,0.0,0.0,1.0,0.0,1.0,0.0,0,MC1
1.0,0.0,0.0,0.0,0.0,0.0,0.0,0.0,0,MC1
1.0,0.0,0.0,0.0,0.0,0.0,0.0,0.0,0,MC1
1.0,0.0,0.67,0.0,3.0,0.0,5.0,0.97,0,MC1
1.0,0.0,0.67,0.0,3.0,0.0,5.0,0.97,0,MC1
1.0,0.0,0.4,0.0,5.0,0.01,8.0,3.33,0,MC1
1.0,0.0,0.4,0.0,5.0,0.01,8.0,3.33,0,MC1
1.0,0.0,0.5,0.0,4.0,0.01,6.0,1.72,0,MC1
1.0,0.0,0.5,0.0,4.0,0.01,6.0,1.72,0,MC1
1.0,0.0,0.29,0.0,7.0,0.01,8.0,4.67,0,MC1
1.0,0.0,0.29,0.0,7.0,0.01,8.0,4.67,0,MC1
1.0,0.0,0.67,0.0,3.0,0.0,5.0,0.97,0,MC1
1.0,0.0,0.67,0.0,3.0,0.0,5.0,0.97,0,MC1
1.0,0.0,0.5,0.0,4.0,0.01,6.0,1.72,0,MC1
1.0,0.0,0.5,0.0,4.0,0.01,6.0,1.72,0,MC1
1.0,9.0,0.1,0.0,11.0,0.06,39.0,94.91,0,MC1
1.0,9.0,0.1,0.0,11.0,0.06,39.0,94.91,0,MC1
1.0,0.0,0.17,0.0,8.0,0.02,15.0,16.61,0,MC1
1.0,0.0,0.17,0.0,8.0,0.02,15.0,16.61,0,MC1
1.0,0.0,0.17,0.0,8.0,0.02,15.0,16.61,0,MC1
1.0,0.0,0.17,0.0,8.0,0.02,15.0,16.61,0,MC1
1.0,0.0,0.17,0.0,8.0,0.02,15.0,16.61,0,MC1
1.0,0.0,0.17,0.0,8.0,0.02,15.0,16.61,0,MC1
1.0,0.0,0.67,0.0,3.0,0.0,4.0,0.67,0,MC1
1.0,0.0,0.67,0.0,3.0,0.0,4.0,0.67,0,MC1
1.0,0.0,0.67,0.0,3.0,0.0,4.0,0.67,0,MC1
1.0,0.0,0.67,0.0,3.0,0.0,4.0,0.67,0,MC1
1.0,0.0,0.67,0.0,3.0,0.0,4.0,0.67,0,MC1
1.0,0.0,0.67,0.0,3.0,0.0,4.0,0.67,0,MC1
1.0,0.0,0.67,0.0,3.0,0.0,4.0,0.67,0,MC1
1.0,0.0,0.67,0.0,3.0,0.0,4.0,0.67,0,MC1
1.0,0.0,0.67,0.0,3.0,0.0,4.0,0.67,0,MC1
1.0,0.0,0.67,0.0,3.0,0.0,4.0,0.67,0,MC1
1.0,0.0,0.67,0.0,3.0,0.0,4.0,0.67,0,MC1
1.0,0.0,0.67,0.0,3.0,0.0,4.0,0.67,0,MC1
1.0,0.0,0.67,0.0,3.0,0.0,4.0,0.67,0,MC1
1.0,0.0,0.67,0.0,3.0,0.0,4.0,0.67,0,MC1
1.0,0.0,0.67,0.0,3.0,0.0,4.0,0.67,0,MC1
1.0,0.0,0.67,0.0,3.0,0.0,4.0,0.67,0,MC1
1.0,0.0,0.67,0.0,3.0,0.0,4.0,0.67,0,MC1
1.0,0.0,0.67,0.0,3.0,0.0,4.0,0.67,0,MC1
1.0,0.0,0.67,0.0,3.0,0.0,4.0,0.67,0,MC1
1.0,0.0,0.67,0.0,3.0,0.0,4.0,0.67,0,MC1
1.0,0.0,0.67,0.0,3.0,0.0,4.0,0.67,0,MC1
1.0,0.0,0.67,0.0,3.0,0.0,4.0,0.67,0,MC1
1.0,0.0,0.67,0.0,3.0,0.0,4.0,0.67,0,MC1
1.0,0.0,0.67,0.0,3.0,0.0,4.0,0.67,0,MC1
9.0,37.0,0.07,3.0,12.0,0.37,197.0,876.91,0,MC1
9.0,37.0,0.07,3.0,12.0,0.37,197.0,876.91,0,MC1
11.0,43.0,0.06,6.0,14.0,0.36,193.0,1047.96,0,MC1
11.0,43.0,0.06,6.0,14.0,0.36,193.0,1047.96,0,MC1
6.0,23.0,0.08,5.0,11.0,0.14,89.0,292.23,0,MC1
6.0,23.0,0.08,5.0,11.0,0.14,89.0,292.23,0,MC1
9.0,40.0,0.07,6.0,12.0,0.37,198.0,911.28,0,MC1
9.0,40.0,0.07,6.0,12.0,0.37,198.0,911.28,0,MC1
1.0,0.0,0.5,0.0,4.0,0.01,6.0,1.72,0,MC1
1.0,0.0,0.5,0.0,4.0,0.01,6.0,1.72,0,MC1
1.0,0.0,0.5,0.0,4.0,0.01,6.0,1.72,0,MC1
1.0,0.0,0.5,0.0,4.0,0.01,6.0,1.72,0,MC1
1.0,0.0,0.5,0.0,4.0,0.01,6.0,1.72,0,MC1
1.0,0.0,0.5,0.0,4.0,0.01,6.0,1.72,0,MC1
1.0,0.0,0.5,0.0,4.0,0.01,6.0,1.72,0,MC1
1.0,0.0,0.5,0.0,4.0,0.01,6.0,1.72,0,MC1
1.0,0.0,0.67,0.0,3.0,0.0,5.0,0.97,0,MC1
1.0,0.0,0.67,0.0,3.0,0.0,5.0,0.97,0,MC1
1.0,0.0,0.67,0.0,3.0,0.0,4.0,0.67,0,MC1
1.0,0.0,0.67,0.0,3.0,0.0,4.0,0.67,0,MC1
2.0,0.0,0.5,0.0,4.0,0.01,6.0,1.72,0,MC1
2.0,0.0,0.5,0.0,4.0,0.01,6.0,1.72,0,MC1
1.0,0.0,0.5,0.0,4.0,0.0,5.0,1.29,0,MC1
1.0,0.0,0.5,0.0,4.0,0.0,5.0,1.29,0,MC1
2.0,0.0,0.5,0.0,4.0,0.01,6.0,1.72,0,MC1
2.0,0.0,0.5,0.0,4.0,0.01,6.0,1.72,0,MC1
1.0,0.0,0.33,0.0,6.0,0.01,11.0,6.09,0,MC1
1.0,0.0,0.33,0.0,6.0,0.01,11.0,6.09,0,MC1
1.0,0.0,0.5,0.0,4.0,0.01,6.0,1.72,0,MC1
1.0,0.0,0.5,0.0,4.0,0.01,6.0,1.72,0,MC1
1.0,0.0,0.5,0.0,4.0,0.01,6.0,1.72,0,MC1
1.0,0.0,0.5,0.0,4.0,0.01,6.0,1.72,0,MC1
1.0,0.0,0.5,0.0,4.0,0.01,6.0,1.72,0,MC1
1.0,0.0,0.5,0.0,4.0,0.01,6.0,1.72,0,MC1
1.0,0.0,0.5,0.0,4.0,0.0,5.0,1.29,0,MC1
1.0,0.0,0.5,0.0,4.0,0.0,5.0,1.29,0,MC1
1.0,0.0,0.5,0.0,4.0,0.01,6.0,1.72,0,MC1
1.0,0.0,0.5,0.0,4.0,0.01,6.0,1.72,0,MC1
6.0,33.0,0.08,2.0,11.0,0.34,182.0,728.44,0,MC1
6.0,33.0,0.08,2.0,11.0,0.34,182.0,728.44,0,MC1
6.0,37.0,0.08,2.0,11.0,0.36,195.0,792.34,0,MC1
6.0,37.0,0.08,2.0,11.0,0.36,195.0,792.34,0,MC1
1.0,2.0,0.4,0.0,5.0,0.01,8.0,3.12,0,MC1
1.0,2.0,0.4,0.0,5.0,0.01,8.0,3.12,0,MC1
1.0,2.0,0.67,0.0,3.0,0.0,4.0,0.67,0,MC1
1.0,2.0,0.67,0.0,3.0,0.0,4.0,0.67,0,MC1
1.0,0.0,0.67,0.0,3.0,0.0,4.0,0.67,0,MC1
1.0,0.0,0.67,0.0,3.0,0.0,4.0,0.67,0,MC1
1.0,2.0,0.67,0.0,3.0,0.0,4.0,0.67,0,MC1
1.0,2.0,0.67,0.0,3.0,0.0,4.0,0.67,0,MC1
1.0,2.0,0.67,0.0,3.0,0.0,4.0,0.67,0,MC1
1.0,2.0,0.67,0.0,3.0,0.0,4.0,0.67,0,MC1
1.0,3.0,0.4,0.0,5.0,0.01,10.0,4.17,0,MC1
1.0,3.0,0.4,0.0,5.0,0.01,10.0,4.17,0,MC1
1.0,0.0,0.4,0.0,5.0,0.01,7.0,2.73,0,MC1
1.0,0.0,0.4,0.0,5.0,0.01,7.0,2.73,0,MC1
1.0,0.0,0.33,0.0,6.0,0.01,7.0,3.28,0,MC1
1.0,0.0,0.33,0.0,6.0,0.01,7.0,3.28,0,MC1
1.0,0.0,0.33,0.0,6.0,0.01,7.0,3.28,0,MC1
1.0,0.0,0.33,0.0,6.0,0.01,7.0,3.28,0,MC1
1.0,2.0,0.4,0.0,5.0,0.01,8.0,3.12,0,MC1
1.0,2.0,0.4,0.0,5.0,0.01,8.0,3.12,0,MC1
1.0,2.0,0.67,0.0,3.0,0.0,4.0,0.67,0,MC1
1.0,2.0,0.67,0.0,3.0,0.0,4.0,0.67,0,MC1
1.0,0.0,0.67,0.0,3.0,0.0,4.0,0.67,0,MC1
1.0,0.0,0.67,0.0,3.0,0.0,4.0,0.67,0,MC1
1.0,2.0,0.67,0.0,3.0,0.0,4.0,0.67,0,MC1
1.0,2.0,0.67,0.0,3.0,0.0,4.0,0.67,0,MC1
1.0,2.0,0.67,0.0,3.0,0.0,4.0,0.67,0,MC1
1.0,2.0,0.67,0.0,3.0,0.0,4.0,0.67,0,MC1
1.0,0.0,0.67,0.0,3.0,0.0,4.0,0.67,0,MC1
1.0,0.0,0.67,0.0,3.0,0.0,4.0,0.67,0,MC1
1.0,0.0,0.67,0.0,3.0,0.0,4.0,0.67,0,MC1
1.0,0.0,0.67,0.0,3.0,0.0,4.0,0.67,0,MC1
1.0,0.0,0.4,0.0,5.0,0.01,7.0,2.73,0,MC1
1.0,0.0,0.4,0.0,5.0,0.01,7.0,2.73,0,MC1
1.0,0.0,0.0,0.0,3.0,0.0,3.0,0.0,0,MC1
1.0,0.0,0.0,0.0,3.0,0.0,3.0,0.0,0,MC1
1.0,0.0,0.5,0.0,4.0,0.01,6.0,1.72,0,MC1
1.0,0.0,0.5,0.0,4.0,0.01,6.0,1.72,0,MC1
1.0,3.0,0.5,0.0,4.0,0.01,8.0,2.5,0,MC1
1.0,3.0,0.5,0.0,4.0,0.01,8.0,2.5,0,MC1
1.0,0.0,0.67,0.0,3.0,0.0,6.0,1.16,0,MC1
1.0,0.0,0.67,0.0,3.0,0.0,6.0,1.16,0,MC1
1.0,28.0,0.08,0.0,13.0,0.17,98.0,360.08,0,MC1
1.0,28.0,0.08,0.0,13.0,0.17,98.0,360.08,0,MC1
1.0,20.0,0.05,0.0,18.0,0.13,77.0,403.98,0,MC1
1.0,20.0,0.05,0.0,18.0,0.13,77.0,403.98,0,MC1
1.0,28.0,0.08,0.0,13.0,0.17,98.0,360.08,0,MC1
1.0,28.0,0.08,0.0,13.0,0.17,98.0,360.08,0,MC1
1.0,28.0,0.08,1.0,13.0,0.17,98.0,360.08,0,MC1
1.0,28.0,0.08,1.0,13.0,0.17,98.0,360.08,0,MC1
1.0,0.0,0.67,0.0,3.0,0.0,6.0,1.16,0,MC1
1.0,0.0,0.67,0.0,3.0,0.0,6.0,1.16,0,MC1
1.0,0.0,0.5,0.0,4.0,0.01,8.0,2.5,0,MC1
1.0,0.0,0.5,0.0,4.0,0.01,8.0,2.5,0,MC1
1.0,0.0,0.67,0.0,3.0,0.0,6.0,1.16,0,MC1
1.0,0.0,0.67,0.0,3.0,0.0,6.0,1.16,0,MC1
1.0,0.0,0.5,0.0,4.0,0.01,8.0,2.5,0,MC1
1.0,0.0,0.5,0.0,4.0,0.01,8.0,2.5,0,MC1
1.0,0.0,0.33,0.0,6.0,0.01,9.0,4.5,0,MC1
1.0,0.0,0.33,0.0,6.0,0.01,9.0,4.5,0,MC1
1.0,0.0,0.33,0.0,6.0,0.01,9.0,4.5,0,MC1
1.0,0.0,0.33,0.0,6.0,0.01,9.0,4.5,0,MC1
1.0,0.0,0.17,0.0,8.0,0.02,15.0,16.61,0,MC1
1.0,0.0,0.17,0.0,8.0,0.02,15.0,16.61,0,MC1
1.0,0.0,0.67,0.0,3.0,0.0,5.0,0.97,0,MC1
1.0,0.0,0.67,0.0,3.0,0.0,5.0,0.97,0,MC1
1.0,0.0,0.67,0.0,3.0,0.0,5.0,0.97,0,MC1
1.0,0.0,0.67,0.0,3.0,0.0,5.0,0.97,0,MC1
1.0,0.0,0.67,0.0,3.0,0.0,5.0,0.97,0,MC1
1.0,0.0,0.67,0.0,3.0,0.0,5.0,0.97,0,MC1
1.0,0.0,0.67,0.0,3.0,0.0,5.0,0.97,0,MC1
1.0,0.0,0.67,0.0,3.0,0.0,5.0,0.97,0,MC1
1.0,0.0,0.67,0.0,3.0,0.0,5.0,0.97,0,MC1
1.0,0.0,0.67,0.0,3.0,0.0,5.0,0.97,0,MC1
1.0,0.0,0.67,0.0,3.0,0.0,5.0,0.97,0,MC1
1.0,0.0,0.67,0.0,3.0,0.0,5.0,0.97,0,MC1
3.0,12.0,0.13,0.0,9.0,0.05,35.0,60.0,0,MC1
3.0,12.0,0.13,0.0,9.0,0.05,35.0,60.0,0,MC1
1.0,0.0,0.33,0.0,6.0,0.01,9.0,4.75,0,MC1
1.0,0.0,0.33,0.0,6.0,0.01,9.0,4.75,0,MC1
1.0,0.0,0.33,0.0,6.0,0.01,9.0,4.75,0,MC1
1.0,0.0,0.33,0.0,6.0,0.01,9.0,4.75,0,MC1
1.0,0.0,0.33,0.0,6.0,0.01,9.0,4.75,0,MC1
1.0,0.0,0.33,0.0,6.0,0.01,9.0,4.75,0,MC1
1.0,0.0,0.33,0.0,6.0,0.01,9.0,4.75,0,MC1
1.0,0.0,0.33,0.0,6.0,0.01,9.0,4.75,0,MC1
2.0,4.0,0.17,0.0,10.0,0.03,21.0,27.35,0,MC1
2.0,4.0,0.17,0.0,10.0,0.03,21.0,27.35,0,MC1
12.0,50.0,0.04,4.0,15.0,0.56,297.0,2554.8,0,MC1
12.0,50.0,0.04,4.0,15.0,0.56,297.0,2554.8,0,MC1
12.0,44.0,0.04,4.0,14.0,0.5,265.0,1967.33,0,MC1
12.0,44.0,0.04,4.0,14.0,0.5,265.0,1967.33,0,MC1
7.0,32.0,0.08,0.0,13.0,0.27,142.0,527.83,0,MC1
7.0,32.0,0.08,0.0,13.0,0.27,142.0,527.83,0,MC1
8.0,35.0,0.08,1.0,13.0,0.29,153.0,573.37,0,MC1
8.0,35.0,0.08,1.0,13.0,0.29,153.0,573.37,0,MC1
7.0,18.0,0.08,1.0,10.0,0.13,83.0,272.77,0,MC1
7.0,18.0,0.08,1.0,10.0,0.13,83.0,272.77,0,MC1
13.0,39.0,0.04,3.0,16.0,0.35,188.0,1292.27,0,MC1
13.0,39.0,0.04,3.0,16.0,0.35,188.0,1292.27,0,MC1
8.0,30.0,0.09,1.0,13.0,0.23,127.0,445.22,0,MC1
8.0,30.0,0.09,1.0,13.0,0.23,127.0,445.22,0,MC1
3.0,15.0,0.17,0.0,9.0,0.09,55.0,87.17,0,MC1
3.0,15.0,0.17,0.0,9.0,0.09,55.0,87.17,0,MC1
3.0,15.0,0.17,0.0,9.0,0.09,55.0,87.17,0,MC1
3.0,15.0,0.17,0.0,9.0,0.09,55.0,87.17,0,MC1
3.0,15.0,0.17,0.0,9.0,0.09,55.0,87.17,0,MC1
3.0,15.0,0.17,0.0,9.0,0.09,55.0,87.17,0,MC1
4.0,21.0,0.09,1.0,13.0,0.16,93.0,289.04,0,MC1
4.0,21.0,0.09,1.0,13.0,0.16,93.0,289.04,0,MC1
1.0,2.0,0.4,0.0,5.0,0.01,6.0,2.15,0,MC1
1.0,2.0,0.4,0.0,5.0,0.01,6.0,2.15,0,MC1
4.0,13.0,0.11,0.0,9.0,0.07,52.0,115.97,0,MC1
4.0,13.0,0.11,0.0,9.0,0.07,52.0,115.97,0,MC1
2.0,10.0,0.14,0.0,10.0,0.09,55.0,106.83,0,MC1
2.0,10.0,0.14,0.0,10.0,0.09,55.0,106.83,0,MC1
1.0,0.0,0.67,0.0,3.0,0.0,5.0,0.97,0,MC1
1.0,0.0,0.67,0.0,3.0,0.0,5.0,0.97,0,MC1
1.0,0.0,0.67,0.0,3.0,0.0,4.0,0.67,0,MC1
1.0,0.0,0.67,0.0,3.0,0.0,4.0,0.67,0,MC1
1.0,3.0,0.5,2.0,3.0,0.01,9.0,2.58,0,MC1
1.0,3.0,0.5,2.0,3.0,0.01,9.0,2.58,0,MC1
5.0,33.0,0.05,12.0,16.0,0.23,130.0,730.96,0,MC1
5.0,33.0,0.06,12.0,16.0,0.24,130.0,687.2,0,MC1
1.0,11.0,0.1,2.0,9.0,0.13,82.0,219.31,0,MC1
1.0,11.0,0.1,2.0,9.0,0.13,82.0,219.31,0,MC1
7.0,43.0,0.04,22.0,15.0,0.22,129.0,828.47,1,MC1
7.0,43.0,0.04,22.0,15.0,0.22,129.0,828.47,1,MC1
1.0,4.0,0.5,3.0,4.0,0.01,12.0,4.23,0,MC1
1.0,4.0,0.5,3.0,4.0,0.01,12.0,4.23,0,MC1
1.0,3.0,0.67,2.0,3.0,0.01,9.0,2.11,0,MC1
1.0,3.0,0.5,2.0,4.0,0.01,9.0,3.0,0,MC1
1.0,2.0,0.67,0.0,3.0,0.0,5.0,0.97,0,MC1
1.0,2.0,0.67,0.0,3.0,0.0,5.0,0.97,0,MC1
1.0,2.0,0.67,0.0,3.0,0.0,5.0,0.97,0,MC1
1.0,2.0,0.67,0.0,3.0,0.0,5.0,0.97,0,MC1
3.0,16.0,0.08,6.0,12.0,0.06,40.0,115.25,0,MC1
3.0,16.0,0.08,6.0,12.0,0.06,40.0,115.25,0,MC1
1.0,2.0,0.67,1.0,3.0,0.0,5.0,0.97,0,MC1
1.0,2.0,0.67,1.0,3.0,0.0,5.0,0.97,0,MC1
1.0,4.0,0.44,3.0,3.0,0.01,13.0,4.56,0,MC1
1.0,4.0,0.44,3.0,3.0,0.01,13.0,4.56,0,MC1
3.0,21.0,0.09,1.0,12.0,0.09,59.0,178.28,0,MC1
3.0,21.0,0.09,1.0,12.0,0.09,59.0,178.28,0,MC1
1.0,3.0,0.67,1.0,3.0,0.01,9.0,2.11,0,MC1
1.0,3.0,0.67,1.0,3.0,0.01,9.0,2.11,0,MC1
1.0,3.0,0.67,1.0,3.0,0.01,9.0,2.11,0,MC1
1.0,3.0,0.67,1.0,3.0,0.01,9.0,2.11,0,MC1
2.0,15.0,0.12,6.0,11.0,0.08,53.0,118.18,0,MC1
2.0,15.0,0.12,6.0,11.0,0.08,53.0,111.64,0,MC1
2.0,6.0,0.13,3.0,8.0,0.02,20.0,31.87,0,MC1
2.0,6.0,0.13,3.0,8.0,0.02,20.0,31.87,0,MC1
2.0,15.0,0.18,6.0,8.0,0.07,45.0,63.71,0,MC1
2.0,15.0,0.16,6.0,8.0,0.07,45.0,67.57,0,MC1
2.0,6.0,0.16,3.0,8.0,0.02,20.0,26.31,0,MC1
2.0,6.0,0.16,3.0,8.0,0.02,20.0,26.31,0,MC1
1.0,4.0,0.4,3.0,4.0,0.01,12.0,5.0,0,MC1
1.0,4.0,0.5,3.0,4.0,0.01,12.0,4.23,0,MC1
1.0,2.0,0.25,0.0,4.0,0.0,6.0,3.1,0,MC1
1.0,2.0,0.25,0.0,4.0,0.0,6.0,3.1,0,MC1
1.0,2.0,0.29,0.0,7.0,0.01,12.0,8.07,0,MC1
1.0,2.0,0.29,0.0,7.0,0.01,12.0,8.07,0,MC1
4.0,10.0,0.13,3.0,11.0,0.04,27.0,49.15,0,MC1
4.0,10.0,0.13,3.0,11.0,0.04,27.0,49.15,0,MC1
8.0,23.0,0.04,8.0,15.0,0.1,64.0,373.74,0,MC1
8.0,23.0,0.04,8.0,16.0,0.1,68.0,415.7,0,MC1
1.0,3.0,0.67,1.0,3.0,0.01,9.0,2.11,0,MC1
1.0,3.0,0.67,1.0,3.0,0.01,9.0,2.11,0,MC1
1.0,3.0,0.67,1.0,3.0,0.01,9.0,2.11,0,MC1
1.0,3.0,0.67,1.0,3.0,0.01,9.0,2.11,0,MC1
1.0,3.0,0.67,1.0,3.0,0.01,9.0,2.11,0,MC1
1.0,3.0,0.67,1.0,3.0,0.01,9.0,2.11,0,MC1
1.0,3.0,0.67,1.0,3.0,0.01,9.0,2.11,0,MC1
1.0,3.0,0.67,1.0,3.0,0.01,9.0,2.11,0,MC1
1.0,3.0,0.67,1.0,3.0,0.01,9.0,2.11,0,MC1
1.0,3.0,0.67,1.0,3.0,0.01,9.0,2.11,0,MC1
1.0,3.0,0.67,1.0,3.0,0.01,9.0,2.11,0,MC1
1.0,3.0,0.67,1.0,3.0,0.01,9.0,2.11,0,MC1
1.0,3.0,0.67,1.0,3.0,0.01,9.0,2.11,0,MC1
1.0,3.0,0.67,1.0,3.0,0.01,9.0,2.11,0,MC1
1.0,3.0,0.67,1.0,3.0,0.01,9.0,2.11,0,MC1
1.0,3.0,0.67,1.0,3.0,0.01,9.0,2.11,0,MC1
1.0,3.0,0.5,2.0,4.0,0.01,8.0,2.5,0,MC1
1.0,3.0,0.67,2.0,3.0,0.01,8.0,1.72,0,MC1
3.0,17.0,0.22,9.0,5.0,0.06,47.0,47.47,0,MC1
3.0,17.0,0.17,9.0,6.0,0.06,47.0,62.67,0,MC1
1.0,2.0,0.67,0.0,3.0,0.0,5.0,0.97,0,MC1
1.0,2.0,0.67,0.0,3.0,0.0,5.0,0.97,0,MC1
1.0,2.0,0.67,0.0,3.0,0.0,5.0,0.97,0,MC1
1.0,2.0,0.67,0.0,3.0,0.0,5.0,0.97,0,MC1
1.0,2.0,0.67,0.0,3.0,0.0,5.0,0.97,0,MC1
1.0,2.0,0.67,0.0,3.0,0.0,5.0,0.97,0,MC1
1.0,2.0,0.67,0.0,3.0,0.0,5.0,0.97,0,MC1
1.0,2.0,0.67,0.0,3.0,0.0,5.0,0.97,0,MC1
1.0,2.0,0.33,1.0,6.0,0.01,9.0,4.75,1,MC1
1.0,2.0,0.33,1.0,6.0,0.01,9.0,4.75,1,MC1
1.0,2.0,0.21,1.0,7.0,0.01,12.0,10.33,1,MC1
1.0,2.0,0.21,1.0,7.0,0.01,12.0,10.33,1,MC1
1.0,4.0,0.33,0.0,4.0,0.01,8.0,3.45,0,MC1
1.0,4.0,0.33,0.0,4.0,0.01,8.0,3.45,0,MC1
1.0,2.0,0.67,1.0,3.0,0.0,5.0,0.97,0,MC1
1.0,2.0,0.67,1.0,3.0,0.0,5.0,0.97,0,MC1
1.0,19.0,0.09,6.0,12.0,0.1,64.0,182.9,0,MC1
1.0,19.0,0.09,6.0,12.0,0.1,64.0,182.9,0,MC1
29.0,155.0,0.03,3.0,35.0,1.82,732.0,12054.23,0,MC1
21.0,126.0,0.03,8.0,27.0,1.57,660.0,9176.2,0,MC1
42.0,220.0,0.03,6.0,43.0,2.07,785.0,13096.47,0,MC1
42.0,220.0,0.03,6.0,43.0,2.07,785.0,13210.59,0,MC1
14.0,86.0,0.04,1.0,23.0,0.94,416.0,3907.42,0,MC1
14.0,86.0,0.04,1.0,23.0,0.93,416.0,4026.0,0,MC1
21.0,126.0,0.03,8.0,27.0,1.55,656.0,9263.37,0,MC1
29.0,155.0,0.02,3.0,35.0,1.81,728.0,12129.74,0,MC1
4.0,40.0,0.08,1.0,15.0,0.44,219.0,974.71,0,MC1
4.0,40.0,0.08,1.0,15.0,0.44,219.0,974.71,0,MC1
2.0,27.0,0.06,0.0,13.0,0.57,290.0,1622.26,0,MC1
2.0,27.0,0.06,0.0,13.0,0.57,290.0,1622.26,0,MC1
1.0,2.0,0.67,0.0,3.0,0.0,5.0,0.97,0,MC1
1.0,2.0,0.67,0.0,3.0,0.0,5.0,0.97,0,MC1
11.0,55.0,0.03,25.0,21.0,0.31,178.0,2012.27,1,MC1
1.0,3.0,0.67,1.0,3.0,0.01,9.0,2.11,0,MC1
1.0,3.0,0.67,1.0,3.0,0.01,9.0,2.11,0,MC1
1.0,3.0,0.67,1.0,3.0,0.01,9.0,2.11,0,MC1
1.0,3.0,0.67,1.0,3.0,0.01,9.0,2.11,0,MC1
1.0,3.0,0.5,2.0,4.0,0.01,9.0,3.0,0,MC1
1.0,3.0,0.5,2.0,4.0,0.01,9.0,3.0,0,MC1
1.0,3.0,0.67,1.0,3.0,0.01,9.0,2.11,0,MC1
1.0,3.0,0.67,1.0,3.0,0.01,9.0,2.11,0,MC1
1.0,2.0,0.67,0.0,3.0,0.0,5.0,0.97,0,MC1
1.0,2.0,0.67,0.0,3.0,0.0,5.0,0.97,0,MC1
1.0,2.0,0.67,0.0,3.0,0.0,5.0,0.97,0,MC1
1.0,2.0,0.67,0.0,3.0,0.0,5.0,0.97,0,MC1
1.0,3.0,0.67,1.0,3.0,0.01,9.0,2.11,0,MC1
1.0,3.0,0.67,1.0,3.0,0.01,9.0,2.11,0,MC1
1.0,3.0,0.67,1.0,3.0,0.01,9.0,2.11,0,MC1
1.0,3.0,0.67,1.0,3.0,0.01,9.0,2.11,0,MC1
1.0,7.0,0.18,1.0,7.0,0.04,29.0,33.74,0,MC1
1.0,15.0,0.15,4.0,9.0,0.11,69.0,124.01,0,MC1
1.0,15.0,0.14,4.0,9.0,0.11,69.0,130.16,0,MC1
1.0,1.0,0.0,0.0,1.0,0.0,1.0,0.0,0,MC1
1.0,1.0,0.0,0.0,1.0,0.0,1.0,0.0,0,MC1
1.0,13.0,0.14,3.0,9.0,0.09,62.0,115.19,0,MC1
1.0,24.0,0.09,6.0,10.0,0.22,131.0,399.04,0,MC1
1.0,17.0,0.13,3.0,8.0,0.12,81.0,162.85,0,MC1
1.0,17.0,0.13,3.0,8.0,0.12,81.0,162.85,0,MC1
1.0,7.0,0.18,0.0,7.0,0.04,29.0,33.74,0,MC1
1.0,7.0,0.18,0.0,7.0,0.04,29.0,33.74,0,MC1
1.0,7.0,0.18,0.0,7.0,0.04,29.0,33.74,0,MC1
2.0,14.0,0.07,7.0,10.0,0.09,64.0,222.82,0,MC1
1.0,7.0,0.18,0.0,7.0,0.04,29.0,33.74,0,MC1
1.0,7.0,0.18,1.0,7.0,0.04,29.0,33.74,0,MC1
2.0,14.0,0.07,7.0,10.0,0.09,64.0,222.82,0,MC1
1.0,13.0,0.14,3.0,9.0,0.09,62.0,115.19,0,MC1
1.0,7.0,0.18,0.0,7.0,0.04,29.0,33.74,0,MC1
1.0,7.0,0.18,0.0,7.0,0.04,29.0,33.74,0,MC1
1.0,24.0,0.09,6.0,10.0,0.22,131.0,399.04,0,MC1
21.0,72.0,0.04,3.0,35.0,0.45,212.0,1740.06,0,MC1
21.0,72.0,0.04,3.0,35.0,0.47,216.0,1737.66,0,MC1
11.0,39.0,0.09,2.0,21.0,0.19,101.0,366.24,0,MC1
5.0,21.0,0.07,8.0,15.0,0.1,63.0,239.23,0,MC1
11.0,39.0,0.08,2.0,21.0,0.19,101.0,390.19,0,MC1
1.0,2.0,0.67,0.0,3.0,0.0,5.0,0.97,0,MC1
1.0,2.0,0.67,0.0,3.0,0.0,5.0,0.97,0,MC1
1.0,2.0,0.67,0.0,3.0,0.0,5.0,0.97,0,MC1
1.0,2.0,0.67,0.0,3.0,0.0,5.0,0.97,0,MC1
4.0,16.0,0.11,4.0,14.0,0.07,44.0,100.54,0,MC1
4.0,16.0,0.1,4.0,14.0,0.07,44.0,117.68,0,MC1
2.0,8.0,0.19,1.0,8.0,0.03,25.0,30.28,0,MC1
2.0,8.0,0.19,1.0,8.0,0.03,25.0,30.28,0,MC1
1.0,2.0,0.67,0.0,3.0,0.0,5.0,0.97,0,MC1
1.0,2.0,0.67,0.0,3.0,0.0,5.0,0.97,0,MC1
5.0,21.0,0.09,8.0,15.0,0.1,63.0,186.94,0,MC1
1.0,2.0,0.67,0.0,3.0,0.0,5.0,0.97,0,MC1
1.0,2.0,0.67,0.0,3.0,0.0,5.0,0.97,0,MC1
19.0,65.0,0.04,13.0,34.0,0.4,189.0,1606.42,0,MC1
19.0,65.0,0.04,13.0,34.0,0.4,189.0,1575.31,0,MC1
1.0,2.0,0.67,0.0,3.0,0.0,5.0,0.97,0,MC1
1.0,2.0,0.67,0.0,3.0,0.0,5.0,0.97,0,MC1
1.0,2.0,0.67,0.0,3.0,0.0,5.0,0.97,0,MC1
1.0,2.0,0.67,0.0,3.0,0.0,5.0,0.97,0,MC1
1.0,2.0,0.67,0.0,3.0,0.0,5.0,0.97,0,MC1
1.0,2.0,0.67,0.0,3.0,0.0,5.0,0.97,0,MC1
1.0,2.0,0.67,0.0,3.0,0.0,5.0,0.97,0,MC1
1.0,2.0,0.67,0.0,3.0,0.0,5.0,0.97,0,MC1
1.0,2.0,0.67,0.0,3.0,0.0,5.0,0.97,0,MC1
1.0,2.0,0.67,0.0,3.0,0.0,5.0,0.97,0,MC1
1.0,2.0,0.67,0.0,3.0,0.0,5.0,0.97,0,MC1
1.0,2.0,0.67,0.0,3.0,0.0,5.0,0.97,0,MC1
1.0,2.0,0.67,0.0,3.0,0.0,5.0,0.97,0,MC1
1.0,2.0,0.67,0.0,3.0,0.0,5.0,0.97,0,MC1
1.0,2.0,0.67,0.0,3.0,0.0,5.0,0.97,0,MC1
1.0,2.0,0.67,0.0,3.0,0.0,5.0,0.97,0,MC1
1.0,2.0,0.67,0.0,3.0,0.0,5.0,0.97,0,MC1
1.0,2.0,0.67,0.0,3.0,0.0,5.0,0.97,0,MC1
1.0,2.0,0.67,0.0,3.0,0.0,5.0,0.97,0,MC1
1.0,2.0,0.67,0.0,3.0,0.0,5.0,0.97,0,MC1
1.0,2.0,0.67,0.0,3.0,0.0,5.0,0.97,0,MC1
1.0,2.0,0.67,0.0,3.0,0.0,5.0,0.97,0,MC1
1.0,2.0,0.67,0.0,3.0,0.0,5.0,0.97,0,MC1
1.0,2.0,0.67,0.0,3.0,0.0,5.0,0.97,0,MC1
1.0,2.0,0.67,0.0,3.0,0.0,5.0,0.97,0,MC1
1.0,2.0,0.67,0.0,3.0,0.0,5.0,0.97,0,MC1
1.0,2.0,0.67,0.0,3.0,0.0,5.0,0.97,0,MC1
1.0,2.0,0.67,0.0,3.0,0.0,5.0,0.97,0,MC1
1.0,2.0,0.67,0.0,3.0,0.0,5.0,0.97,0,MC1
1.0,2.0,0.67,0.0,3.0,0.0,5.0,0.97,0,MC1
1.0,2.0,0.67,0.0,3.0,0.0,5.0,0.97,0,MC1
1.0,2.0,0.67,0.0,3.0,0.0,5.0,0.97,0,MC1
1.0,2.0,0.67,0.0,3.0,0.0,5.0,0.97,0,MC1
1.0,2.0,0.67,0.0,3.0,0.0,5.0,0.97,0,MC1
1.0,2.0,0.67,0.0,3.0,0.0,5.0,0.97,0,MC1
1.0,2.0,0.67,0.0,3.0,0.0,5.0,0.97,0,MC1
1.0,2.0,0.67,0.0,3.0,0.0,5.0,0.97,0,MC1
1.0,2.0,0.67,0.0,3.0,0.0,5.0,0.97,0,MC1
1.0,2.0,0.67,0.0,3.0,0.0,5.0,0.97,0,MC1
1.0,2.0,0.67,0.0,3.0,0.0,5.0,0.97,0,MC1
1.0,2.0,0.67,0.0,3.0,0.0,5.0,0.97,0,MC1
1.0,2.0,0.67,0.0,3.0,0.0,5.0,0.97,0,MC1
1.0,2.0,0.67,0.0,3.0,0.0,5.0,0.97,0,MC1
1.0,2.0,0.67,0.0,3.0,0.0,5.0,0.97,0,MC1
1.0,2.0,0.67,0.0,3.0,0.0,5.0,0.97,0,MC1
1.0,2.0,0.67,0.0,3.0,0.0,5.0,0.97,0,MC1
1.0,2.0,0.67,0.0,3.0,0.0,5.0,0.97,0,MC1
1.0,2.0,0.67,0.0,3.0,0.0,5.0,0.97,0,MC1
1.0,2.0,0.67,0.0,3.0,0.0,5.0,0.97,0,MC1
1.0,2.0,0.67,0.0,3.0,0.0,5.0,0.97,0,MC1
1.0,2.0,0.67,0.0,3.0,0.0,5.0,0.97,0,MC1
1.0,2.0,0.67,0.0,3.0,0.0,5.0,0.97,0,MC1
1.0,2.0,0.67,0.0,3.0,0.0,5.0,0.97,0,MC1
1.0,2.0,0.67,0.0,3.0,0.0,5.0,0.97,0,MC1
1.0,2.0,0.67,0.0,3.0,0.0,5.0,0.97,0,MC1
1.0,2.0,0.67,0.0,3.0,0.0,5.0,0.97,0,MC1
1.0,2.0,0.67,0.0,3.0,0.0,5.0,0.97,0,MC1
1.0,2.0,0.67,0.0,3.0,0.0,5.0,0.97,0,MC1
1.0,2.0,0.67,0.0,3.0,0.0,5.0,0.97,0,MC1
1.0,2.0,0.67,0.0,3.0,0.0,5.0,0.97,0,MC1
1.0,2.0,0.67,0.0,3.0,0.0,5.0,0.97,0,MC1
1.0,2.0,0.67,0.0,3.0,0.0,5.0,0.97,0,MC1
1.0,2.0,0.67,0.0,3.0,0.0,5.0,0.97,0,MC1
1.0,2.0,0.67,0.0,3.0,0.0,5.0,0.97,0,MC1
1.0,2.0,0.67,0.0,3.0,0.0,5.0,0.97,0,MC1
1.0,2.0,0.67,0.0,3.0,0.0,5.0,0.97,0,MC1
1.0,2.0,0.67,0.0,3.0,0.0,5.0,0.97,0,MC1
1.0,2.0,0.67,0.0,3.0,0.0,5.0,0.97,0,MC1
1.0,2.0,0.67,0.0,3.0,0.0,5.0,0.97,0,MC1
1.0,2.0,0.67,0.0,3.0,0.0,5.0,0.97,0,MC1
1.0,2.0,0.67,0.0,3.0,0.0,5.0,0.97,0,MC1
1.0,2.0,0.67,0.0,3.0,0.0,5.0,0.97,0,MC1
1.0,2.0,0.67,0.0,3.0,0.0,5.0,0.97,0,MC1
1.0,2.0,0.67,0.0,3.0,0.0,5.0,0.97,0,MC1
1.0,2.0,0.67,0.0,3.0,0.0,5.0,0.97,0,MC1
1.0,2.0,0.67,0.0,3.0,0.0,5.0,0.97,0,MC1
1.0,2.0,0.67,0.0,3.0,0.0,5.0,0.97,0,MC1
1.0,2.0,0.67,0.0,3.0,0.0,5.0,0.97,0,MC1
1.0,2.0,0.67,0.0,3.0,0.0,5.0,0.97,0,MC1
1.0,2.0,0.67,0.0,3.0,0.0,5.0,0.97,0,MC1
1.0,2.0,0.67,0.0,3.0,0.0,5.0,0.97,0,MC1
1.0,2.0,0.67,0.0,3.0,0.0,5.0,0.97,0,MC1
1.0,2.0,0.67,0.0,3.0,0.0,5.0,0.97,0,MC1
1.0,2.0,0.67,0.0,3.0,0.0,5.0,0.97,0,MC1
1.0,2.0,0.67,0.0,3.0,0.0,5.0,0.97,0,MC1
1.0,2.0,0.67,0.0,3.0,0.0,5.0,0.97,0,MC1
1.0,2.0,0.67,0.0,3.0,0.0,5.0,0.97,0,MC1
1.0,2.0,0.67,0.0,3.0,0.0,5.0,0.97,0,MC1
1.0,2.0,0.67,0.0,3.0,0.0,5.0,0.97,0,MC1
1.0,2.0,0.67,0.0,3.0,0.0,5.0,0.97,0,MC1
1.0,2.0,0.67,0.0,3.0,0.0,5.0,0.97,0,MC1
1.0,2.0,0.67,0.0,3.0,0.0,5.0,0.97,0,MC1
1.0,2.0,0.67,0.0,3.0,0.0,5.0,0.97,0,MC1
1.0,2.0,0.67,0.0,3.0,0.0,5.0,0.97,0,MC1
1.0,2.0,0.67,0.0,3.0,0.0,5.0,0.97,0,MC1
1.0,2.0,0.67,0.0,3.0,0.0,5.0,0.97,0,MC1
1.0,2.0,0.67,0.0,3.0,0.0,5.0,0.97,0,MC1
1.0,2.0,0.67,0.0,3.0,0.0,5.0,0.97,0,MC1
1.0,2.0,0.67,0.0,3.0,0.0,5.0,0.97,0,MC1
1.0,2.0,0.67,0.0,3.0,0.0,5.0,0.97,0,MC1
20.0,58.0,0.03,3.0,19.0,0.42,228.0,2085.69,1,MC1
1.0,2.0,0.67,0.0,3.0,0.0,5.0,0.97,0,MC1
3.0,10.0,0.13,4.0,11.0,0.04,28.0,53.41,0,MC1
3.0,10.0,0.13,4.0,11.0,0.04,28.0,53.41,0,MC1
1.0,2.0,0.67,0.0,3.0,0.0,5.0,0.97,0,MC1
1.0,2.0,0.67,0.0,3.0,0.0,5.0,0.97,0,MC1
1.0,2.0,0.67,0.0,3.0,0.0,5.0,0.97,0,MC1
1.0,2.0,0.67,0.0,3.0,0.0,5.0,0.97,0,MC1
1.0,3.0,0.5,1.0,4.0,0.01,10.0,3.33,0,MC1
1.0,2.0,0.67,0.0,3.0,0.0,5.0,0.97,0,MC1
20.0,58.0,0.03,3.0,21.0,0.44,233.0,2507.44,0,MC1
1.0,2.0,0.67,0.0,3.0,0.0,5.0,0.97,0,MC1
1.0,2.0,0.67,0.0,3.0,0.0,5.0,0.97,0,MC1
1.0,2.0,0.67,0.0,3.0,0.0,5.0,0.97,0,MC1
1.0,2.0,0.67,0.0,3.0,0.0,5.0,0.97,0,MC1
1.0,2.0,0.67,0.0,3.0,0.0,5.0,0.97,0,MC1
1.0,2.0,0.67,0.0,3.0,0.0,5.0,0.97,0,MC1
1.0,2.0,0.67,0.0,3.0,0.0,5.0,0.97,0,MC1
1.0,2.0,0.67,0.0,3.0,0.0,5.0,0.97,0,MC1
1.0,3.0,0.5,1.0,4.0,0.01,10.0,3.33,0,MC1
1.0,2.0,0.67,0.0,3.0,0.0,5.0,0.97,0,MC1
1.0,2.0,0.67,0.0,3.0,0.0,5.0,0.97,0,MC1
3.0,10.0,0.1,4.0,14.0,0.06,36.0,88.66,0,MC1
1.0,2.0,0.67,0.0,3.0,0.0,5.0,0.97,0,MC1
3.0,10.0,0.09,4.0,15.0,0.05,35.0,104.01,0,MC1
1.0,2.0,0.67,0.0,3.0,0.0,5.0,0.97,0,MC1
1.0,2.0,0.67,0.0,3.0,0.0,5.0,0.97,0,MC1
1.0,2.0,0.67,0.0,3.0,0.0,5.0,0.97,0,MC1
1.0,2.0,0.67,0.0,3.0,0.0,5.0,0.97,0,MC1
3.0,18.0,0.18,4.0,7.0,0.05,39.0,49.59,0,MC1
3.0,7.0,0.2,2.0,9.0,0.03,22.0,25.29,0,MC1
1.0,2.0,0.67,0.0,3.0,0.0,5.0,0.97,0,MC1
3.0,7.0,0.2,2.0,9.0,0.03,22.0,25.29,0,MC1
3.0,18.0,0.14,4.0,8.0,0.05,39.0,62.98,0,MC1
1.0,2.0,0.67,0.0,3.0,0.0,5.0,0.97,0,MC1
1.0,2.0,0.67,0.0,3.0,0.0,5.0,0.97,0,MC1
1.0,2.0,0.67,0.0,3.0,0.0,5.0,0.97,0,MC1
1.0,2.0,0.67,0.0,3.0,0.0,5.0,0.97,0,MC1
1.0,2.0,0.67,0.0,3.0,0.0,5.0,0.97,0,MC1
1.0,2.0,0.67,0.0,3.0,0.0,5.0,0.97,0,MC1
2.0,10.0,0.25,2.0,7.0,0.03,22.0,18.8,0,MC1
1.0,2.0,0.67,0.0,3.0,0.0,5.0,0.97,0,MC1
1.0,2.0,0.67,0.0,3.0,0.0,5.0,0.97,0,MC1
1.0,2.0,0.67,0.0,3.0,0.0,5.0,0.97,0,MC1
1.0,2.0,0.67,0.0,3.0,0.0,5.0,0.97,0,MC1
1.0,2.0,0.67,0.0,3.0,0.0,5.0,0.97,0,MC1
1.0,2.0,0.67,0.0,3.0,0.0,5.0,0.97,0,MC1
3.0,7.0,0.2,3.0,9.0,0.03,22.0,25.29,0,MC1
2.0,10.0,0.19,2.0,8.0,0.03,22.0,24.56,0,MC1
1.0,2.0,0.67,0.0,3.0,0.0,5.0,0.97,0,MC1
1.0,2.0,0.67,0.0,3.0,0.0,5.0,0.97,0,MC1
1.0,2.0,0.67,0.0,3.0,0.0,5.0,0.97,0,MC1
1.0,2.0,0.67,0.0,3.0,0.0,5.0,0.97,0,MC1
1.0,2.0,0.67,0.0,3.0,0.0,5.0,0.97,0,MC1
1.0,2.0,0.67,0.0,3.0,0.0,5.0,0.97,0,MC1
1.0,2.0,0.67,0.0,3.0,0.0,5.0,0.97,0,MC1
3.0,12.0,0.09,1.0,15.0,0.06,39.0,111.1,0,MC1
1.0,2.0,0.67,0.0,3.0,0.0,5.0,0.97,0,MC1
3.0,12.0,0.1,1.0,14.0,0.07,42.0,115.16,0,MC1
3.0,7.0,0.2,3.0,9.0,0.03,22.0,25.29,0,MC1
1.0,2.0,0.67,0.0,3.0,0.0,5.0,0.97,0,MC1
1.0,2.0,0.67,0.0,3.0,0.0,5.0,0.97,0,MC1
1.0,2.0,0.67,0.0,3.0,0.0,5.0,0.97,0,MC1
1.0,2.0,0.67,0.0,3.0,0.0,5.0,0.97,0,MC1
1.0,2.0,0.67,0.0,3.0,0.0,5.0,0.97,0,MC1
1.0,2.0,0.67,0.0,3.0,0.0,5.0,0.97,0,MC1
1.0,2.0,0.67,0.0,3.0,0.0,5.0,0.97,0,MC1
1.0,2.0,0.67,0.0,3.0,0.0,5.0,0.97,0,MC1
1.0,2.0,0.67,0.0,3.0,0.0,5.0,0.97,0,MC1
1.0,2.0,0.67,0.0,3.0,0.0,5.0,0.97,0,MC1
1.0,2.0,0.67,0.0,3.0,0.0,5.0,0.97,0,MC1
1.0,2.0,0.67,0.0,3.0,0.0,5.0,0.97,0,MC1
1.0,2.0,0.67,0.0,3.0,0.0,5.0,0.97,0,MC1
1.0,2.0,0.67,0.0,3.0,0.0,5.0,0.97,0,MC1
1.0,2.0,0.67,0.0,3.0,0.0,5.0,0.97,0,MC1
1.0,2.0,0.67,0.0,3.0,0.0,5.0,0.97,0,MC1
1.0,2.0,0.67,0.0,3.0,0.0,5.0,0.97,0,MC1
1.0,2.0,0.67,0.0,3.0,0.0,5.0,0.97,0,MC1
1.0,2.0,0.67,0.0,3.0,0.0,5.0,0.97,0,MC1
1.0,2.0,0.67,0.0,3.0,0.0,5.0,0.97,0,MC1
1.0,2.0,0.67,0.0,3.0,0.0,5.0,0.97,0,MC1
1.0,2.0,0.67,0.0,3.0,0.0,5.0,0.97,0,MC1
1.0,2.0,0.67,0.0,3.0,0.0,5.0,0.97,0,MC1
1.0,2.0,0.67,0.0,3.0,0.0,5.0,0.97,0,MC1
1.0,2.0,0.67,0.0,3.0,0.0,5.0,0.97,0,MC1
1.0,2.0,0.67,0.0,3.0,0.0,5.0,0.97,0,MC1
1.0,2.0,0.67,0.0,3.0,0.0,5.0,0.97,0,MC1
1.0,2.0,0.67,0.0,3.0,0.0,5.0,0.97,0,MC1
1.0,2.0,0.67,0.0,3.0,0.0,5.0,0.97,0,MC1
1.0,2.0,0.67,0.0,3.0,0.0,5.0,0.97,0,MC1
1.0,2.0,0.67,0.0,3.0,0.0,5.0,0.97,0,MC1
1.0,2.0,0.67,0.0,3.0,0.0,5.0,0.97,0,MC1
1.0,2.0,0.67,0.0,3.0,0.0,5.0,0.97,0,MC1
1.0,2.0,0.67,0.0,3.0,0.0,5.0,0.97,0,MC1
1.0,2.0,0.67,0.0,3.0,0.0,5.0,0.97,0,MC1
1.0,2.0,0.67,0.0,3.0,0.0,5.0,0.97,0,MC1
1.0,2.0,0.67,0.0,3.0,0.0,5.0,0.97,0,MC1
1.0,2.0,0.67,0.0,3.0,0.0,5.0,0.97,0,MC1
1.0,2.0,0.67,0.0,3.0,0.0,5.0,0.97,0,MC1
1.0,2.0,0.67,0.0,3.0,0.0,5.0,0.97,0,MC1
2.0,4.0,0.25,2.0,6.0,0.01,11.0,7.75,0,MC1
2.0,4.0,0.25,2.0,6.0,0.01,11.0,7.75,0,MC1
2.0,4.0,0.25,2.0,6.0,0.01,11.0,7.75,0,MC1
2.0,4.0,0.25,2.0,6.0,0.01,11.0,7.75,0,MC1
2.0,4.0,0.25,2.0,6.0,0.01,11.0,7.75,0,MC1
3.0,9.0,0.13,3.0,10.0,0.04,26.0,45.17,0,MC1
2.0,4.0,0.25,2.0,6.0,0.01,11.0,7.75,0,MC1
2.0,6.0,0.18,4.0,7.0,0.02,19.0,21.19,0,MC1
2.0,4.0,0.25,2.0,6.0,0.01,11.0,7.75,0,MC1
2.0,4.0,0.25,2.0,6.0,0.01,11.0,7.75,0,MC1
3.0,9.0,0.13,3.0,10.0,0.04,26.0,45.17,0,MC1
2.0,5.0,0.23,3.0,7.0,0.02,14.0,11.77,0,MC1
2.0,4.0,0.25,2.0,6.0,0.01,11.0,7.75,0,MC1
2.0,4.0,0.25,2.0,6.0,0.01,11.0,7.75,0,MC1
2.0,5.0,0.23,3.0,7.0,0.02,14.0,11.77,0,MC1
2.0,5.0,0.23,3.0,7.0,0.02,14.0,11.77,0,MC1
2.0,4.0,0.25,2.0,6.0,0.01,11.0,7.75,0,MC1
2.0,4.0,0.25,2.0,6.0,0.01,11.0,7.75,0,MC1
2.0,5.0,0.23,3.0,7.0,0.02,14.0,11.77,0,MC1
2.0,6.0,0.21,4.0,7.0,0.02,19.0,18.23,0,MC1
1.0,2.0,0.67,1.0,3.0,0.0,5.0,0.97,0,MC1
1.0,2.0,0.67,1.0,3.0,0.0,5.0,0.97,0,MC1
1.0,2.0,0.67,1.0,3.0,0.0,5.0,0.97,0,MC1
1.0,2.0,0.67,1.0,3.0,0.0,5.0,0.97,0,MC1
1.0,2.0,0.67,1.0,3.0,0.0,5.0,0.97,1,MC1
1.0,2.0,0.67,1.0,3.0,0.0,5.0,0.97,1,MC1
1.0,2.0,0.67,1.0,3.0,0.0,5.0,0.97,0,MC1
1.0,2.0,0.67,1.0,3.0,0.0,5.0,0.97,0,MC1
1.0,2.0,0.67,1.0,3.0,0.0,5.0,0.97,0,MC1
1.0,2.0,0.67,1.0,3.0,0.0,5.0,0.97,0,MC1
1.0,2.0,0.67,1.0,3.0,0.0,5.0,0.97,0,MC1
1.0,2.0,0.67,1.0,3.0,0.0,5.0,0.97,0,MC1
1.0,2.0,0.67,1.0,3.0,0.0,5.0,0.97,0,MC1
1.0,2.0,0.67,1.0,3.0,0.0,5.0,0.97,0,MC1
1.0,2.0,0.67,1.0,3.0,0.0,5.0,0.97,0,MC1
1.0,2.0,0.67,1.0,3.0,0.0,5.0,0.97,0,MC1
2.0,7.0,0.17,2.0,7.0,0.02,15.0,16.14,0,MC1
2.0,7.0,0.17,2.0,7.0,0.02,15.0,16.14,0,MC1
1.0,2.0,0.67,1.0,3.0,0.0,5.0,0.97,0,MC1
1.0,2.0,0.67,1.0,3.0,0.0,5.0,0.97,0,MC1
1.0,2.0,0.67,1.0,3.0,0.0,5.0,0.97,0,MC1
1.0,2.0,0.67,1.0,3.0,0.0,5.0,0.97,0,MC1
1.0,2.0,0.67,1.0,3.0,0.0,5.0,0.97,0,MC1
1.0,2.0,0.67,1.0,3.0,0.0,5.0,0.97,0,MC1
1.0,2.0,0.67,1.0,3.0,0.0,5.0,0.97,0,MC1
1.0,2.0,0.67,1.0,3.0,0.0,5.0,0.97,0,MC1
1.0,3.0,0.5,2.0,4.0,0.01,8.0,2.5,0,MC1
1.0,3.0,0.5,2.0,4.0,0.01,8.0,2.5,0,MC1
1.0,2.0,0.67,1.0,3.0,0.0,5.0,0.97,0,MC1
1.0,3.0,0.5,2.0,4.0,0.01,8.0,2.5,0,MC1
1.0,4.0,0.42,3.0,4.0,0.01,13.0,5.49,1,MC1
1.0,4.0,0.44,3.0,3.0,0.01,13.0,4.56,1,MC1
1.0,2.0,0.67,1.0,3.0,0.0,5.0,0.97,0,MC1
1.0,2.0,0.67,1.0,3.0,0.0,5.0,0.97,0,MC1
1.0,3.0,0.5,1.0,4.0,0.01,8.0,2.5,0,MC1
1.0,2.0,0.67,1.0,3.0,0.0,5.0,0.97,0,MC1
2.0,7.0,0.2,2.0,7.0,0.03,20.0,21.15,0,MC1
2.0,7.0,0.2,2.0,7.0,0.03,20.0,21.15,0,MC1
1.0,3.0,0.5,1.0,4.0,0.01,8.0,2.5,0,MC1
1.0,3.0,0.5,2.0,4.0,0.01,8.0,2.5,0,MC1
6.0,21.0,0.13,13.0,12.0,0.12,69.0,148.92,0,MC1
6.0,21.0,0.13,13.0,12.0,0.12,69.0,148.92,0,MC1
1.0,3.0,0.67,2.0,3.0,0.01,7.0,1.35,0,MC1
1.0,3.0,0.67,2.0,3.0,0.01,7.0,1.35,0,MC1
12.0,38.0,0.09,11.0,13.0,0.11,68.0,200.16,0,MC1
3.0,9.0,0.22,4.0,6.0,0.02,16.0,13.29,0,MC1
1.0,1.0,0.0,0.0,1.0,0.0,1.0,0.0,0,MC1
19.0,55.0,0.12,4.0,6.0,0.2,127.0,268.63,0,MC1
19.0,55.0,0.12,4.0,6.0,0.2,127.0,268.63,0,MC1
1.0,1.0,0.0,0.0,1.0,0.0,1.0,0.0,0,MC1
3.0,10.0,0.24,5.0,6.0,0.02,19.0,15.34,0,MC1
3.0,10.0,0.24,5.0,6.0,0.02,19.0,15.34,1,MC1
2.0,3.0,0.25,1.0,4.0,0.0,6.0,3.1,0,MC1
1.0,1.0,0.0,0.0,1.0,0.0,1.0,0.0,0,MC1
3.0,9.0,0.22,4.0,6.0,0.02,16.0,13.29,0,MC1
12.0,38.0,0.09,11.0,13.0,0.11,68.0,200.16,0,MC1
3.0,10.0,0.15,4.0,8.0,0.03,24.0,33.84,0,MC1
15.0,47.0,0.1,6.0,8.0,0.16,103.0,268.86,0,MC1
1.0,1.0,0.0,0.0,1.0,0.0,1.0,0.0,0,MC1
5.0,10.0,0.11,4.0,8.0,0.04,30.0,59.23,0,MC1
15.0,47.0,0.1,6.0,8.0,0.16,103.0,268.86,0,MC1
1.0,1.0,0.0,0.0,1.0,0.0,1.0,0.0,0,MC1
1.0,1.0,0.0,0.0,1.0,0.0,1.0,0.0,0,MC1
2.0,3.0,0.25,1.0,4.0,0.0,6.0,3.1,0,MC1
10.0,81.0,0.08,9.0,12.0,0.3,167.0,645.81,0,MC1
10.0,81.0,0.07,9.0,12.0,0.3,167.0,680.39,0,MC1
2.0,13.0,0.12,5.0,7.0,0.07,51.0,97.28,0,MC1
2.0,13.0,0.12,5.0,7.0,0.07,51.0,97.28,0,MC1
5.0,33.0,0.05,12.0,19.0,0.19,111.0,711.97,0,MC1
3.0,18.0,0.12,0.0,9.0,0.08,53.0,106.7,0,MC1
3.0,18.0,0.12,0.0,9.0,0.08,53.0,106.7,0,MC1
3.0,18.0,0.12,0.0,9.0,0.08,53.0,106.7,0,MC1
3.0,18.0,0.12,0.0,9.0,0.08,53.0,106.7,0,MC1
3.0,18.0,0.16,1.0,7.0,0.07,48.0,70.76,0,MC1
3.0,18.0,0.16,1.0,7.0,0.07,48.0,70.76,0,MC1
2.0,27.0,0.06,0.0,13.0,0.57,290.0,1622.26,0,MC1
2.0,27.0,0.06,0.0,13.0,0.57,290.0,1622.26,0,MC1
1.0,7.0,0.18,0.0,7.0,0.04,29.0,33.74,0,MC1
1.0,2.0,0.67,0.0,3.0,0.0,5.0,0.97,0,MC1
1.0,2.0,0.67,0.0,3.0,0.0,5.0,0.97,0,MC1
1.0,2.0,0.67,0.0,3.0,0.0,5.0,0.97,0,MC1
1.0,2.0,0.67,0.0,3.0,0.0,5.0,0.97,0,MC1
1.0,2.0,0.67,0.0,3.0,0.0,5.0,0.97,0,MC1
1.0,2.0,0.67,0.0,3.0,0.0,5.0,0.97,0,MC1
1.0,2.0,0.67,0.0,3.0,0.0,5.0,0.97,0,MC1
1.0,2.0,0.67,0.0,3.0,0.0,5.0,0.97,0,MC1
1.0,2.0,0.67,0.0,3.0,0.0,5.0,0.97,0,MC1
1.0,2.0,0.67,0.0,3.0,0.0,5.0,0.97,0,MC1
1.0,2.0,0.67,0.0,3.0,0.0,5.0,0.97,0,MC1
2.0,4.0,0.25,2.0,6.0,0.01,11.0,7.75,0,MC1
1.0,2.0,0.67,1.0,3.0,0.0,5.0,0.97,0,MC1
1.0,2.0,0.67,1.0,3.0,0.0,5.0,0.97,0,MC1
1.0,1.0,0.0,0.0,1.0,0.0,1.0,0.0,0,MC1
28.0,114.0,0.02,40.0,34.0,0.83,379.0,5624.77,0,MC1
28.0,114.0,0.02,40.0,34.0,0.83,379.0,5624.77,0,MC1
1.0,3.0,0.67,2.0,3.0,0.01,8.0,1.72,0,MC1
1.0,3.0,0.5,2.0,4.0,0.01,8.0,2.5,0,MC1
5.0,8.0,0.22,0.0,9.0,0.03,22.0,22.48,0,MC1
5.0,8.0,0.22,0.0,9.0,0.03,22.0,22.48,0,MC1
1.0,3.0,0.67,2.0,3.0,0.01,8.0,1.72,0,MC1
1.0,3.0,0.5,2.0,4.0,0.01,8.0,2.5,0,MC1
1.0,3.0,0.5,2.0,4.0,0.01,8.0,2.5,0,MC1
1.0,3.0,0.5,2.0,4.0,0.01,8.0,2.5,0,MC1
18.0,85.0,0.05,36.0,21.0,0.36,186.0,1248.16,0,MC1
18.0,85.0,0.05,36.0,21.0,0.36,186.0,1248.16,0,MC1
3.0,25.0,0.09,10.0,11.0,0.09,58.0,167.02,0,MC1
3.0,25.0,0.09,10.0,11.0,0.09,58.0,167.02,0,MC1
1.0,2.0,0.29,0.0,7.0,0.01,12.0,8.07,0,MC1
1.0,2.0,0.29,0.0,7.0,0.01,12.0,8.07,0,MC1
3.0,12.0,0.15,6.0,8.0,0.03,26.0,36.66,0,MC1
3.0,12.0,0.15,6.0,8.0,0.03,26.0,36.66,0,MC1
1.0,5.0,0.4,4.0,5.0,0.02,17.0,8.74,0,MC1
1.0,5.0,0.4,4.0,5.0,0.02,17.0,8.74,0,MC1
2.0,10.0,0.28,6.0,6.0,0.04,29.0,23.35,0,MC1
2.0,10.0,0.28,6.0,6.0,0.04,29.0,23.35,0,MC1
1.0,2.0,0.67,0.0,3.0,0.0,5.0,0.97,0,MC1
1.0,2.0,0.67,0.0,3.0,0.0,5.0,0.97,0,MC1
1.0,2.0,0.67,0.0,3.0,0.0,5.0,0.97,0,MC1
1.0,2.0,0.67,0.0,3.0,0.0,5.0,0.97,0,MC1
6.0,24.0,0.16,13.0,11.0,0.09,56.0,97.22,0,MC1
6.0,24.0,0.16,13.0,11.0,0.09,56.0,97.22,0,MC1
1.0,35.0,0.12,15.0,10.0,0.3,158.0,412.9,0,MC1
1.0,35.0,0.12,15.0,10.0,0.3,158.0,405.06,0,MC1
1.0,3.0,0.5,1.0,4.0,0.01,8.0,2.5,0,MC1
1.0,3.0,0.5,1.0,4.0,0.01,8.0,2.5,0,MC1
4.0,25.0,0.1,11.0,14.0,0.12,70.0,202.37,0,MC1
4.0,25.0,0.1,11.0,14.0,0.12,70.0,202.37,0,MC1
1.0,3.0,0.67,2.0,3.0,0.01,9.0,2.11,0,MC1
1.0,3.0,0.5,2.0,4.0,0.01,9.0,3.0,0,MC1
1.0,5.0,0.33,4.0,6.0,0.02,17.0,10.48,0,MC1
1.0,5.0,0.33,4.0,6.0,0.02,17.0,10.48,0,MC1
1.0,7.0,0.25,0.0,4.0,0.03,25.0,18.46,0,MC1
1.0,2.0,0.13,0.0,8.0,0.02,17.0,26.14,0,MC1
1.0,2.0,0.11,0.0,9.0,0.02,19.0,35.15,0,MC1
1.0,6.0,0.31,5.0,5.0,0.03,21.0,13.44,0,MC1
4.0,19.0,0.04,2.0,17.0,0.17,100.0,651.71,0,MC1
3.0,7.0,0.08,1.0,12.0,0.06,43.0,131.64,0,MC1
1.0,0.0,0.67,0.0,3.0,0.0,4.0,0.67,0,MC1
1.0,0.0,0.67,0.0,3.0,0.0,4.0,0.67,0,MC1
1.0,0.0,0.67,0.0,3.0,0.0,4.0,0.67,0,MC1
1.0,0.0,0.67,0.0,3.0,0.0,4.0,0.67,0,MC1
1.0,0.0,0.67,0.0,3.0,0.0,4.0,0.67,0,MC1
1.0,0.0,0.67,0.0,3.0,0.0,4.0,0.67,0,MC1
1.0,0.0,0.67,0.0,3.0,0.0,4.0,0.67,0,MC1
1.0,0.0,0.67,0.0,3.0,0.0,4.0,0.67,0,MC1
1.0,0.0,0.67,0.0,3.0,0.0,4.0,0.67,0,MC1
1.0,0.0,0.67,0.0,3.0,0.0,4.0,0.67,0,MC1
1.0,0.0,0.67,0.0,3.0,0.0,4.0,0.67,0,MC1
1.0,16.0,0.33,0.0,4.0,0.09,61.0,46.61,0,MC1
1.0,0.0,0.67,0.0,3.0,0.0,5.0,0.97,0,MC1
1.0,0.0,0.67,0.0,3.0,0.0,5.0,0.97,0,MC1
1.0,0.0,0.67,0.0,3.0,0.0,5.0,0.97,0,MC1
1.0,0.0,0.67,0.0,3.0,0.0,5.0,0.97,0,MC1
1.0,0.0,0.67,0.0,3.0,0.0,5.0,0.97,0,MC1
1.0,0.0,0.67,0.0,3.0,0.0,5.0,0.97,0,MC1
1.0,0.0,0.38,0.0,4.0,0.01,9.0,3.74,0,MC1
1.0,0.0,0.67,0.0,3.0,0.0,5.0,0.97,0,MC1
1.0,4.0,0.4,0.0,4.0,0.01,12.0,5.0,0,MC1
1.0,19.0,0.14,13.0,8.0,0.19,110.0,232.19,0,MC1
1.0,19.0,0.14,13.0,8.0,0.19,110.0,232.19,0,MC1
1.0,19.0,0.13,13.0,8.0,0.18,110.0,246.61,0,MC1
1.0,19.0,0.14,13.0,8.0,0.19,110.0,232.19,0,MC1
1.0,19.0,0.13,13.0,8.0,0.18,110.0,246.61,0,MC1
1.0,19.0,0.14,13.0,8.0,0.19,110.0,232.19,0,MC1
1.0,19.0,0.13,13.0,8.0,0.18,110.0,246.61,0,MC1
1.0,19.0,0.13,13.0,8.0,0.18,110.0,246.61,0,MC1
1.0,19.0,0.13,13.0,8.0,0.18,110.0,246.61,0,MC1
1.0,19.0,0.13,13.0,8.0,0.18,110.0,246.61,0,MC1
1.0,19.0,0.13,13.0,8.0,0.18,110.0,246.61,0,MC1
1.0,19.0,0.14,13.0,8.0,0.19,110.0,232.19,0,MC1
1.0,19.0,0.13,13.0,8.0,0.18,110.0,246.61,0,MC1
1.0,19.0,0.14,13.0,8.0,0.19,110.0,232.19,0,MC1
1.0,19.0,0.14,13.0,8.0,0.19,110.0,232.19,0,MC1
1.0,19.0,0.14,13.0,8.0,0.19,110.0,232.19,0,MC1
1.0,19.0,0.14,13.0,8.0,0.19,110.0,232.19,0,MC1
1.0,19.0,0.13,13.0,8.0,0.18,110.0,246.61,0,MC1
1.0,19.0,0.14,13.0,8.0,0.19,110.0,232.19,0,MC1
1.0,19.0,0.13,13.0,8.0,0.18,110.0,246.61,0,MC1
2.0,3.0,0.3,0.0,5.0,0.01,9.0,5.0,0,MC1
2.0,3.0,0.3,0.0,5.0,0.01,9.0,5.0,0,MC1
1.0,5.0,0.42,0.0,3.0,0.02,17.0,6.8,0,MC1
1.0,5.0,0.42,0.0,3.0,0.02,17.0,6.8,0,MC1
1.0,10.0,0.14,0.0,6.0,0.1,71.0,116.0,0,MC1
1.0,10.0,0.14,0.0,6.0,0.1,71.0,116.0,0,MC1
3.0,11.0,0.13,0.0,10.0,0.03,21.0,33.31,0,MC1
3.0,11.0,0.13,0.0,10.0,0.03,21.0,33.31,0,MC1
16.0,84.0,0.02,3.0,30.0,0.7,349.0,7058.93,0,MC1
16.0,84.0,0.02,3.0,30.0,0.7,349.0,7058.93,0,MC1
2.0,10.0,0.09,0.0,13.0,0.05,34.0,87.63,0,MC1
2.0,10.0,0.09,0.0,13.0,0.05,34.0,87.63,0,MC1
2.0,11.0,0.11,0.0,12.0,0.06,38.0,84.73,0,MC1
2.0,11.0,0.11,0.0,12.0,0.06,38.0,84.73,0,MC1
1.0,5.0,0.34,1.0,5.0,0.02,16.0,8.97,0,MC1
1.0,2.0,0.67,0.0,3.0,0.0,5.0,0.97,0,MC1
1.0,0.0,0.0,0.0,1.0,0.0,1.0,0.0,0,MC1
1.0,0.0,0.0,0.0,1.0,0.0,1.0,0.0,0,MC1
1.0,0.0,0.0,0.0,1.0,0.0,1.0,0.0,0,MC1
1.0,0.0,0.0,0.0,1.0,0.0,1.0,0.0,0,MC1
1.0,0.0,0.0,0.0,1.0,0.0,1.0,0.0,0,MC1
1.0,0.0,0.0,0.0,1.0,0.0,1.0,0.0,0,MC1
1.0,0.0,0.0,0.0,1.0,0.0,1.0,0.0,0,MC1
1.0,0.0,0.0,0.0,1.0,0.0,1.0,0.0,0,MC1
1.0,0.0,0.0,0.0,1.0,0.0,1.0,0.0,0,MC1
1.0,0.0,0.0,0.0,1.0,0.0,1.0,0.0,0,MC1
1.0,0.0,0.0,0.0,1.0,0.0,1.0,0.0,0,MC1
1.0,0.0,0.0,0.0,1.0,0.0,1.0,0.0,0,MC1
1.0,43.0,0.1,38.0,6.0,0.46,259.0,753.27,0,MC1
1.0,43.0,0.1,38.0,6.0,0.46,259.0,753.27,0,MC1
1.0,43.0,0.1,38.0,6.0,0.46,259.0,753.27,0,MC1
1.0,43.0,0.1,38.0,6.0,0.46,259.0,753.27,0,MC1
1.0,43.0,0.1,38.0,6.0,0.46,259.0,753.27,0,MC1
1.0,43.0,0.1,38.0,6.0,0.46,259.0,753.27,0,MC1
1.0,43.0,0.1,38.0,6.0,0.46,259.0,753.27,0,MC1
1.0,43.0,0.1,38.0,6.0,0.46,259.0,753.27,0,MC1
1.0,43.0,0.1,38.0,6.0,0.46,259.0,753.27,0,MC1
1.0,43.0,0.1,38.0,6.0,0.46,259.0,753.27,0,MC1
1.0,43.0,0.1,38.0,6.0,0.46,259.0,753.27,0,MC1
1.0,43.0,0.1,38.0,6.0,0.46,259.0,753.27,0,MC1
1.0,43.0,0.1,38.0,6.0,0.46,259.0,753.27,0,MC1
1.0,43.0,0.1,38.0,6.0,0.46,259.0,753.27,0,MC1
1.0,43.0,0.1,38.0,6.0,0.46,259.0,753.27,0,MC1
1.0,43.0,0.1,38.0,6.0,0.46,259.0,753.27,0,MC1
1.0,43.0,0.1,38.0,6.0,0.46,259.0,753.27,0,MC1
1.0,43.0,0.1,38.0,6.0,0.46,259.0,753.27,0,MC1
1.0,43.0,0.1,38.0,6.0,0.46,259.0,753.27,0,MC1
1.0,43.0,0.1,38.0,6.0,0.46,259.0,753.27,0,MC1
2.0,6.0,0.11,0.0,9.0,0.03,24.0,45.69,0,MC1
1.0,7.0,0.15,1.0,9.0,0.03,25.0,36.63,0,MC1
1.0,2.0,0.4,0.0,5.0,0.01,10.0,4.4,0,MC1
3.0,11.0,0.08,0.0,12.0,0.07,45.0,131.77,0,MC1
3.0,14.0,0.07,1.0,12.0,0.09,60.0,205.62,0,MC1
3.0,14.0,0.07,1.0,12.0,0.09,60.0,205.62,0,MC1
1.0,3.0,0.33,0.0,6.0,0.01,12.0,6.64,0,MC1
1.0,5.0,0.15,0.0,10.0,0.03,23.0,34.07,0,MC1
1.0,0.0,0.0,0.0,1.0,0.0,1.0,0.0,0,MC1
1.0,0.0,0.0,0.0,0.0,0.0,0.0,0.0,0,MC1
7.0,36.0,0.1,1.0,9.0,0.2,120.0,332.61,0,MC1
1.0,8.0,0.12,0.0,10.0,0.04,29.0,56.45,0,MC1
1.0,4.0,0.11,0.0,7.0,0.02,15.0,23.11,0,MC1
2.0,8.0,0.12,0.0,10.0,0.04,29.0,56.45,0,MC1
2.0,5.0,0.4,2.0,5.0,0.01,11.0,4.84,0,MC1
6.0,14.0,0.19,2.0,8.0,0.06,40.0,51.22,1,MC1
1.0,4.0,0.15,0.0,6.0,0.03,24.0,30.44,0,MC1
1.0,0.0,0.33,0.0,4.0,0.01,8.0,3.45,0,MC1
2.0,6.0,0.33,0.0,5.0,0.02,15.0,8.3,0,MC1
1.0,0.0,0.0,0.0,1.0,0.0,1.0,0.0,0,MC1
1.0,0.0,0.0,0.0,0.0,0.0,0.0,0.0,0,MC1
1.0,0.0,0.67,0.0,3.0,0.0,4.0,0.67,0,MC1
1.0,0.0,0.67,0.0,3.0,0.0,4.0,0.67,0,MC1
1.0,0.0,0.67,0.0,3.0,0.0,4.0,0.67,0,MC1
1.0,0.0,0.67,0.0,3.0,0.0,4.0,0.67,0,MC1
1.0,0.0,0.67,0.0,3.0,0.0,4.0,0.67,0,MC1
1.0,0.0,0.33,0.0,6.0,0.01,9.0,4.75,0,MC1
1.0,0.0,0.67,0.0,3.0,0.0,4.0,0.67,0,MC1
1.0,0.0,0.67,0.0,3.0,0.0,4.0,0.67,0,MC1
1.0,0.0,0.67,0.0,3.0,0.0,4.0,0.67,0,MC1
1.0,0.0,0.0,0.0,1.0,0.0,1.0,0.0,0,MC1
1.0,0.0,0.0,0.0,1.0,0.0,1.0,0.0,0,MC1
1.0,12.0,0.26,0.0,5.0,0.07,49.0,45.1,0,MC1
1.0,2.0,0.13,0.0,8.0,0.02,17.0,26.14,0,MC1
1.0,2.0,0.11,0.0,9.0,0.02,19.0,35.15,0,MC1
1.0,0.0,0.0,0.0,3.0,0.0,3.0,0.0,0,MC1
1.0,0.0,0.0,0.0,2.0,0.0,2.0,0.0,0,MC1
1.0,0.0,0.67,0.0,3.0,0.0,4.0,0.67,0,MC1
1.0,0.0,0.67,0.0,3.0,0.0,4.0,0.67,0,MC1
1.0,0.0,0.67,0.0,3.0,0.0,4.0,0.67,0,MC1
1.0,0.0,0.67,0.0,3.0,0.0,5.0,0.97,0,MC1
1.0,0.0,0.0,0.0,1.0,0.0,1.0,0.0,0,MC1
1.0,0.0,0.67,0.0,3.0,0.0,5.0,0.97,0,MC1
1.0,0.0,0.67,0.0,3.0,0.0,5.0,0.97,0,MC1
1.0,0.0,0.67,0.0,3.0,0.0,5.0,0.97,0,MC1
1.0,0.0,0.5,0.0,4.0,0.01,11.0,3.67,0,MC1
1.0,0.0,0.67,0.0,3.0,0.0,4.0,0.67,0,MC1
1.0,0.0,0.5,0.0,4.0,0.01,11.0,3.67,0,MC1
1.0,0.0,0.67,0.0,3.0,0.0,4.0,0.67,0,MC1
1.0,0.0,0.67,0.0,3.0,0.0,4.0,0.67,0,MC1
1.0,0.0,0.5,0.0,4.0,0.01,11.0,3.67,0,MC1
1.0,0.0,0.67,0.0,3.0,0.0,4.0,0.67,0,MC1
1.0,0.0,0.67,0.0,3.0,0.0,5.0,0.97,0,MC1
1.0,0.0,0.67,0.0,3.0,0.0,5.0,0.97,0,MC1
1.0,0.0,0.67,0.0,3.0,0.01,9.0,2.11,0,MC1
1.0,0.0,0.67,0.0,3.0,0.0,5.0,0.97,0,MC1
1.0,0.0,0.67,0.0,3.0,0.01,9.0,2.11,0,MC1
1.0,0.0,0.67,0.0,3.0,0.0,5.0,0.97,0,MC1
1.0,0.0,0.67,0.0,3.0,0.0,5.0,0.97,0,MC1
1.0,0.0,0.67,0.0,3.0,0.0,5.0,0.97,0,MC1
1.0,0.0,0.4,0.0,5.0,0.01,7.0,2.73,0,MC1
1.0,0.0,0.4,0.0,5.0,0.01,7.0,2.73,0,MC1
1.0,0.0,0.67,0.0,3.0,0.0,4.0,0.67,0,MC1
1.0,0.0,0.67,0.0,3.0,0.0,4.0,0.67,0,MC1
1.0,0.0,0.67,0.0,3.0,0.0,4.0,0.67,0,MC1
1.0,0.0,0.67,0.0,3.0,0.0,4.0,0.67,0,MC1
1.0,0.0,0.67,0.0,3.0,0.0,4.0,0.67,0,MC1
1.0,0.0,0.67,0.0,3.0,0.0,4.0,0.67,0,MC1
1.0,0.0,0.67,0.0,3.0,0.0,4.0,0.67,0,MC1
1.0,0.0,0.67,0.0,3.0,0.0,4.0,0.67,0,MC1
1.0,0.0,0.67,0.0,3.0,0.0,4.0,0.67,0,MC1
1.0,0.0,0.67,0.0,3.0,0.0,4.0,0.67,0,MC1
1.0,0.0,0.67,0.0,3.0,0.0,4.0,0.67,0,MC1
1.0,0.0,0.67,0.0,3.0,0.0,4.0,0.67,0,MC1
1.0,0.0,0.67,0.0,3.0,0.0,4.0,0.67,0,MC1
1.0,0.0,0.67,0.0,3.0,0.0,4.0,0.67,0,MC1
1.0,0.0,0.67,0.0,3.0,0.0,4.0,0.67,0,MC1
1.0,0.0,0.4,0.0,5.0,0.01,6.0,2.15,0,MC1
1.0,0.0,0.67,0.0,3.0,0.0,4.0,0.67,0,MC1
1.0,0.0,0.67,0.0,3.0,0.0,4.0,0.67,0,MC1
1.0,0.0,0.67,0.0,3.0,0.0,4.0,0.67,0,MC1
1.0,0.0,0.67,0.0,3.0,0.0,4.0,0.67,0,MC1
1.0,0.0,0.67,0.0,3.0,0.0,4.0,0.67,0,MC1
1.0,0.0,0.67,0.0,3.0,0.0,4.0,0.67,0,MC1
1.0,0.0,0.67,0.0,3.0,0.0,4.0,0.67,0,MC1
1.0,0.0,0.67,0.0,3.0,0.0,4.0,0.67,0,MC1
1.0,0.0,0.67,0.0,3.0,0.0,4.0,0.67,0,MC1
1.0,0.0,0.67,0.0,3.0,0.0,4.0,0.67,0,MC1
1.0,0.0,0.67,0.0,3.0,0.0,4.0,0.67,0,MC1
1.0,0.0,0.67,0.0,3.0,0.0,4.0,0.67,0,MC1
1.0,0.0,0.67,0.0,3.0,0.0,4.0,0.67,0,MC1
1.0,0.0,0.67,0.0,3.0,0.0,4.0,0.67,0,MC1
1.0,0.0,0.4,0.0,5.0,0.01,7.0,2.73,0,MC1
1.0,0.0,0.67,0.0,3.0,0.0,4.0,0.67,0,MC1
1.0,0.0,0.4,0.0,5.0,0.01,7.0,2.73,0,MC1
1.0,0.0,0.0,0.0,3.0,0.0,3.0,0.0,0,MC1
1.0,0.0,0.67,0.0,3.0,0.0,5.0,0.97,0,MC1
1.0,0.0,0.67,0.0,3.0,0.0,5.0,0.97,0,MC1
1.0,0.0,0.67,0.0,3.0,0.0,5.0,0.97,0,MC1
1.0,0.0,0.67,0.0,3.0,0.0,5.0,0.97,0,MC1
1.0,50.0,0.06,13.0,15.0,0.4,206.0,1120.52,1,MC1
1.0,25.0,0.08,11.0,12.0,0.21,120.0,430.66,0,MC1
1.0,0.0,0.67,0.0,3.0,0.0,5.0,0.97,0,MC1
1.0,0.0,0.67,0.0,3.0,0.0,5.0,0.97,0,MC1
1.0,0.0,0.67,0.0,3.0,0.0,5.0,0.97,0,MC1
1.0,0.0,0.67,0.0,3.0,0.0,5.0,0.97,0,MC1
1.0,0.0,0.67,0.0,3.0,0.0,5.0,0.97,0,MC1
1.0,0.0,0.67,0.0,3.0,0.0,5.0,0.97,0,MC1
1.0,0.0,0.5,0.0,4.0,0.0,5.0,1.29,0,MC1
1.0,1.0,0.0,0.0,1.0,0.0,1.0,0.0,0,MC1
1.0,1.0,0.0,0.0,1.0,0.0,1.0,0.0,0,MC1
1.0,0.0,0.67,0.0,3.0,0.0,4.0,0.67,0,MC1
1.0,0.0,0.67,0.0,3.0,0.0,4.0,0.67,0,MC1
1.0,0.0,0.67,0.0,3.0,0.0,4.0,0.67,0,MC1
1.0,0.0,0.67,0.0,3.0,0.0,4.0,0.67,0,MC1
1.0,0.0,0.67,0.0,3.0,0.0,4.0,0.67,0,MC1
1.0,0.0,0.0,0.0,0.0,0.0,0.0,0.0,0,MC1
1.0,0.0,0.0,0.0,0.0,0.0,0.0,0.0,0,MC1
1.0,0.0,0.67,0.0,3.0,0.0,4.0,0.67,0,MC1
1.0,0.0,0.67,0.0,3.0,0.0,4.0,0.67,0,MC1
1.0,0.0,0.67,0.0,3.0,0.0,4.0,0.67,0,MC1
1.0,0.0,0.67,0.0,3.0,0.0,4.0,0.67,0,MC1
1.0,0.0,0.0,0.0,1.0,0.0,1.0,0.0,0,MC1
1.0,0.0,0.0,0.0,1.0,0.0,1.0,0.0,0,MC1
1.0,0.0,0.0,0.0,0.0,0.0,0.0,0.0,0,MC1
1.0,0.0,0.0,0.0,0.0,0.0,0.0,0.0,0,MC1
1.0,0.0,0.0,0.0,3.0,0.0,3.0,0.0,0,MC1
1.0,0.0,0.0,0.0,3.0,0.0,3.0,0.0,0,MC1
1.0,0.0,0.0,0.0,2.0,0.0,2.0,0.0,0,MC1
1.0,0.0,0.0,0.0,2.0,0.0,2.0,0.0,0,MC1
1.0,0.0,0.0,0.0,1.0,0.0,1.0,0.0,0,MC1
1.0,0.0,0.0,0.0,1.0,0.0,1.0,0.0,0,MC1
1.0,0.0,0.0,0.0,0.0,0.0,0.0,0.0,0,MC1
1.0,0.0,0.0,0.0,0.0,0.0,0.0,0.0,0,MC1
1.0,2.0,0.13,0.0,8.0,0.02,17.0,26.14,0,MC1
1.0,2.0,0.11,0.0,9.0,0.02,19.0,35.15,0,MC1
1.0,0.0,0.67,0.0,3.0,0.0,4.0,0.67,0,MC1
1.0,0.0,0.67,0.0,3.0,0.0,4.0,0.67,0,MC1
1.0,0.0,0.67,0.0,3.0,0.0,4.0,0.67,0,MC1
1.0,0.0,0.67,0.0,3.0,0.0,4.0,0.67,0,MC1
1.0,0.0,0.67,0.0,3.0,0.0,4.0,0.67,0,MC1
1.0,0.0,0.67,0.0,3.0,0.0,4.0,0.67,0,MC1
1.0,0.0,0.67,0.0,3.0,0.0,5.0,0.97,0,MC1
1.0,0.0,0.67,0.0,3.0,0.0,5.0,0.97,0,MC1
1.0,0.0,0.0,0.0,1.0,0.0,1.0,0.0,0,MC1
1.0,0.0,0.0,0.0,1.0,0.0,1.0,0.0,0,MC1
1.0,0.0,0.67,0.0,3.0,0.0,5.0,0.97,0,MC1
1.0,0.0,0.67,0.0,3.0,0.0,5.0,0.97,0,MC1
1.0,20.0,0.1,0.0,14.0,0.11,64.0,172.84,0,MC1
1.0,20.0,0.1,0.0,14.0,0.11,64.0,172.84,0,MC1
1.0,0.0,0.67,0.0,3.0,0.0,4.0,0.67,0,MC1
1.0,0.0,0.67,0.0,3.0,0.0,4.0,0.67,0,MC1
1.0,0.0,0.67,0.0,3.0,0.0,5.0,0.97,0,MC1
1.0,0.0,0.67,0.0,3.0,0.0,5.0,0.97,0,MC1
1.0,0.0,0.67,0.0,3.0,0.0,5.0,0.97,0,MC1
1.0,0.0,0.67,0.0,3.0,0.0,5.0,0.97,0,MC1
1.0,0.0,0.67,0.0,3.0,0.0,5.0,0.97,0,MC1
1.0,0.0,0.67,0.0,3.0,0.0,5.0,0.97,0,MC1
1.0,0.0,0.67,0.0,3.0,0.0,5.0,0.97,0,MC1
1.0,0.0,0.67,0.0,3.0,0.0,5.0,0.97,0,MC1
1.0,0.0,0.67,0.0,3.0,0.0,4.0,0.67,0,MC1
1.0,0.0,0.67,0.0,3.0,0.0,4.0,0.67,0,MC1
1.0,0.0,0.67,0.0,3.0,0.0,4.0,0.67,0,MC1
1.0,0.0,0.67,0.0,3.0,0.0,4.0,0.67,0,MC1
1.0,0.0,0.67,0.0,3.0,0.0,4.0,0.67,0,MC1
1.0,0.0,0.67,0.0,3.0,0.0,4.0,0.67,0,MC1
1.0,0.0,0.67,0.0,3.0,0.0,4.0,0.67,0,MC1
1.0,0.0,0.67,0.0,3.0,0.0,4.0,0.67,0,MC1
1.0,0.0,0.67,0.0,3.0,0.0,4.0,0.67,0,MC1
1.0,0.0,0.67,0.0,3.0,0.0,4.0,0.67,0,MC1
1.0,0.0,0.67,0.0,3.0,0.0,4.0,0.67,0,MC1
1.0,0.0,0.67,0.0,3.0,0.0,4.0,0.67,0,MC1
1.0,0.0,0.67,0.0,3.0,0.0,4.0,0.67,0,MC1
1.0,0.0,0.67,0.0,3.0,0.0,4.0,0.67,0,MC1
1.0,0.0,0.67,0.0,3.0,0.0,4.0,0.67,0,MC1
1.0,0.0,0.67,0.0,3.0,0.0,4.0,0.67,0,MC1
1.0,0.0,0.67,0.0,3.0,0.0,4.0,0.67,0,MC1
1.0,0.0,0.67,0.0,3.0,0.0,4.0,0.67,0,MC1
1.0,0.0,0.67,0.0,3.0,0.0,4.0,0.67,0,MC1
1.0,0.0,0.67,0.0,3.0,0.0,4.0,0.67,0,MC1
1.0,0.0,0.67,0.0,3.0,0.0,4.0,0.67,0,MC1
1.0,0.0,0.67,0.0,3.0,0.0,4.0,0.67,0,MC1
1.0,0.0,0.5,0.0,4.0,0.0,5.0,1.29,0,MC1
1.0,0.0,0.5,0.0,4.0,0.0,5.0,1.29,0,MC1
1.0,0.0,0.67,0.0,3.0,0.0,4.0,0.67,0,MC1
1.0,0.0,0.67,0.0,3.0,0.0,4.0,0.67,0,MC1
1.0,0.0,0.67,0.0,3.0,0.0,4.0,0.67,0,MC1
1.0,0.0,0.67,0.0,3.0,0.0,4.0,0.67,0,MC1
1.0,0.0,0.67,0.0,3.0,0.0,4.0,0.67,0,MC1
1.0,0.0,0.67,0.0,3.0,0.0,4.0,0.67,0,MC1
1.0,0.0,0.67,0.0,3.0,0.0,4.0,0.67,0,MC1
1.0,0.0,0.67,0.0,3.0,0.0,4.0,0.67,0,MC1
1.0,0.0,0.67,0.0,3.0,0.0,4.0,0.67,0,MC1
1.0,0.0,0.67,0.0,3.0,0.0,4.0,0.67,0,MC1
1.0,0.0,0.67,0.0,3.0,0.0,4.0,0.67,0,MC1
1.0,0.0,0.67,0.0,3.0,0.0,4.0,0.67,0,MC1
1.0,0.0,0.67,0.0,3.0,0.0,5.0,0.97,0,MC1
1.0,0.0,0.67,0.0,3.0,0.0,5.0,0.97,0,MC1
1.0,0.0,0.67,0.0,3.0,0.0,4.0,0.67,0,MC1
1.0,0.0,0.67,0.0,3.0,0.0,4.0,0.67,0,MC1
1.0,0.0,0.4,0.0,5.0,0.01,7.0,2.73,0,MC1
1.0,0.0,0.4,0.0,5.0,0.01,7.0,2.73,0,MC1
1.0,0.0,0.0,0.0,3.0,0.0,3.0,0.0,0,MC1
1.0,0.0,0.0,0.0,3.0,0.0,3.0,0.0,0,MC1
1.0,0.0,0.67,0.0,3.0,0.0,5.0,0.97,0,MC1
1.0,0.0,0.67,0.0,3.0,0.0,5.0,0.97,0,MC1
1.0,0.0,1.0,0.0,2.0,0.0,3.0,0.26,0,MC1
1.0,0.0,1.0,0.0,2.0,0.0,3.0,0.26,0,MC1
1.0,0.0,0.67,0.0,3.0,0.0,5.0,0.97,0,MC1
1.0,0.0,0.67,0.0,3.0,0.0,5.0,0.97,0,MC1
1.0,0.0,0.67,0.0,3.0,0.0,5.0,0.97,0,MC1
1.0,0.0,0.67,0.0,3.0,0.0,5.0,0.97,0,MC1
1.0,0.0,0.67,0.0,3.0,0.0,5.0,0.97,0,MC1
1.0,0.0,0.67,0.0,3.0,0.0,5.0,0.97,0,MC1
1.0,0.0,0.67,0.0,3.0,0.0,5.0,0.97,0,MC1
1.0,0.0,0.67,0.0,3.0,0.0,5.0,0.97,0,MC1
1.0,0.0,0.67,0.0,3.0,0.0,5.0,0.97,0,MC1
1.0,0.0,0.67,0.0,3.0,0.0,5.0,0.97,0,MC1
1.0,0.0,0.67,0.0,3.0,0.0,5.0,0.97,0,MC1
1.0,0.0,0.67,0.0,3.0,0.0,5.0,0.97,0,MC1
1.0,0.0,0.67,0.0,3.0,0.0,5.0,0.97,0,MC1
1.0,0.0,0.67,0.0,3.0,0.0,5.0,0.97,0,MC1
1.0,0.0,0.67,0.0,3.0,0.0,4.0,0.67,0,MC1
1.0,0.0,0.67,0.0,3.0,0.0,4.0,0.67,0,MC1
7.0,13.0,0.1,0.0,8.0,0.08,55.0,122.32,0,MC1
7.0,13.0,0.1,0.0,8.0,0.08,55.0,122.32,0,MC1
1.0,0.0,0.0,0.0,3.0,0.0,3.0,0.0,0,MC1
1.0,0.0,0.0,0.0,3.0,0.0,3.0,0.0,0,MC1
1.0,0.0,0.0,0.0,2.0,0.0,2.0,0.0,0,MC1
1.0,0.0,0.0,0.0,2.0,0.0,2.0,0.0,0,MC1
1.0,35.0,0.11,8.0,9.0,0.33,175.0,484.52,0,MC1
1.0,35.0,0.11,8.0,9.0,0.33,175.0,484.52,0,MC1
1.0,0.0,0.67,0.0,3.0,0.0,4.0,0.67,0,MC1
1.0,0.0,0.67,0.0,3.0,0.0,4.0,0.67,0,MC1
1.0,0.0,0.67,0.0,3.0,0.0,4.0,0.67,0,MC1
1.0,0.0,0.67,0.0,3.0,0.0,4.0,0.67,0,MC1
1.0,2.0,0.13,0.0,8.0,0.02,17.0,26.14,0,MC1
1.0,2.0,0.11,0.0,9.0,0.02,19.0,35.15,0,MC1
1.0,0.0,0.0,0.0,1.0,0.0,1.0,0.0,0,MC1
1.0,0.0,0.0,0.0,1.0,0.0,1.0,0.0,0,MC1
1.0,0.0,0.67,0.0,3.0,0.0,5.0,0.97,0,MC1
1.0,0.0,0.67,0.0,3.0,0.0,5.0,0.97,0,MC1
1.0,0.0,0.67,0.0,3.0,0.0,5.0,0.97,0,MC1
1.0,0.0,0.67,0.0,3.0,0.0,5.0,0.97,0,MC1
1.0,0.0,0.67,0.0,3.0,0.0,4.0,0.67,0,MC1
1.0,0.0,0.67,0.0,3.0,0.0,4.0,0.67,0,MC1
1.0,0.0,0.67,0.0,3.0,0.0,4.0,0.67,0,MC1
1.0,0.0,0.67,0.0,3.0,0.0,4.0,0.67,0,MC1
1.0,0.0,0.67,0.0,3.0,0.0,4.0,0.67,0,MC1
1.0,0.0,0.67,0.0,3.0,0.0,4.0,0.67,0,MC1
1.0,0.0,0.67,0.0,3.0,0.0,4.0,0.67,0,MC1
1.0,0.0,0.67,0.0,3.0,0.0,4.0,0.67,0,MC1
1.0,0.0,0.67,0.0,3.0,0.0,4.0,0.67,0,MC1
1.0,0.0,0.67,0.0,3.0,0.0,4.0,0.67,0,MC1
1.0,0.0,0.67,0.0,3.0,0.0,4.0,0.67,0,MC1
1.0,0.0,0.67,0.0,3.0,0.0,4.0,0.67,0,MC1
1.0,0.0,0.67,0.0,3.0,0.0,4.0,0.67,0,MC1
1.0,0.0,0.67,0.0,3.0,0.0,4.0,0.67,0,MC1
1.0,0.0,0.67,0.0,3.0,0.0,4.0,0.67,0,MC1
1.0,0.0,0.67,0.0,3.0,0.0,4.0,0.67,0,MC1
1.0,0.0,0.67,0.0,3.0,0.0,4.0,0.67,0,MC1
1.0,0.0,0.67,0.0,3.0,0.0,4.0,0.67,0,MC1
1.0,0.0,0.67,0.0,3.0,0.0,4.0,0.67,0,MC1
1.0,0.0,0.67,0.0,3.0,0.0,4.0,0.67,0,MC1
1.0,0.0,0.67,0.0,3.0,0.0,4.0,0.67,0,MC1
1.0,0.0,0.67,0.0,3.0,0.0,4.0,0.67,0,MC1
1.0,0.0,0.67,0.0,3.0,0.0,5.0,0.97,0,MC1
1.0,0.0,0.67,0.0,3.0,0.0,5.0,0.97,0,MC1
1.0,0.0,0.67,0.0,3.0,0.0,4.0,0.67,0,MC1
1.0,0.0,0.67,0.0,3.0,0.0,4.0,0.67,0,MC1
1.0,0.0,0.4,0.0,5.0,0.01,7.0,2.73,0,MC1
1.0,0.0,0.4,0.0,5.0,0.01,7.0,2.73,0,MC1
1.0,0.0,0.0,0.0,3.0,0.0,3.0,0.0,0,MC1
1.0,0.0,0.0,0.0,3.0,0.0,3.0,0.0,0,MC1
3.0,3.0,0.17,0.0,8.0,0.02,15.0,17.92,0,MC1
3.0,3.0,0.17,0.0,8.0,0.02,15.0,17.92,0,MC1
1.0,0.0,0.67,0.0,3.0,0.0,5.0,0.97,0,MC1
1.0,0.0,0.67,0.0,3.0,0.0,5.0,0.97,0,MC1
1.0,0.0,0.67,0.0,3.0,0.0,5.0,0.97,0,MC1
1.0,0.0,0.67,0.0,3.0,0.0,5.0,0.97,0,MC1
1.0,0.0,0.67,0.0,3.0,0.0,5.0,0.97,0,MC1
1.0,0.0,0.67,0.0,3.0,0.0,5.0,0.97,0,MC1
1.0,0.0,0.67,0.0,3.0,0.0,5.0,0.97,0,MC1
1.0,0.0,0.67,0.0,3.0,0.0,5.0,0.97,0,MC1
1.0,0.0,0.67,0.0,3.0,0.0,5.0,0.97,0,MC1
1.0,0.0,0.67,0.0,3.0,0.0,5.0,0.97,0,MC1
1.0,0.0,0.67,0.0,3.0,0.0,5.0,0.97,0,MC1
1.0,0.0,0.67,0.0,3.0,0.0,5.0,0.97,0,MC1
1.0,0.0,0.67,0.0,3.0,0.0,5.0,0.97,0,MC1
1.0,0.0,0.67,0.0,3.0,0.0,5.0,0.97,0,MC1
1.0,0.0,0.67,0.0,3.0,0.0,4.0,0.67,0,MC1
1.0,0.0,0.67,0.0,3.0,0.0,4.0,0.67,0,MC1
1.0,0.0,0.0,0.0,3.0,0.0,3.0,0.0,0,MC1
1.0,0.0,0.0,0.0,2.0,0.0,2.0,0.0,0,MC1
1.0,0.0,0.67,0.0,3.0,0.0,4.0,0.67,0,MC1
1.0,0.0,0.67,0.0,3.0,0.0,4.0,0.67,0,MC1
2.0,3.0,0.3,0.0,5.0,0.01,9.0,5.0,0,MC1
2.0,3.0,0.3,0.0,5.0,0.01,9.0,5.0,0,MC1
1.0,14.0,0.16,1.0,7.0,0.11,70.0,110.13,0,MC1
1.0,14.0,0.16,1.0,7.0,0.11,70.0,110.13,0,MC1
1.0,0.0,0.67,0.0,3.0,0.0,4.0,0.67,0,MC1
1.0,0.0,0.67,0.0,3.0,0.0,5.0,0.97,0,MC1
1.0,2.0,0.13,0.0,8.0,0.02,17.0,26.14,0,MC1
1.0,2.0,0.11,0.0,9.0,0.02,19.0,35.15,0,MC1
1.0,0.0,0.0,0.0,1.0,0.0,1.0,0.0,0,MC1
1.0,0.0,0.67,0.0,3.0,0.0,5.0,0.97,0,MC1
1.0,0.0,0.67,0.0,3.0,0.0,4.0,0.67,0,MC1
1.0,0.0,0.67,0.0,3.0,0.0,5.0,0.97,0,MC1
1.0,0.0,0.67,0.0,3.0,0.0,5.0,0.97,0,MC1
1.0,0.0,0.67,0.0,3.0,0.0,5.0,0.97,0,MC1
1.0,0.0,0.67,0.0,3.0,0.0,5.0,0.97,0,MC1
1.0,0.0,0.67,0.0,3.0,0.0,4.0,0.67,0,MC1
1.0,0.0,0.67,0.0,3.0,0.0,4.0,0.67,0,MC1
1.0,0.0,0.67,0.0,3.0,0.0,4.0,0.67,0,MC1
1.0,0.0,0.67,0.0,3.0,0.0,4.0,0.67,0,MC1
1.0,0.0,0.67,0.0,3.0,0.0,4.0,0.67,0,MC1
1.0,0.0,0.67,0.0,3.0,0.0,4.0,0.67,0,MC1
1.0,0.0,0.67,0.0,3.0,0.0,4.0,0.67,0,MC1
1.0,0.0,0.67,0.0,3.0,0.0,4.0,0.67,0,MC1
1.0,0.0,0.67,0.0,3.0,0.0,4.0,0.67,0,MC1
1.0,0.0,0.5,0.0,4.0,0.0,5.0,1.29,0,MC1
1.0,0.0,0.67,0.0,3.0,0.0,4.0,0.67,0,MC1
1.0,0.0,0.67,0.0,3.0,0.0,4.0,0.67,0,MC1
1.0,0.0,0.67,0.0,3.0,0.0,4.0,0.67,0,MC1
1.0,0.0,0.67,0.0,3.0,0.0,4.0,0.67,0,MC1
1.0,0.0,0.67,0.0,3.0,0.0,4.0,0.67,0,MC1
1.0,0.0,0.67,0.0,3.0,0.0,4.0,0.67,0,MC1
2.0,7.0,0.12,0.0,13.0,0.05,31.0,61.46,0,MC1
2.0,7.0,0.12,0.0,13.0,0.05,31.0,61.46,0,MC1
1.0,0.0,0.67,0.0,3.0,0.0,5.0,0.97,0,MC1
1.0,0.0,0.67,0.0,3.0,0.0,4.0,0.67,0,MC1
1.0,0.0,0.4,0.0,5.0,0.01,7.0,2.73,0,MC1
1.0,0.0,0.0,0.0,3.0,0.0,3.0,0.0,0,MC1
1.0,0.0,0.67,0.0,3.0,0.0,5.0,0.97,0,MC1
1.0,0.0,1.0,0.0,2.0,0.0,3.0,0.26,0,MC1
1.0,0.0,0.67,0.0,3.0,0.0,5.0,0.97,0,MC1
1.0,0.0,0.67,0.0,3.0,0.0,5.0,0.97,0,MC1
1.0,0.0,0.67,0.0,3.0,0.0,5.0,0.97,0,MC1
1.0,0.0,0.67,0.0,3.0,0.0,5.0,0.97,0,MC1
1.0,0.0,0.67,0.0,3.0,0.0,5.0,0.97,0,MC1
1.0,0.0,0.67,0.0,3.0,0.0,5.0,0.97,0,MC1
1.0,0.0,0.67,0.0,3.0,0.0,4.0,0.67,0,MC1
1.0,1.0,0.0,0.0,1.0,0.0,1.0,0.0,0,MC1
1.0,1.0,0.0,0.0,1.0,0.0,1.0,0.0,0,MC1
1.0,4.0,0.44,1.0,3.0,0.01,13.0,4.56,0,MC1
1.0,4.0,0.44,1.0,3.0,0.01,13.0,4.56,0,MC1
1.0,0.0,0.67,0.0,3.0,0.0,4.0,0.67,0,MC1
1.0,0.0,0.67,0.0,3.0,0.0,4.0,0.67,0,MC1
1.0,0.0,0.67,0.0,3.0,0.0,5.0,0.97,0,MC1
1.0,0.0,0.67,0.0,3.0,0.0,5.0,0.97,0,MC1
1.0,0.0,0.67,0.0,3.0,0.0,4.0,0.67,0,MC1
1.0,0.0,0.67,0.0,3.0,0.0,4.0,0.67,0,MC1
1.0,0.0,0.67,0.0,3.0,0.0,4.0,0.67,0,MC1
1.0,0.0,0.67,0.0,3.0,0.0,4.0,0.67,0,MC1
1.0,0.0,0.67,0.0,3.0,0.0,4.0,0.67,0,MC1
1.0,0.0,0.67,0.0,3.0,0.0,4.0,0.67,0,MC1
1.0,1.0,0.0,0.0,1.0,0.0,1.0,0.0,0,MC1
1.0,1.0,0.0,0.0,1.0,0.0,1.0,0.0,0,MC1
2.0,11.0,0.16,4.0,6.0,0.05,38.0,52.24,0,MC1
2.0,11.0,0.16,4.0,6.0,0.05,38.0,52.24,0,MC1
4.0,9.0,0.08,0.0,12.0,0.05,32.0,97.1,0,MC1
4.0,9.0,0.08,0.0,12.0,0.05,32.0,97.1,0,MC1
1.0,0.0,0.0,0.0,3.0,0.0,3.0,0.0,0,MC1
1.0,0.0,0.0,0.0,2.0,0.0,2.0,0.0,0,MC1
1.0,0.0,0.67,0.0,3.0,0.0,4.0,0.67,0,MC1
1.0,0.0,0.67,0.0,3.0,0.0,4.0,0.67,0,MC1
2.0,20.0,0.21,2.0,6.0,0.15,88.0,117.25,0,MC1
2.0,20.0,0.21,2.0,6.0,0.15,88.0,117.25,0,MC1
1.0,2.0,0.13,0.0,8.0,0.02,17.0,26.14,0,MC1
1.0,2.0,0.11,0.0,9.0,0.02,19.0,35.15,0,MC1
1.0,0.0,0.0,0.0,1.0,0.0,1.0,0.0,0,MC1
1.0,0.0,0.67,0.0,3.0,0.0,5.0,0.97,0,MC1
1.0,0.0,0.67,0.0,3.0,0.0,5.0,0.97,0,MC1
1.0,0.0,0.67,0.0,3.0,0.0,5.0,0.97,0,MC1
1.0,0.0,0.67,0.0,3.0,0.0,5.0,0.97,0,MC1
1.0,0.0,0.67,0.0,3.0,0.0,5.0,0.97,0,MC1
1.0,0.0,0.67,0.0,3.0,0.0,5.0,0.97,0,MC1
1.0,0.0,0.67,0.0,3.0,0.0,5.0,0.97,0,MC1
1.0,0.0,0.67,0.0,3.0,0.0,5.0,0.97,0,MC1
1.0,0.0,0.67,0.0,3.0,0.0,4.0,0.67,0,MC1
1.0,0.0,0.67,0.0,3.0,0.0,4.0,0.67,0,MC1
1.0,0.0,0.67,0.0,3.0,0.0,4.0,0.67,0,MC1
1.0,0.0,0.67,0.0,3.0,0.0,4.0,0.67,0,MC1
1.0,0.0,0.67,0.0,3.0,0.0,4.0,0.67,0,MC1
1.0,0.0,0.67,0.0,3.0,0.0,4.0,0.67,0,MC1
1.0,0.0,0.67,0.0,3.0,0.0,4.0,0.67,0,MC1
1.0,0.0,0.67,0.0,3.0,0.0,4.0,0.67,0,MC1
1.0,0.0,0.67,0.0,3.0,0.0,4.0,0.67,0,MC1
1.0,0.0,0.67,0.0,3.0,0.0,4.0,0.67,0,MC1
1.0,0.0,0.67,0.0,3.0,0.0,4.0,0.67,0,MC1
1.0,0.0,0.67,0.0,3.0,0.0,4.0,0.67,0,MC1
1.0,0.0,0.67,0.0,3.0,0.0,4.0,0.67,0,MC1
1.0,0.0,0.67,0.0,3.0,0.0,4.0,0.67,0,MC1
1.0,0.0,0.67,0.0,3.0,0.0,4.0,0.67,0,MC1
1.0,0.0,0.67,0.0,3.0,0.0,4.0,0.67,0,MC1
1.0,0.0,0.67,0.0,3.0,0.0,4.0,0.67,0,MC1
1.0,0.0,0.67,0.0,3.0,0.0,4.0,0.67,0,MC1
1.0,0.0,0.67,0.0,3.0,0.0,4.0,0.67,0,MC1
1.0,0.0,0.67,0.0,3.0,0.0,5.0,0.97,0,MC1
1.0,0.0,0.67,0.0,3.0,0.0,4.0,0.67,0,MC1
1.0,0.0,0.4,0.0,5.0,0.01,7.0,2.73,0,MC1
1.0,0.0,0.0,0.0,3.0,0.0,3.0,0.0,0,MC1
1.0,0.0,0.67,0.0,3.0,0.0,5.0,0.97,0,MC1
1.0,0.0,0.67,0.0,3.0,0.0,5.0,0.97,0,MC1
1.0,0.0,0.67,0.0,3.0,0.0,5.0,0.97,0,MC1
1.0,0.0,0.67,0.0,3.0,0.0,5.0,0.97,0,MC1
1.0,0.0,0.67,0.0,3.0,0.0,5.0,0.97,0,MC1
1.0,0.0,0.67,0.0,3.0,0.0,5.0,0.97,0,MC1
1.0,0.0,0.67,0.0,3.0,0.0,5.0,0.97,0,MC1
1.0,0.0,0.67,0.0,3.0,0.0,4.0,0.67,0,MC1
1.0,0.0,0.0,0.0,3.0,0.0,3.0,0.0,0,MC1
1.0,0.0,0.0,0.0,2.0,0.0,2.0,0.0,0,MC1
1.0,0.0,0.67,0.0,3.0,0.0,4.0,0.67,0,MC1
1.0,0.0,0.67,0.0,3.0,0.0,4.0,0.67,0,MC1
1.0,1.0,0.0,0.0,1.0,0.0,1.0,0.0,0,MC1
1.0,16.0,0.3,3.0,4.0,0.09,63.0,52.03,0,MC1
1.0,2.0,0.13,0.0,8.0,0.02,17.0,26.14,0,MC1
1.0,2.0,0.11,0.0,9.0,0.02,19.0,35.15,0,MC1
1.0,0.0,0.0,0.0,1.0,0.0,1.0,0.0,0,MC1
1.0,0.0,0.67,0.0,3.0,0.0,5.0,0.97,0,MC1
1.0,0.0,0.67,0.0,3.0,0.0,5.0,0.97,0,MC1
1.0,0.0,0.67,0.0,3.0,0.0,4.0,0.67,0,MC1
1.0,0.0,0.67,0.0,3.0,0.0,4.0,0.67,0,MC1
1.0,0.0,0.67,0.0,3.0,0.0,4.0,0.67,0,MC1
1.0,0.0,0.67,0.0,3.0,0.0,4.0,0.67,0,MC1
1.0,0.0,0.67,0.0,3.0,0.0,4.0,0.67,0,MC1
1.0,0.0,0.67,0.0,3.0,0.0,4.0,0.67,0,MC1
1.0,0.0,0.67,0.0,3.0,0.0,4.0,0.67,0,MC1
1.0,0.0,0.67,0.0,3.0,0.0,4.0,0.67,0,MC1
1.0,0.0,0.67,0.0,3.0,0.0,4.0,0.67,0,MC1
1.0,0.0,0.67,0.0,3.0,0.0,4.0,0.67,0,MC1
1.0,0.0,0.67,0.0,3.0,0.0,4.0,0.67,0,MC1
1.0,0.0,0.67,0.0,3.0,0.0,5.0,0.97,0,MC1
1.0,0.0,0.67,0.0,3.0,0.0,4.0,0.67,0,MC1
1.0,0.0,0.4,0.0,5.0,0.01,7.0,2.73,0,MC1
1.0,0.0,0.0,0.0,3.0,0.0,3.0,0.0,0,MC1
1.0,0.0,0.67,0.0,3.0,0.0,5.0,0.97,0,MC1
1.0,0.0,0.67,0.0,3.0,0.0,5.0,0.97,0,MC1
1.0,3.0,0.32,0.0,5.0,0.01,11.0,6.05,0,MC1
1.0,0.0,0.67,0.0,3.0,0.0,5.0,0.97,0,MC1
1.0,0.0,0.67,0.0,3.0,0.0,5.0,0.97,0,MC1
1.0,0.0,0.67,0.0,3.0,0.0,5.0,0.97,0,MC1
1.0,0.0,0.67,0.0,3.0,0.0,5.0,0.97,0,MC1
1.0,0.0,0.67,0.0,3.0,0.0,5.0,0.97,0,MC1
1.0,0.0,0.67,0.0,3.0,0.0,4.0,0.67,0,MC1
1.0,4.0,0.14,0.0,8.0,0.02,20.0,27.88,0,MC1
2.0,4.0,0.14,0.0,11.0,0.05,35.0,61.07,0,MC1
2.0,8.0,0.1,0.0,13.0,0.08,52.0,138.07,0,MC1
7.0,55.0,0.03,1.0,22.0,0.33,184.0,2232.3,0,MC1
1.0,0.0,0.15,0.0,8.0,0.02,16.0,20.5,0,MC1
3.0,23.0,0.05,0.0,17.0,0.13,80.0,441.16,0,MC1
1.0,0.0,0.13,0.0,9.0,0.02,18.0,26.89,0,MC1
3.0,19.0,0.09,0.0,12.0,0.07,46.0,126.11,0,MC1
2.0,12.0,0.11,0.0,11.0,0.04,31.0,65.39,0,MC1
5.0,12.0,0.06,0.0,13.0,0.1,63.0,265.51,0,MC1
1.0,4.0,0.38,0.0,4.0,0.01,9.0,3.74,0,MC1
3.0,13.0,0.14,0.0,9.0,0.04,29.0,45.57,0,MC1
3.0,13.0,0.13,0.0,10.0,0.04,31.0,53.86,0,MC1
2.0,4.0,0.15,0.0,8.0,0.03,21.0,29.61,0,MC1
1.0,0.0,0.33,0.0,6.0,0.01,7.0,3.28,0,MC1
2.0,0.0,0.13,0.0,9.0,0.02,14.0,20.91,0,MC1
1.0,0.0,0.4,0.0,5.0,0.01,7.0,2.73,0,MC1
2.0,0.0,0.2,0.0,8.0,0.02,13.0,12.95,0,MC1
1.0,6.0,0.2,0.0,7.0,0.03,23.0,24.32,0,MC1
2.0,0.0,0.5,0.0,4.0,0.01,6.0,1.72,0,MC1
2.0,0.0,0.4,0.0,5.0,0.01,7.0,2.73,0,MC1
4.0,11.0,0.06,0.0,14.0,0.07,45.0,175.69,0,MC1
2.0,3.0,0.25,0.0,8.0,0.02,15.0,12.69,0,MC1
1.0,0.0,0.0,0.0,1.0,0.0,1.0,0.0,0,MC1
1.0,2.0,0.5,0.0,4.0,0.01,9.0,3.0,0,MC1
1.0,0.0,0.5,0.0,4.0,0.01,6.0,1.72,0,MC1
1.0,0.0,0.5,0.0,4.0,0.01,6.0,1.72,0,MC1
1.0,0.0,0.5,0.0,4.0,0.01,6.0,1.72,0,MC1
1.0,0.0,0.67,0.0,3.0,0.0,5.0,0.97,0,MC1
1.0,1.0,0.67,0.0,3.0,0.0,5.0,0.97,0,MC1
1.0,0.0,0.5,0.0,4.0,0.0,5.0,1.29,0,MC1
1.0,2.0,0.5,0.0,4.0,0.01,6.0,1.72,0,MC1
1.0,1.0,0.0,0.0,1.0,0.0,1.0,0.0,0,MC1
1.0,2.0,0.5,0.0,4.0,0.01,6.0,1.72,0,MC1
1.0,0.0,0.4,0.0,5.0,0.01,9.0,3.23,0,MC1
1.0,2.0,0.67,0.0,3.0,0.0,4.0,0.67,0,MC1
1.0,0.0,0.5,0.0,4.0,0.01,6.0,1.72,0,MC1
1.0,0.0,0.21,0.0,7.0,0.02,15.0,12.92,0,MC1
3.0,7.0,0.08,0.0,14.0,0.05,35.0,113.81,0,MC1
2.0,5.0,0.24,0.0,7.0,0.02,19.0,15.95,0,MC1
2.0,4.0,0.18,0.0,9.0,0.02,17.0,19.66,0,MC1
1.0,0.0,0.0,0.0,0.0,0.0,0.0,0.0,0,MC1
1.0,0.0,0.67,0.0,3.0,0.0,4.0,0.67,0,MC1
1.0,0.0,0.0,0.0,0.0,0.0,0.0,0.0,0,MC1
1.0,0.0,0.67,0.0,3.0,0.0,4.0,0.67,0,MC1
1.0,0.0,0.0,0.0,0.0,0.0,0.0,0.0,0,MC1
1.0,0.0,0.67,0.0,3.0,0.0,4.0,0.67,0,MC1
1.0,0.0,0.0,0.0,1.0,0.0,1.0,0.0,0,MC1
1.0,0.0,0.0,0.0,0.0,0.0,0.0,0.0,0,MC1
1.0,0.0,0.67,0.0,3.0,0.0,4.0,0.67,0,MC1
1.0,0.0,0.67,0.0,3.0,0.0,4.0,0.67,0,MC1
1.0,0.0,0.67,0.0,3.0,0.0,4.0,0.67,0,MC1
1.0,0.0,0.67,0.0,3.0,0.0,4.0,0.67,0,MC1
1.0,0.0,0.67,0.0,3.0,0.0,4.0,0.67,0,MC1
1.0,0.0,0.33,0.0,6.0,0.01,9.0,4.75,0,MC1
1.0,0.0,0.67,0.0,3.0,0.0,4.0,0.67,0,MC1
1.0,0.0,0.67,0.0,3.0,0.0,4.0,0.67,0,MC1
1.0,0.0,0.67,0.0,3.0,0.0,4.0,0.67,0,MC1
1.0,0.0,0.4,0.0,5.0,0.01,6.0,2.15,0,MC1
1.0,0.0,0.67,0.0,3.0,0.0,4.0,0.67,0,MC1
1.0,0.0,0.0,0.0,1.0,0.0,1.0,0.0,0,MC1
1.0,0.0,0.0,0.0,1.0,0.0,1.0,0.0,0,MC1
1.0,0.0,0.67,0.0,3.0,0.0,4.0,0.67,0,MC1
1.0,0.0,0.0,0.0,3.0,0.0,3.0,0.0,0,MC1
1.0,0.0,0.0,0.0,2.0,0.0,2.0,0.0,0,MC1
1.0,0.0,0.67,0.0,3.0,0.0,4.0,0.67,0,MC1
1.0,0.0,0.0,0.0,1.0,0.0,1.0,0.0,0,MC1
1.0,0.0,0.0,0.0,0.0,0.0,0.0,0.0,0,MC1
1.0,0.0,0.67,0.0,3.0,0.0,4.0,0.67,0,MC1
1.0,0.0,0.67,0.0,3.0,0.0,5.0,0.97,0,MC1
1.0,0.0,0.67,0.0,3.0,0.0,4.0,0.67,0,MC1
1.0,0.0,0.67,0.0,3.0,0.0,4.0,0.67,0,MC1
1.0,0.0,0.67,0.0,3.0,0.0,4.0,0.67,0,MC1
1.0,0.0,0.67,0.0,3.0,0.0,5.0,0.97,0,MC1
1.0,0.0,0.67,0.0,3.0,0.0,4.0,0.67,0,MC1
1.0,0.0,0.67,0.0,3.0,0.0,5.0,0.97,0,MC1
1.0,5.0,0.5,0.0,3.0,0.02,17.0,5.99,0,MC1
1.0,3.0,0.33,0.0,6.0,0.01,9.0,4.75,0,MC1
2.0,5.0,0.29,0.0,7.0,0.02,15.0,10.46,0,MC1
2.0,4.0,0.18,0.0,7.0,0.02,17.0,18.96,0,MC1
1.0,0.0,0.67,0.0,3.0,0.0,5.0,0.97,0,MC1
1.0,2.0,0.13,0.0,8.0,0.02,17.0,26.14,0,MC1
1.0,0.0,0.4,0.0,5.0,0.01,10.0,4.4,0,MC1
1.0,0.0,0.67,0.0,3.0,0.0,5.0,0.97,0,MC1
1.0,0.0,0.5,0.0,4.0,0.01,6.0,1.72,0,MC1
1.0,0.0,0.5,0.0,4.0,0.01,6.0,1.72,0,MC1
1.0,0.0,0.5,0.0,4.0,0.01,6.0,1.72,0,MC1
1.0,0.0,0.5,0.0,4.0,0.01,6.0,1.72,0,MC1
1.0,2.0,0.11,0.0,9.0,0.02,19.0,35.15,0,MC1
1.0,0.0,0.29,0.0,7.0,0.01,12.0,8.07,0,MC1
1.0,0.0,0.0,0.0,0.0,0.0,0.0,0.0,0,MC1
1.0,0.0,0.0,0.0,0.0,0.0,0.0,0.0,0,MC1
1.0,0.0,0.0,0.0,0.0,0.0,0.0,0.0,0,MC1
1.0,0.0,0.0,0.0,0.0,0.0,0.0,0.0,0,MC1
2.0,0.0,0.0,0.0,0.0,0.0,0.0,0.0,0,MC1
1.0,0.0,0.0,0.0,0.0,0.0,0.0,0.0,0,MC1
1.0,0.0,0.0,0.0,0.0,0.0,0.0,0.0,0,MC1
1.0,0.0,0.0,0.0,1.0,0.0,1.0,0.0,0,MC1
1.0,0.0,0.67,0.0,3.0,0.0,4.0,0.67,0,MC1
1.0,0.0,0.67,0.0,3.0,0.0,5.0,0.97,0,MC1
1.0,0.0,0.22,0.0,6.0,0.01,11.0,8.25,0,MC1
1.0,0.0,0.67,0.0,3.0,0.0,4.0,0.67,0,MC1
1.0,0.0,0.67,0.0,3.0,0.0,4.0,0.67,0,MC1
1.0,0.0,0.67,0.0,3.0,0.0,4.0,0.67,0,MC1
2.0,8.0,0.1,0.0,12.0,0.05,34.0,79.6,0,MC1
1.0,0.0,0.67,0.0,3.0,0.0,5.0,0.97,0,MC1
1.0,0.0,0.5,0.0,4.0,0.01,11.0,3.67,0,MC1
1.0,0.0,0.67,0.0,3.0,0.0,4.0,0.67,0,MC1
1.0,0.0,0.5,0.0,4.0,0.01,11.0,3.67,0,MC1
1.0,0.0,0.67,0.0,3.0,0.0,4.0,0.67,0,MC1
1.0,0.0,0.67,0.0,3.0,0.0,4.0,0.67,0,MC1
1.0,0.0,0.5,0.0,4.0,0.01,11.0,3.67,0,MC1
1.0,0.0,0.67,0.0,3.0,0.0,4.0,0.67,0,MC1
1.0,0.0,0.67,0.0,3.0,0.0,5.0,0.97,0,MC1
1.0,0.0,0.67,0.0,3.0,0.0,5.0,0.97,0,MC1
1.0,0.0,0.67,0.0,3.0,0.01,9.0,2.11,0,MC1
1.0,0.0,0.67,0.0,3.0,0.0,5.0,0.97,0,MC1
1.0,0.0,0.67,0.0,3.0,0.01,9.0,2.11,0,MC1
1.0,0.0,0.67,0.0,3.0,0.0,5.0,0.97,0,MC1
1.0,0.0,0.67,0.0,3.0,0.0,4.0,0.67,0,MC1
1.0,0.0,0.67,0.0,3.0,0.0,4.0,0.67,0,MC1
1.0,0.0,0.67,0.0,3.0,0.0,5.0,0.97,0,MC1
1.0,0.0,0.4,0.0,5.0,0.01,8.0,3.33,0,MC1
1.0,0.0,0.5,0.0,4.0,0.01,6.0,1.72,0,MC1
1.0,0.0,0.29,0.0,7.0,0.01,8.0,4.67,0,MC1
1.0,0.0,0.4,0.0,5.0,0.01,7.0,2.73,0,MC1
1.0,0.0,0.5,0.0,4.0,0.01,6.0,1.72,0,MC1
1.0,0.0,0.17,0.0,8.0,0.02,15.0,16.61,0,MC1
1.0,0.0,0.17,0.0,8.0,0.02,15.0,16.61,0,MC1
1.0,0.0,0.17,0.0,8.0,0.02,15.0,16.61,0,MC1
1.0,0.0,0.67,0.0,3.0,0.0,4.0,0.67,0,MC1
1.0,0.0,0.67,0.0,3.0,0.0,4.0,0.67,0,MC1
1.0,0.0,0.67,0.0,3.0,0.0,4.0,0.67,0,MC1
1.0,0.0,0.67,0.0,3.0,0.0,4.0,0.67,0,MC1
1.0,0.0,0.67,0.0,3.0,0.0,4.0,0.67,0,MC1
1.0,0.0,0.0,0.0,0.0,0.0,0.0,0.0,0,MC1
1.0,0.0,0.67,0.0,3.0,0.0,4.0,0.67,0,MC1
1.0,0.0,0.67,0.0,3.0,0.0,4.0,0.67,0,MC1
1.0,0.0,0.67,0.0,3.0,0.0,4.0,0.67,0,MC1
1.0,0.0,0.67,0.0,3.0,0.0,4.0,0.67,0,MC1
1.0,0.0,0.67,0.0,3.0,0.0,4.0,0.67,0,MC1
1.0,0.0,0.67,0.0,3.0,0.0,4.0,0.67,0,MC1
1.0,0.0,0.67,0.0,3.0,0.0,4.0,0.67,0,MC1
1.0,0.0,0.67,0.0,3.0,0.0,4.0,0.67,0,MC1
1.0,0.0,0.67,0.0,3.0,0.0,4.0,0.67,0,MC1
1.0,0.0,0.67,0.0,3.0,0.0,4.0,0.67,0,MC1
1.0,0.0,0.67,0.0,3.0,0.0,4.0,0.67,0,MC1
1.0,0.0,0.67,0.0,3.0,0.0,4.0,0.67,0,MC1
1.0,0.0,0.67,0.0,3.0,0.0,4.0,0.67,0,MC1
1.0,0.0,0.67,0.0,3.0,0.0,4.0,0.67,0,MC1
1.0,0.0,0.67,0.0,3.0,0.0,4.0,0.67,0,MC1
1.0,0.0,0.67,0.0,3.0,0.0,4.0,0.67,0,MC1
1.0,0.0,0.67,0.0,3.0,0.0,4.0,0.67,0,MC1
1.0,0.0,0.67,0.0,3.0,0.0,4.0,0.67,0,MC1
1.0,0.0,0.67,0.0,3.0,0.0,4.0,0.67,0,MC1
1.0,0.0,0.67,0.0,3.0,0.0,4.0,0.67,0,MC1
1.0,0.0,0.67,0.0,3.0,0.0,4.0,0.67,0,MC1
1.0,0.0,0.67,0.0,3.0,0.0,4.0,0.67,0,MC1
1.0,0.0,0.4,0.0,5.0,0.01,6.0,2.15,0,MC1
1.0,0.0,0.67,0.0,3.0,0.0,4.0,0.67,0,MC1
1.0,0.0,0.5,0.0,4.0,0.0,5.0,1.29,0,MC1
1.0,0.0,0.67,0.0,3.0,0.0,4.0,0.67,0,MC1
1.0,0.0,0.67,0.0,3.0,0.0,4.0,0.67,0,MC1
1.0,0.0,0.67,0.0,3.0,0.0,4.0,0.67,0,MC1
1.0,0.0,0.67,0.0,3.0,0.0,4.0,0.67,0,MC1
1.0,0.0,0.67,0.0,3.0,0.0,4.0,0.67,0,MC1
1.0,0.0,0.67,0.0,3.0,0.0,4.0,0.67,0,MC1
1.0,0.0,0.67,0.0,3.0,0.0,4.0,0.67,0,MC1
1.0,0.0,0.67,0.0,3.0,0.0,4.0,0.67,0,MC1
1.0,0.0,0.67,0.0,3.0,0.0,4.0,0.67,0,MC1
1.0,0.0,0.67,0.0,3.0,0.0,4.0,0.67,0,MC1
1.0,0.0,0.67,0.0,3.0,0.0,4.0,0.67,0,MC1
1.0,0.0,0.67,0.0,3.0,0.0,4.0,0.67,0,MC1
1.0,0.0,0.67,0.0,3.0,0.0,4.0,0.67,0,MC1
1.0,0.0,0.67,0.0,3.0,0.0,4.0,0.67,0,MC1
1.0,0.0,0.67,0.0,3.0,0.0,4.0,0.67,0,MC1
1.0,0.0,0.5,0.0,4.0,0.01,6.0,1.72,0,MC1
1.0,0.0,0.5,0.0,4.0,0.01,6.0,1.72,0,MC1
1.0,0.0,0.67,0.0,3.0,0.0,4.0,0.67,0,MC1
1.0,0.0,0.5,0.0,4.0,0.01,6.0,1.72,0,MC1
1.0,0.0,0.5,0.0,4.0,0.01,6.0,1.72,0,MC1
1.0,0.0,0.4,0.0,5.0,0.01,7.0,2.73,0,MC1
1.0,0.0,0.67,0.0,3.0,0.0,4.0,0.67,0,MC1
2.0,0.0,0.5,0.0,4.0,0.01,6.0,1.72,0,MC1
1.0,0.0,0.5,0.0,4.0,0.0,5.0,1.29,0,MC1
2.0,0.0,0.5,0.0,4.0,0.01,6.0,1.72,0,MC1
1.0,0.0,0.67,0.0,3.0,0.0,4.0,0.67,0,MC1
1.0,0.0,0.33,0.0,6.0,0.01,11.0,6.09,0,MC1
1.0,0.0,0.5,0.0,4.0,0.01,6.0,1.72,0,MC1
1.0,0.0,0.5,0.0,4.0,0.01,6.0,1.72,0,MC1
1.0,0.0,0.5,0.0,4.0,0.01,6.0,1.72,0,MC1
1.0,0.0,0.0,0.0,0.0,0.0,0.0,0.0,0,MC1
1.0,0.0,0.67,0.0,3.0,0.0,4.0,0.67,0,MC1
1.0,0.0,0.5,0.0,4.0,0.0,5.0,1.29,0,MC1
1.0,0.0,0.5,0.0,4.0,0.01,6.0,1.72,0,MC1
1.0,2.0,0.4,0.0,5.0,0.01,8.0,3.12,0,MC1
1.0,2.0,0.67,0.0,3.0,0.0,4.0,0.67,0,MC1
1.0,0.0,0.67,0.0,3.0,0.0,4.0,0.67,0,MC1
1.0,2.0,0.67,0.0,3.0,0.0,4.0,0.67,0,MC1
1.0,2.0,0.67,0.0,3.0,0.0,4.0,0.67,0,MC1
1.0,3.0,0.4,0.0,5.0,0.01,10.0,4.17,0,MC1
1.0,0.0,0.4,0.0,5.0,0.01,7.0,2.73,0,MC1
1.0,0.0,0.33,0.0,6.0,0.01,7.0,3.28,0,MC1
1.0,0.0,0.33,0.0,6.0,0.01,7.0,3.28,0,MC1
1.0,2.0,0.4,0.0,5.0,0.01,8.0,3.12,0,MC1
1.0,2.0,0.67,0.0,3.0,0.0,4.0,0.67,0,MC1
1.0,0.0,0.67,0.0,3.0,0.0,4.0,0.67,0,MC1
1.0,2.0,0.67,0.0,3.0,0.0,4.0,0.67,0,MC1
1.0,2.0,0.67,0.0,3.0,0.0,4.0,0.67,0,MC1
1.0,0.0,0.67,0.0,3.0,0.0,4.0,0.67,0,MC1
1.0,0.0,0.67,0.0,3.0,0.0,4.0,0.67,0,MC1
1.0,0.0,0.4,0.0,5.0,0.01,7.0,2.73,0,MC1
1.0,0.0,0.0,0.0,3.0,0.0,3.0,0.0,0,MC1
1.0,0.0,0.5,0.0,4.0,0.01,6.0,1.72,0,MC1
1.0,0.0,0.33,0.0,6.0,0.01,9.0,4.5,0,MC1
1.0,0.0,0.17,0.0,8.0,0.02,15.0,16.61,0,MC1
1.0,0.0,0.67,0.0,3.0,0.0,5.0,0.97,0,MC1
1.0,0.0,0.33,0.0,4.0,0.01,8.0,3.45,0,MC1
1.0,0.0,0.67,0.0,3.0,0.0,5.0,0.97,0,MC1
1.0,0.0,0.33,0.0,4.0,0.01,8.0,3.45,0,MC1
1.0,0.0,0.33,0.0,4.0,0.01,8.0,3.45,0,MC1
1.0,0.0,0.33,0.0,4.0,0.01,8.0,3.45,0,MC1
1.0,0.0,0.33,0.0,4.0,0.01,8.0,3.45,0,MC1
1.0,0.0,0.67,0.0,3.0,0.0,5.0,0.97,0,MC1
1.0,0.0,0.67,0.0,3.0,0.0,5.0,0.97,0,MC1
1.0,0.0,1.0,0.0,2.0,0.0,3.0,0.26,0,MC1
1.0,0.0,0.67,0.0,3.0,0.0,5.0,0.97,0,MC1
1.0,0.0,0.67,0.0,3.0,0.0,5.0,0.97,0,MC1
1.0,0.0,0.67,0.0,3.0,0.0,5.0,0.97,0,MC1
1.0,0.0,0.33,0.0,4.0,0.01,8.0,3.45,0,MC1
1.0,0.0,0.33,0.0,4.0,0.01,8.0,3.45,0,MC1
1.0,0.0,0.67,0.0,3.0,0.0,5.0,0.97,0,MC1
1.0,0.0,0.67,0.0,3.0,0.0,5.0,0.97,0,MC1
1.0,0.0,0.67,0.0,3.0,0.0,5.0,0.97,0,MC1
1.0,0.0,0.67,0.0,3.0,0.0,5.0,0.97,0,MC1
1.0,0.0,0.67,0.0,3.0,0.0,5.0,0.97,0,MC1
1.0,0.0,0.67,0.0,3.0,0.0,5.0,0.97,0,MC1
1.0,0.0,0.38,0.0,4.0,0.01,9.0,3.74,0,MC1
1.0,0.0,0.67,0.0,3.0,0.0,5.0,0.97,0,MC1
1.0,0.0,0.67,0.0,3.0,0.0,5.0,0.97,0,MC1
1.0,0.0,0.67,0.0,3.0,0.0,5.0,0.97,0,MC1
1.0,0.0,0.67,0.0,3.0,0.0,5.0,0.97,0,MC1
1.0,0.0,0.67,0.0,3.0,0.0,5.0,0.97,0,MC1
1.0,0.0,0.67,0.0,3.0,0.0,5.0,0.97,0,MC1
1.0,0.0,0.67,0.0,3.0,0.0,5.0,0.97,0,MC1
1.0,0.0,0.67,0.0,3.0,0.0,5.0,0.97,0,MC1
1.0,0.0,0.67,0.0,3.0,0.0,5.0,0.97,0,MC1
1.0,0.0,0.33,0.0,4.0,0.01,8.0,3.45,0,MC1
1.0,0.0,0.33,0.0,4.0,0.01,8.0,3.45,0,MC1
1.0,0.0,0.33,0.0,6.0,0.01,9.0,4.75,0,MC1
1.0,0.0,0.33,0.0,6.0,0.01,9.0,4.75,0,MC1
1.0,0.0,0.33,0.0,6.0,0.01,9.0,4.75,0,MC1
1.0,0.0,0.33,0.0,6.0,0.01,9.0,4.75,0,MC1
2.0,4.0,0.17,0.0,10.0,0.03,21.0,27.35,0,MC1
1.0,0.0,0.67,0.0,3.0,0.0,5.0,0.97,0,MC1
1.0,0.0,0.67,0.0,3.0,0.0,4.0,0.67,0,MC1
1.0,0.0,0.5,0.0,4.0,0.0,5.0,1.29,0,MC1
2.0,3.0,0.4,0.0,5.0,0.01,8.0,3.33,0,MC1
2.0,3.0,0.4,0.0,5.0,0.01,8.0,3.33,0,MC1
1.0,0.0,0.67,0.0,3.0,0.0,4.0,0.67,0,MC1
1.0,0.0,0.67,0.0,3.0,0.0,5.0,0.97,0,MC1
1.0,1.0,0.0,0.0,1.0,0.0,1.0,0.0,0,MC1
1.0,1.0,0.0,0.0,1.0,0.0,1.0,0.0,0,MC1
1.0,2.0,0.13,0.0,8.0,0.02,17.0,26.14,0,MC1
1.0,2.0,0.11,0.0,9.0,0.02,19.0,35.15,0,MC1
1.0,0.0,0.67,0.0,3.0,0.0,5.0,0.97,0,MC1
1.0,0.0,0.67,0.0,3.0,0.0,5.0,0.97,0,MC1
1.0,0.0,0.67,0.0,3.0,0.0,5.0,0.97,0,MC1
1.0,0.0,0.67,0.0,3.0,0.0,5.0,0.97,0,MC1
1.0,0.0,0.4,0.0,5.0,0.01,7.0,2.73,0,MC1
1.0,0.0,0.4,0.0,5.0,0.01,7.0,2.73,0,MC1
1.0,0.0,0.67,0.0,3.0,0.0,4.0,0.67,0,MC1
1.0,0.0,0.67,0.0,3.0,0.0,4.0,0.67,0,MC1
1.0,0.0,0.67,0.0,3.0,0.0,4.0,0.67,0,MC1
1.0,0.0,0.67,0.0,3.0,0.0,4.0,0.67,0,MC1
1.0,0.0,0.67,0.0,3.0,0.0,4.0,0.67,0,MC1
1.0,0.0,0.67,0.0,3.0,0.0,4.0,0.67,0,MC1
1.0,0.0,0.67,0.0,3.0,0.0,4.0,0.67,0,MC1
1.0,0.0,0.4,0.0,5.0,0.01,6.0,2.15,0,MC1
1.0,0.0,0.4,0.0,5.0,0.01,6.0,2.15,0,MC1
1.0,0.0,0.67,0.0,3.0,0.0,4.0,0.67,0,MC1
1.0,0.0,0.67,0.0,3.0,0.0,4.0,0.67,0,MC1
1.0,0.0,0.67,0.0,3.0,0.0,4.0,0.67,0,MC1
1.0,0.0,0.67,0.0,3.0,0.0,4.0,0.67,0,MC1
1.0,0.0,0.67,0.0,3.0,0.0,4.0,0.67,0,MC1
1.0,0.0,0.67,0.0,3.0,0.0,4.0,0.67,0,MC1
1.0,0.0,0.0,0.0,3.0,0.0,3.0,0.0,0,MC1
1.0,0.0,0.0,0.0,2.0,0.0,2.0,0.0,0,MC1
1.0,0.0,0.67,0.0,3.0,0.0,4.0,0.67,0,MC1
1.0,0.0,0.67,0.0,3.0,0.0,4.0,0.67,0,MC1
1.0,0.0,0.0,0.0,1.0,0.0,1.0,0.0,0,MC1
1.0,2.0,0.13,0.0,8.0,0.02,17.0,26.14,0,MC1
1.0,2.0,0.11,0.0,9.0,0.02,19.0,35.15,0,MC1
1.0,0.0,0.67,0.0,3.0,0.0,5.0,0.97,0,MC1
1.0,0.0,0.67,0.0,3.0,0.0,5.0,0.97,0,MC1
1.0,0.0,0.67,0.0,3.0,0.0,4.0,0.67,0,MC1
1.0,0.0,0.67,0.0,3.0,0.0,4.0,0.67,0,MC1
1.0,0.0,0.67,0.0,3.0,0.0,4.0,0.67,0,MC1
1.0,0.0,0.67,0.0,3.0,0.0,4.0,0.67,0,MC1
1.0,0.0,0.67,0.0,3.0,0.0,4.0,0.67,0,MC1
1.0,0.0,0.67,0.0,3.0,0.0,4.0,0.67,0,MC1
1.0,0.0,0.67,0.0,3.0,0.0,4.0,0.67,0,MC1
1.0,0.0,0.67,0.0,3.0,0.0,4.0,0.67,0,MC1
1.0,0.0,0.67,0.0,3.0,0.0,4.0,0.67,0,MC1
1.0,0.0,0.67,0.0,3.0,0.0,4.0,0.67,0,MC1
1.0,0.0,0.67,0.0,3.0,0.0,4.0,0.67,0,MC1
1.0,0.0,0.67,0.0,3.0,0.0,5.0,0.97,0,MC1
1.0,0.0,0.67,0.0,3.0,0.0,4.0,0.67,0,MC1
1.0,0.0,0.4,0.0,5.0,0.01,7.0,2.73,0,MC1
1.0,0.0,0.0,0.0,3.0,0.0,3.0,0.0,0,MC1
1.0,0.0,0.67,0.0,3.0,0.0,5.0,0.97,0,MC1
1.0,0.0,0.67,0.0,3.0,0.0,5.0,0.97,0,MC1
1.0,0.0,0.67,0.0,3.0,0.0,5.0,0.97,0,MC1
1.0,0.0,0.67,0.0,3.0,0.0,5.0,0.97,0,MC1
1.0,0.0,0.67,0.0,3.0,0.0,5.0,0.97,0,MC1
1.0,0.0,0.67,0.0,3.0,0.0,5.0,0.97,0,MC1
1.0,0.0,0.67,0.0,3.0,0.0,5.0,0.97,0,MC1
1.0,0.0,0.67,0.0,3.0,0.0,4.0,0.67,0,MC1
2.0,3.0,0.3,0.0,5.0,0.01,9.0,5.0,0,MC1
2.0,3.0,0.3,0.0,5.0,0.01,9.0,5.0,0,MC1
1.0,0.0,0.0,0.0,3.0,0.0,3.0,0.0,0,MC1
1.0,0.0,0.0,0.0,2.0,0.0,2.0,0.0,0,MC1
1.0,0.0,0.67,0.0,3.0,0.0,4.0,0.67,0,MC1
1.0,0.0,0.67,0.0,3.0,0.0,4.0,0.67,0,MC1
1.0,0.0,0.0,0.0,1.0,0.0,1.0,0.0,0,MC1
1.0,35.0,0.05,0.0,12.0,0.33,190.0,1134.97,0,MC1
1.0,35.0,0.05,0.0,12.0,0.33,190.0,1134.97,0,MC1
1.0,4.0,0.56,0.0,3.0,0.01,13.0,3.9,0,MC1
1.0,4.0,0.56,0.0,3.0,0.01,13.0,3.9,0,MC1
1.0,2.0,0.13,0.0,8.0,0.02,17.0,26.14,0,MC1
1.0,2.0,0.11,0.0,9.0,0.02,19.0,35.15,0,MC1
1.0,0.0,0.67,0.0,3.0,0.0,5.0,0.97,0,MC1
1.0,0.0,0.67,0.0,3.0,0.0,5.0,0.97,0,MC1
1.0,0.0,0.67,0.0,3.0,0.0,4.0,0.67,0,MC1
1.0,0.0,0.67,0.0,3.0,0.0,4.0,0.67,0,MC1
1.0,0.0,0.67,0.0,3.0,0.0,4.0,0.67,0,MC1
1.0,0.0,0.67,0.0,3.0,0.0,4.0,0.67,0,MC1
1.0,0.0,0.67,0.0,3.0,0.0,4.0,0.67,0,MC1
1.0,0.0,0.67,0.0,3.0,0.0,4.0,0.67,0,MC1
1.0,0.0,0.67,0.0,3.0,0.0,4.0,0.67,0,MC1
1.0,0.0,0.67,0.0,3.0,0.0,4.0,0.67,0,MC1
1.0,0.0,0.67,0.0,3.0,0.0,4.0,0.67,0,MC1
1.0,0.0,0.67,0.0,3.0,0.0,4.0,0.67,0,MC1
1.0,0.0,0.67,0.0,3.0,0.0,4.0,0.67,0,MC1
1.0,0.0,0.67,0.0,3.0,0.0,5.0,0.97,0,MC1
1.0,0.0,0.67,0.0,3.0,0.0,4.0,0.67,0,MC1
1.0,0.0,0.4,0.0,5.0,0.01,7.0,2.73,0,MC1
1.0,0.0,0.0,0.0,3.0,0.0,3.0,0.0,0,MC1
1.0,0.0,0.67,0.0,3.0,0.0,5.0,0.97,0,MC1
1.0,0.0,0.67,0.0,3.0,0.0,5.0,0.97,0,MC1
1.0,0.0,0.67,0.0,3.0,0.0,5.0,0.97,0,MC1
1.0,0.0,0.67,0.0,3.0,0.0,5.0,0.97,0,MC1
1.0,0.0,0.67,0.0,3.0,0.0,5.0,0.97,0,MC1
1.0,0.0,0.67,0.0,3.0,0.0,5.0,0.97,0,MC1
1.0,0.0,0.67,0.0,3.0,0.0,5.0,0.97,0,MC1
1.0,0.0,0.67,0.0,3.0,0.0,4.0,0.67,0,MC1
2.0,15.0,0.13,0.0,5.0,0.16,106.0,200.82,0,MC1
2.0,15.0,0.13,0.0,5.0,0.16,106.0,200.82,0,MC1
1.0,9.0,0.32,0.0,5.0,0.06,41.0,31.26,0,MC1
1.0,9.0,0.32,0.0,5.0,0.06,41.0,31.26,0,MC1
1.0,0.0,0.67,0.0,3.0,0.0,4.0,0.67,0,MC1
1.0,0.0,0.67,0.0,3.0,0.0,4.0,0.67,0,MC1
1.0,0.0,0.67,0.0,3.0,0.0,4.0,0.67,0,MC1
1.0,0.0,0.67,0.0,3.0,0.0,4.0,0.67,0,MC1
1.0,0.0,0.67,0.0,3.0,0.0,5.0,0.97,0,MC1
1.0,0.0,0.67,0.0,3.0,0.0,5.0,0.97,0,MC1
1.0,0.0,0.67,0.0,3.0,0.0,5.0,0.97,0,MC1
1.0,0.0,0.67,0.0,3.0,0.0,5.0,0.97,0,MC1
1.0,0.0,0.67,0.0,3.0,0.0,4.0,0.67,0,MC1
1.0,0.0,0.67,0.0,3.0,0.0,4.0,0.67,0,MC1
2.0,4.0,0.27,0.0,6.0,0.01,13.0,9.0,0,MC1
2.0,4.0,0.27,0.0,6.0,0.01,13.0,9.0,0,MC1
1.0,2.0,0.5,0.0,4.0,0.01,7.0,2.18,0,MC1
1.0,2.0,0.5,0.0,4.0,0.01,7.0,2.18,0,MC1
1.0,0.0,0.0,0.0,1.0,0.0,1.0,0.0,0,MC1
1.0,0.0,0.0,0.0,1.0,0.0,1.0,0.0,0,MC1
1.0,0.0,0.67,0.0,3.0,0.0,4.0,0.67,0,MC1
1.0,0.0,0.67,0.0,3.0,0.0,4.0,0.67,0,MC1
1.0,0.0,0.67,0.0,3.0,0.0,5.0,0.97,0,MC1
1.0,0.0,0.67,0.0,3.0,0.0,5.0,0.97,0,MC1
1.0,0.0,0.67,0.0,3.0,0.0,4.0,0.67,0,MC1
1.0,0.0,0.67,0.0,3.0,0.0,4.0,0.67,0,MC1
1.0,0.0,0.67,0.0,3.0,0.0,5.0,0.97,0,MC1
1.0,0.0,0.67,0.0,3.0,0.0,5.0,0.97,0,MC1
1.0,0.0,0.67,0.0,3.0,0.0,4.0,0.67,0,MC1
1.0,0.0,0.67,0.0,3.0,0.0,4.0,0.67,0,MC1
1.0,0.0,0.67,0.0,3.0,0.0,5.0,0.97,0,MC1
1.0,0.0,0.67,0.0,3.0,0.0,5.0,0.97,0,MC1
1.0,0.0,0.67,0.0,3.0,0.0,4.0,0.67,0,MC1
1.0,0.0,0.67,0.0,3.0,0.0,4.0,0.67,0,MC1
1.0,0.0,0.67,0.0,3.0,0.0,5.0,0.97,0,MC1
1.0,0.0,0.67,0.0,3.0,0.0,5.0,0.97,0,MC1
1.0,0.0,0.0,0.0,3.0,0.0,3.0,0.0,0,MC1
1.0,0.0,0.0,0.0,2.0,0.0,2.0,0.0,0,MC1
1.0,0.0,0.67,0.0,3.0,0.0,4.0,0.67,0,MC1
1.0,0.0,0.67,0.0,3.0,0.0,4.0,0.67,0,MC1
1.0,0.0,0.67,0.0,3.0,0.0,4.0,0.67,0,MC1
1.0,0.0,0.67,0.0,3.0,0.0,5.0,0.97,0,MC1
1.0,0.0,0.0,0.0,1.0,0.0,1.0,0.0,0,MC1
1.0,0.0,0.67,0.0,3.0,0.0,4.0,0.67,0,MC1
1.0,0.0,0.67,0.0,3.0,0.0,4.0,0.67,0,MC1
1.0,0.0,0.67,0.0,3.0,0.0,4.0,0.67,0,MC1
1.0,0.0,0.67,0.0,3.0,0.0,4.0,0.67,0,MC1
1.0,0.0,0.67,0.0,3.0,0.0,5.0,0.97,0,MC1
1.0,0.0,0.67,0.0,3.0,0.0,5.0,0.97,0,MC1
1.0,0.0,0.67,0.0,3.0,0.0,5.0,0.97,0,MC1
1.0,0.0,0.67,0.0,3.0,0.0,5.0,0.97,0,MC1
1.0,2.0,0.13,0.0,8.0,0.02,17.0,26.14,0,MC1
1.0,2.0,0.11,0.0,9.0,0.02,19.0,35.15,0,MC1
1.0,0.0,0.67,0.0,3.0,0.0,4.0,0.67,0,MC1
1.0,0.0,0.67,0.0,3.0,0.0,5.0,0.97,0,MC1
1.0,0.0,0.67,0.0,3.0,0.0,5.0,0.97,0,MC1
1.0,0.0,0.67,0.0,3.0,0.0,4.0,0.67,0,MC1
1.0,0.0,0.67,0.0,3.0,0.0,4.0,0.67,0,MC1
1.0,0.0,0.67,0.0,3.0,0.0,4.0,0.67,0,MC1
1.0,0.0,0.67,0.0,3.0,0.0,4.0,0.67,0,MC1
1.0,0.0,0.67,0.0,3.0,0.0,4.0,0.67,0,MC1
1.0,0.0,0.67,0.0,3.0,0.0,4.0,0.67,0,MC1
1.0,0.0,0.5,0.0,4.0,0.0,5.0,1.29,0,MC1
1.0,0.0,0.67,0.0,3.0,0.0,4.0,0.67,0,MC1
1.0,0.0,0.67,0.0,3.0,0.0,4.0,0.67,0,MC1
1.0,0.0,0.67,0.0,3.0,0.0,4.0,0.67,0,MC1
1.0,0.0,0.67,0.0,3.0,0.0,4.0,0.67,0,MC1
2.0,4.0,0.27,0.0,6.0,0.01,13.0,9.0,0,MC1
2.0,4.0,0.27,0.0,6.0,0.01,13.0,9.0,0,MC1
1.0,0.0,0.67,0.0,3.0,0.0,4.0,0.67,0,MC1
1.0,0.0,0.67,0.0,3.0,0.0,4.0,0.67,0,MC1
1.0,0.0,0.67,0.0,3.0,0.0,4.0,0.67,0,MC1
1.0,6.0,0.32,0.0,4.0,0.03,23.0,13.89,0,MC1
1.0,6.0,0.32,0.0,4.0,0.03,23.0,13.89,0,MC1
1.0,0.0,0.67,0.0,3.0,0.0,5.0,0.97,0,MC1
1.0,0.0,0.67,0.0,3.0,0.0,4.0,0.67,0,MC1
1.0,0.0,0.0,0.0,1.0,0.0,1.0,0.0,0,MC1
1.0,0.0,0.0,0.0,1.0,0.0,1.0,0.0,0,MC1
1.0,0.0,0.4,0.0,5.0,0.01,7.0,2.73,0,MC1
1.0,0.0,0.0,0.0,3.0,0.0,3.0,0.0,0,MC1
1.0,0.0,0.67,0.0,3.0,0.0,4.0,0.67,0,MC1
1.0,0.0,0.67,0.0,3.0,0.0,4.0,0.67,0,MC1
1.0,0.0,0.67,0.0,3.0,0.0,5.0,0.97,0,MC1
1.0,0.0,0.67,0.0,3.0,0.0,5.0,0.97,0,MC1
1.0,0.0,0.67,0.0,3.0,0.0,5.0,0.97,0,MC1
1.0,0.0,1.0,0.0,2.0,0.0,3.0,0.26,0,MC1
1.0,0.0,0.67,0.0,3.0,0.0,5.0,0.97,0,MC1
1.0,0.0,0.67,0.0,3.0,0.0,5.0,0.97,0,MC1
1.0,0.0,0.67,0.0,3.0,0.0,5.0,0.97,0,MC1
1.0,0.0,0.67,0.0,3.0,0.0,5.0,0.97,0,MC1
1.0,0.0,0.67,0.0,3.0,0.0,5.0,0.97,0,MC1
1.0,0.0,0.67,0.0,3.0,0.0,4.0,0.67,0,MC1
1.0,0.0,0.67,0.0,3.0,0.0,4.0,0.67,0,MC1
1.0,0.0,0.67,0.0,3.0,0.0,5.0,0.97,0,MC1
1.0,0.0,0.67,0.0,3.0,0.0,5.0,0.97,0,MC1
1.0,0.0,0.67,0.0,3.0,0.0,4.0,0.67,0,MC1
1.0,0.0,0.67,0.0,3.0,0.0,4.0,0.67,0,MC1
1.0,0.0,0.67,0.0,3.0,0.0,5.0,0.97,0,MC1
1.0,0.0,0.67,0.0,3.0,0.0,5.0,0.97,0,MC1
1.0,0.0,0.67,0.0,3.0,0.0,4.0,0.67,0,MC1
1.0,0.0,0.67,0.0,3.0,0.0,4.0,0.67,0,MC1
1.0,0.0,0.67,0.0,3.0,0.0,5.0,0.97,0,MC1
1.0,0.0,0.67,0.0,3.0,0.0,5.0,0.97,0,MC1
1.0,0.0,0.67,0.0,3.0,0.0,5.0,0.97,0,MC1
1.0,0.0,0.67,0.0,3.0,0.0,4.0,0.67,0,MC1
1.0,0.0,0.0,0.0,0.0,0.0,0.0,0.0,0,MC1
1.0,4.0,0.14,0.0,8.0,0.02,20.0,27.88,0,MC1
2.0,4.0,0.14,0.0,11.0,0.05,35.0,61.07,0,MC1
2.0,8.0,0.1,0.0,13.0,0.08,52.0,138.07,0,MC1
7.0,55.0,0.03,1.0,22.0,0.33,184.0,2232.3,0,MC1
1.0,0.0,0.15,0.0,8.0,0.02,16.0,20.5,0,MC1
3.0,23.0,0.05,0.0,17.0,0.13,80.0,441.16,0,MC1
1.0,0.0,0.13,0.0,9.0,0.02,18.0,26.89,0,MC1
3.0,19.0,0.09,0.0,12.0,0.07,46.0,126.11,0,MC1
2.0,12.0,0.11,0.0,11.0,0.04,31.0,65.39,0,MC1
5.0,12.0,0.06,0.0,13.0,0.1,63.0,265.51,0,MC1
1.0,4.0,0.38,0.0,4.0,0.01,9.0,3.74,0,MC1
3.0,13.0,0.14,0.0,9.0,0.04,29.0,45.57,0,MC1
3.0,13.0,0.13,0.0,10.0,0.04,31.0,53.86,0,MC1
2.0,4.0,0.15,0.0,8.0,0.03,21.0,29.61,0,MC1
1.0,0.0,0.33,0.0,6.0,0.01,7.0,3.28,0,MC1
2.0,0.0,0.13,0.0,9.0,0.02,14.0,20.91,0,MC1
1.0,0.0,0.4,0.0,5.0,0.01,7.0,2.73,0,MC1
2.0,0.0,0.2,0.0,8.0,0.02,13.0,12.95,0,MC1
1.0,6.0,0.2,0.0,7.0,0.03,23.0,24.32,0,MC1
2.0,0.0,0.5,0.0,4.0,0.01,6.0,1.72,0,MC1
2.0,0.0,0.4,0.0,5.0,0.01,7.0,2.73,0,MC1
4.0,11.0,0.06,0.0,14.0,0.07,45.0,175.69,0,MC1
2.0,3.0,0.25,0.0,8.0,0.02,15.0,12.69,0,MC1
1.0,0.0,0.0,0.0,1.0,0.0,1.0,0.0,0,MC1
1.0,2.0,0.5,0.0,4.0,0.01,9.0,3.0,0,MC1
1.0,0.0,0.5,0.0,4.0,0.01,6.0,1.72,0,MC1
1.0,0.0,0.5,0.0,4.0,0.01,6.0,1.72,0,MC1
1.0,0.0,0.5,0.0,4.0,0.01,6.0,1.72,0,MC1
1.0,0.0,0.67,0.0,3.0,0.0,5.0,0.97,0,MC1
1.0,1.0,0.67,0.0,3.0,0.0,5.0,0.97,0,MC1
1.0,0.0,0.5,0.0,4.0,0.0,5.0,1.29,0,MC1
1.0,2.0,0.5,0.0,4.0,0.01,6.0,1.72,0,MC1
1.0,1.0,0.0,0.0,1.0,0.0,1.0,0.0,0,MC1
1.0,2.0,0.5,0.0,4.0,0.01,6.0,1.72,0,MC1
1.0,0.0,0.4,0.0,5.0,0.01,9.0,3.23,0,MC1
2.0,3.0,0.2,0.0,6.0,0.01,12.0,10.57,0,MC1
1.0,0.0,0.5,0.0,4.0,0.01,6.0,1.72,0,MC1
1.0,0.0,0.21,0.0,7.0,0.02,15.0,12.92,0,MC1
3.0,7.0,0.08,0.0,14.0,0.05,35.0,113.81,0,MC1
2.0,5.0,0.24,0.0,7.0,0.02,19.0,15.95,0,MC1
2.0,4.0,0.18,0.0,9.0,0.02,17.0,19.66,0,MC1
1.0,0.0,0.0,0.0,0.0,0.0,0.0,0.0,0,MC1
1.0,0.0,0.4,0.0,5.0,0.01,6.0,2.15,0,MC1
1.0,0.0,0.29,0.0,7.0,0.01,12.0,8.07,0,MC1
1.0,0.0,0.0,0.0,0.0,0.0,0.0,0.0,0,MC1
1.0,0.0,0.0,0.0,0.0,0.0,0.0,0.0,0,MC1
1.0,0.0,0.0,0.0,0.0,0.0,0.0,0.0,0,MC1
1.0,0.0,0.0,0.0,0.0,0.0,0.0,0.0,0,MC1
2.0,0.0,0.0,0.0,0.0,0.0,0.0,0.0,0,MC1
1.0,0.0,0.0,0.0,0.0,0.0,0.0,0.0,0,MC1
1.0,0.0,0.0,0.0,0.0,0.0,0.0,0.0,0,MC1
1.0,3.0,0.33,0.0,6.0,0.01,9.0,4.75,0,MC1
2.0,5.0,0.29,0.0,7.0,0.02,15.0,10.46,0,MC1
2.0,4.0,0.18,0.0,7.0,0.02,17.0,18.96,0,MC1
1.0,0.0,0.67,0.0,3.0,0.0,5.0,0.97,0,MC1
1.0,0.0,0.4,0.0,5.0,0.01,10.0,4.4,0,MC1
1.0,0.0,0.67,0.0,3.0,0.0,5.0,0.97,0,MC1
1.0,0.0,0.5,0.0,4.0,0.01,6.0,1.72,0,MC1
1.0,0.0,0.5,0.0,4.0,0.01,6.0,1.72,0,MC1
1.0,0.0,0.67,0.0,3.0,0.0,4.0,0.67,0,MC1
1.0,0.0,0.67,0.0,3.0,0.0,4.0,0.67,0,MC1
1.0,0.0,0.5,0.0,4.0,0.01,6.0,1.72,0,MC1
1.0,0.0,0.5,0.0,4.0,0.01,6.0,1.72,0,MC1
1.0,0.0,0.5,0.0,4.0,0.01,8.0,2.5,0,MC1
1.0,0.0,0.22,0.0,6.0,0.01,11.0,8.25,0,MC1
2.0,8.0,0.1,0.0,12.0,0.05,34.0,79.6,0,MC1
1.0,0.0,0.4,0.0,5.0,0.01,8.0,3.33,0,MC1
1.0,0.0,0.5,0.0,4.0,0.01,6.0,1.72,0,MC1
1.0,0.0,0.29,0.0,7.0,0.01,8.0,4.67,0,MC1
1.0,0.0,0.5,0.0,4.0,0.01,6.0,1.72,0,MC1
1.0,0.0,0.17,0.0,8.0,0.02,15.0,16.61,0,MC1
1.0,0.0,0.17,0.0,8.0,0.02,15.0,16.61,0,MC1
1.0,0.0,0.17,0.0,8.0,0.02,15.0,16.61,0,MC1
1.0,0.0,0.5,0.0,4.0,0.01,6.0,1.72,0,MC1
1.0,0.0,0.5,0.0,4.0,0.01,6.0,1.72,0,MC1
1.0,0.0,0.5,0.0,4.0,0.01,6.0,1.72,0,MC1
1.0,0.0,0.5,0.0,4.0,0.01,6.0,1.72,0,MC1
2.0,0.0,0.5,0.0,4.0,0.01,6.0,1.72,0,MC1
1.0,0.0,0.5,0.0,4.0,0.0,5.0,1.29,0,MC1
2.0,0.0,0.5,0.0,4.0,0.01,6.0,1.72,0,MC1
1.0,0.0,0.33,0.0,6.0,0.01,11.0,6.09,0,MC1
1.0,0.0,0.5,0.0,4.0,0.01,6.0,1.72,0,MC1
1.0,0.0,0.5,0.0,4.0,0.01,6.0,1.72,0,MC1
1.0,0.0,0.5,0.0,4.0,0.01,6.0,1.72,0,MC1
1.0,0.0,0.5,0.0,4.0,0.0,5.0,1.29,0,MC1
1.0,0.0,0.5,0.0,4.0,0.01,6.0,1.72,0,MC1
1.0,2.0,0.4,0.0,5.0,0.01,8.0,3.12,0,MC1
1.0,2.0,0.67,0.0,3.0,0.0,4.0,0.67,0,MC1
1.0,0.0,0.67,0.0,3.0,0.0,4.0,0.67,0,MC1
1.0,2.0,0.67,0.0,3.0,0.0,4.0,0.67,0,MC1
1.0,2.0,0.67,0.0,3.0,0.0,4.0,0.67,0,MC1
1.0,3.0,0.4,0.0,5.0,0.01,10.0,4.17,0,MC1
1.0,0.0,0.4,0.0,5.0,0.01,7.0,2.73,0,MC1
1.0,0.0,0.33,0.0,6.0,0.01,7.0,3.28,0,MC1
1.0,0.0,0.33,0.0,6.0,0.01,7.0,3.28,0,MC1
1.0,2.0,0.4,0.0,5.0,0.01,8.0,3.12,0,MC1
1.0,2.0,0.67,0.0,3.0,0.0,4.0,0.67,0,MC1
1.0,0.0,0.67,0.0,3.0,0.0,4.0,0.67,0,MC1
1.0,2.0,0.67,0.0,3.0,0.0,4.0,0.67,0,MC1
1.0,2.0,0.67,0.0,3.0,0.0,4.0,0.67,0,MC1
1.0,0.0,0.67,0.0,3.0,0.0,4.0,0.67,0,MC1
1.0,0.0,0.67,0.0,3.0,0.0,4.0,0.67,0,MC1
1.0,0.0,0.5,0.0,4.0,0.01,6.0,1.72,0,MC1
2.0,3.0,0.24,0.0,7.0,0.02,15.0,12.55,0,MC1
1.0,0.0,0.33,0.0,6.0,0.01,9.0,4.5,0,MC1
1.0,0.0,0.17,0.0,8.0,0.02,15.0,16.61,0,MC1
1.0,0.0,0.33,0.0,6.0,0.01,9.0,4.75,0,MC1
1.0,0.0,0.33,0.0,6.0,0.01,9.0,4.75,0,MC1
1.0,0.0,0.33,0.0,6.0,0.01,9.0,4.75,0,MC1
1.0,0.0,0.33,0.0,6.0,0.01,9.0,4.75,0,MC1
2.0,4.0,0.17,0.0,10.0,0.03,21.0,27.35,0,MC1
1.0,2.0,0.67,0.0,3.0,0.0,4.0,0.67,0,MC1
1.0,2.0,0.67,0.0,3.0,0.0,4.0,0.67,0,MC1
1.0,0.0,0.0,0.0,3.0,0.0,3.0,0.0,0,MC1
1.0,0.0,0.0,0.0,3.0,0.0,3.0,0.0,0,MC1
1.0,0.0,0.0,0.0,2.0,0.0,2.0,0.0,0,MC1
1.0,0.0,0.0,0.0,2.0,0.0,2.0,0.0,0,MC1
1.0,0.0,0.67,0.0,3.0,0.0,4.0,0.67,0,MC1
1.0,0.0,0.67,0.0,3.0,0.0,4.0,0.67,0,MC1
1.0,0.0,0.67,0.0,3.0,0.0,4.0,0.67,0,MC1
1.0,0.0,0.67,0.0,3.0,0.0,4.0,0.67,0,MC1
1.0,0.0,0.67,0.0,3.0,0.0,4.0,0.67,0,MC1
1.0,0.0,0.67,0.0,3.0,0.0,4.0,0.67,0,MC1
1.0,0.0,0.67,0.0,3.0,0.0,5.0,0.97,0,MC1
1.0,0.0,0.67,0.0,3.0,0.0,5.0,0.97,0,MC1
1.0,0.0,0.0,0.0,1.0,0.0,1.0,0.0,0,MC1
1.0,0.0,0.0,0.0,1.0,0.0,1.0,0.0,0,MC1
2.0,7.0,0.13,0.0,8.0,0.04,29.0,50.36,0,MC1
2.0,7.0,0.13,0.0,8.0,0.04,29.0,50.36,0,MC1
1.0,2.0,0.13,0.0,8.0,0.02,17.0,26.14,0,MC1
1.0,2.0,0.11,0.0,9.0,0.02,19.0,35.15,0,MC1
1.0,0.0,0.0,0.0,1.0,0.0,1.0,0.0,0,MC1
1.0,0.0,0.0,0.0,1.0,0.0,1.0,0.0,0,MC1
1.0,0.0,0.0,0.0,0.0,0.0,0.0,0.0,0,MC1
1.0,0.0,0.0,0.0,0.0,0.0,0.0,0.0,0,MC1
1.0,0.0,0.67,0.0,3.0,0.0,5.0,0.97,0,MC1
1.0,0.0,0.67,0.0,3.0,0.0,5.0,0.97,0,MC1
1.0,0.0,0.4,0.0,5.0,0.01,7.0,2.73,0,MC1
1.0,0.0,0.4,0.0,5.0,0.01,7.0,2.73,0,MC1
1.0,0.0,0.67,0.0,3.0,0.0,5.0,0.97,0,MC1
1.0,0.0,0.67,0.0,3.0,0.0,5.0,0.97,0,MC1
1.0,0.0,0.67,0.0,3.0,0.0,5.0,0.97,0,MC1
1.0,0.0,0.67,0.0,3.0,0.0,5.0,0.97,0,MC1
1.0,0.0,0.5,0.0,4.0,0.01,11.0,3.67,0,MC1
1.0,0.0,0.5,0.0,4.0,0.01,11.0,3.67,0,MC1
1.0,0.0,0.67,0.0,3.0,0.0,4.0,0.67,0,MC1
1.0,0.0,0.67,0.0,3.0,0.0,4.0,0.67,0,MC1
1.0,0.0,0.5,0.0,4.0,0.01,11.0,3.67,0,MC1
1.0,0.0,0.5,0.0,4.0,0.01,11.0,3.67,0,MC1
1.0,0.0,0.67,0.0,3.0,0.0,4.0,0.67,0,MC1
1.0,0.0,0.67,0.0,3.0,0.0,4.0,0.67,0,MC1
1.0,0.0,0.67,0.0,3.0,0.0,4.0,0.67,0,MC1
1.0,0.0,0.67,0.0,3.0,0.0,4.0,0.67,0,MC1
1.0,0.0,0.5,0.0,4.0,0.01,11.0,3.67,0,MC1
1.0,0.0,0.5,0.0,4.0,0.01,11.0,3.67,0,MC1
1.0,0.0,0.67,0.0,3.0,0.0,4.0,0.67,0,MC1
1.0,0.0,0.67,0.0,3.0,0.0,4.0,0.67,0,MC1
1.0,0.0,0.67,0.0,3.0,0.0,5.0,0.97,0,MC1
1.0,0.0,0.67,0.0,3.0,0.0,5.0,0.97,0,MC1
1.0,0.0,0.67,0.0,3.0,0.0,5.0,0.97,0,MC1
1.0,0.0,0.67,0.0,3.0,0.0,5.0,0.97,0,MC1
1.0,0.0,0.67,0.0,3.0,0.01,9.0,2.11,0,MC1
1.0,0.0,0.67,0.0,3.0,0.01,9.0,2.11,0,MC1
1.0,0.0,0.67,0.0,3.0,0.0,5.0,0.97,0,MC1
1.0,0.0,0.67,0.0,3.0,0.0,5.0,0.97,0,MC1
1.0,0.0,0.67,0.0,3.0,0.01,9.0,2.11,0,MC1
1.0,0.0,0.67,0.0,3.0,0.01,9.0,2.11,0,MC1
1.0,0.0,0.67,0.0,3.0,0.0,5.0,0.97,0,MC1
1.0,0.0,0.67,0.0,3.0,0.0,5.0,0.97,0,MC1
1.0,0.0,0.67,0.0,3.0,0.0,5.0,0.97,0,MC1
1.0,0.0,0.67,0.0,3.0,0.0,5.0,0.97,0,MC1
1.0,0.0,0.67,0.0,3.0,0.0,5.0,0.97,0,MC1
1.0,0.0,0.67,0.0,3.0,0.0,5.0,0.97,0,MC1
1.0,0.0,0.67,0.0,3.0,0.0,4.0,0.67,0,MC1
1.0,0.0,0.67,0.0,3.0,0.0,4.0,0.67,0,MC1
1.0,0.0,0.67,0.0,3.0,0.0,4.0,0.67,0,MC1
1.0,0.0,0.67,0.0,3.0,0.0,4.0,0.67,0,MC1
1.0,0.0,0.67,0.0,3.0,0.0,4.0,0.67,0,MC1
1.0,0.0,0.67,0.0,3.0,0.0,4.0,0.67,0,MC1
1.0,0.0,0.67,0.0,3.0,0.0,4.0,0.67,0,MC1
1.0,0.0,0.67,0.0,3.0,0.0,4.0,0.67,0,MC1
1.0,0.0,0.67,0.0,3.0,0.0,4.0,0.67,0,MC1
1.0,0.0,0.67,0.0,3.0,0.0,4.0,0.67,0,MC1
1.0,0.0,0.67,0.0,3.0,0.0,4.0,0.67,0,MC1
1.0,0.0,0.67,0.0,3.0,0.0,4.0,0.67,0,MC1
1.0,0.0,0.67,0.0,3.0,0.0,4.0,0.67,0,MC1
1.0,0.0,0.67,0.0,3.0,0.0,4.0,0.67,0,MC1
1.0,0.0,0.67,0.0,3.0,0.0,4.0,0.67,0,MC1
1.0,0.0,0.67,0.0,3.0,0.0,4.0,0.67,0,MC1
1.0,0.0,0.67,0.0,3.0,0.0,4.0,0.67,0,MC1
1.0,0.0,0.67,0.0,3.0,0.0,4.0,0.67,0,MC1
1.0,0.0,0.67,0.0,3.0,0.0,4.0,0.67,0,MC1
1.0,0.0,0.67,0.0,3.0,0.0,4.0,0.67,0,MC1
1.0,0.0,0.67,0.0,3.0,0.0,4.0,0.67,0,MC1
1.0,0.0,0.67,0.0,3.0,0.0,4.0,0.67,0,MC1
1.0,0.0,0.67,0.0,3.0,0.0,4.0,0.67,0,MC1
1.0,0.0,0.67,0.0,3.0,0.0,4.0,0.67,0,MC1
1.0,0.0,0.67,0.0,3.0,0.0,4.0,0.67,0,MC1
1.0,0.0,0.67,0.0,3.0,0.0,4.0,0.67,0,MC1
1.0,0.0,0.67,0.0,3.0,0.0,4.0,0.67,0,MC1
1.0,0.0,0.67,0.0,3.0,0.0,4.0,0.67,0,MC1
1.0,0.0,0.67,0.0,3.0,0.0,4.0,0.67,0,MC1
1.0,0.0,0.67,0.0,3.0,0.0,4.0,0.67,0,MC1
1.0,0.0,0.67,0.0,3.0,0.0,4.0,0.67,0,MC1
1.0,0.0,0.67,0.0,3.0,0.0,4.0,0.67,0,MC1
1.0,0.0,0.67,0.0,3.0,0.0,4.0,0.67,0,MC1
1.0,0.0,0.67,0.0,3.0,0.0,4.0,0.67,0,MC1
1.0,0.0,0.67,0.0,3.0,0.0,4.0,0.67,0,MC1
1.0,0.0,0.67,0.0,3.0,0.0,4.0,0.67,0,MC1
1.0,0.0,0.67,0.0,3.0,0.0,4.0,0.67,0,MC1
1.0,0.0,0.67,0.0,3.0,0.0,4.0,0.67,0,MC1
1.0,0.0,0.67,0.0,3.0,0.0,4.0,0.67,0,MC1
1.0,0.0,0.67,0.0,3.0,0.0,4.0,0.67,0,MC1
1.0,0.0,0.67,0.0,3.0,0.0,4.0,0.67,0,MC1
1.0,0.0,0.67,0.0,3.0,0.0,4.0,0.67,0,MC1
1.0,0.0,0.67,0.0,3.0,0.0,5.0,0.97,0,MC1
1.0,0.0,0.67,0.0,3.0,0.0,5.0,0.97,0,MC1
1.0,0.0,0.67,0.0,3.0,0.0,4.0,0.67,0,MC1
1.0,0.0,0.67,0.0,3.0,0.0,4.0,0.67,0,MC1
1.0,0.0,0.4,0.0,5.0,0.01,7.0,2.73,0,MC1
1.0,0.0,0.4,0.0,5.0,0.01,7.0,2.73,0,MC1
1.0,0.0,0.0,0.0,3.0,0.0,3.0,0.0,0,MC1
1.0,0.0,0.0,0.0,3.0,0.0,3.0,0.0,0,MC1
1.0,0.0,0.67,0.0,3.0,0.0,5.0,0.97,0,MC1
1.0,0.0,0.67,0.0,3.0,0.0,5.0,0.97,0,MC1
1.0,0.0,0.67,0.0,3.0,0.0,5.0,0.97,0,MC1
1.0,0.0,0.67,0.0,3.0,0.0,5.0,0.97,0,MC1
1.0,0.0,0.67,0.0,3.0,0.0,5.0,0.97,0,MC1
1.0,0.0,0.67,0.0,3.0,0.0,5.0,0.97,0,MC1
1.0,0.0,0.67,0.0,3.0,0.0,5.0,0.97,0,MC1
1.0,0.0,0.67,0.0,3.0,0.0,5.0,0.97,0,MC1
1.0,0.0,0.67,0.0,3.0,0.0,5.0,0.97,0,MC1
1.0,0.0,0.67,0.0,3.0,0.0,5.0,0.97,0,MC1
1.0,0.0,0.67,0.0,3.0,0.0,5.0,0.97,0,MC1
1.0,0.0,0.67,0.0,3.0,0.0,5.0,0.97,0,MC1
1.0,0.0,0.67,0.0,3.0,0.0,5.0,0.97,0,MC1
1.0,0.0,0.67,0.0,3.0,0.0,5.0,0.97,0,MC1
1.0,0.0,0.67,0.0,3.0,0.0,5.0,0.97,0,MC1
1.0,0.0,0.67,0.0,3.0,0.0,5.0,0.97,0,MC1
1.0,0.0,0.67,0.0,3.0,0.0,5.0,0.97,0,MC1
1.0,0.0,0.67,0.0,3.0,0.0,5.0,0.97,0,MC1
1.0,0.0,0.67,0.0,3.0,0.0,5.0,0.97,0,MC1
1.0,0.0,0.67,0.0,3.0,0.0,5.0,0.97,0,MC1
1.0,0.0,0.67,0.0,3.0,0.0,4.0,0.67,0,MC1
1.0,0.0,0.67,0.0,3.0,0.0,4.0,0.67,0,MC1
11.0,21.0,0.11,0.0,6.0,0.13,90.0,196.06,0,MC1
1.0,17.0,0.4,6.0,3.0,0.1,65.0,40.68,0,MC1
1.0,0.0,0.0,0.0,3.0,0.0,3.0,0.0,0,MC1
1.0,0.0,0.0,0.0,2.0,0.0,2.0,0.0,0,MC1
1.0,0.0,0.67,0.0,3.0,0.0,4.0,0.67,0,MC1
1.0,0.0,0.67,0.0,3.0,0.0,4.0,0.67,0,MC1
1.0,0.0,0.0,0.0,1.0,0.0,1.0,0.0,0,MC1
3.0,9.0,0.17,0.0,7.0,0.03,27.0,34.27,0,MC1
5.0,32.0,0.16,4.0,6.0,0.27,151.0,285.64,0,MC1
1.0,0.0,0.67,0.0,3.0,0.0,5.0,0.97,0,MC1
1.0,2.0,0.13,0.0,8.0,0.02,17.0,26.14,0,MC1
1.0,2.0,0.11,0.0,9.0,0.02,19.0,35.15,0,MC1
1.0,0.0,0.67,0.0,3.0,0.0,5.0,0.97,0,MC1
1.0,0.0,0.67,0.0,3.0,0.0,5.0,0.97,0,MC1
1.0,0.0,0.67,0.0,3.0,0.0,4.0,0.67,0,MC1
1.0,0.0,0.67,0.0,3.0,0.0,4.0,0.67,0,MC1
1.0,0.0,0.67,0.0,3.0,0.0,4.0,0.67,0,MC1
1.0,0.0,0.67,0.0,3.0,0.0,4.0,0.67,0,MC1
1.0,0.0,0.67,0.0,3.0,0.0,4.0,0.67,0,MC1
1.0,0.0,0.67,0.0,3.0,0.0,4.0,0.67,0,MC1
1.0,0.0,0.67,0.0,3.0,0.0,4.0,0.67,0,MC1
1.0,0.0,0.67,0.0,3.0,0.0,4.0,0.67,0,MC1
1.0,0.0,0.67,0.0,3.0,0.0,4.0,0.67,0,MC1
1.0,0.0,0.67,0.0,3.0,0.0,4.0,0.67,0,MC1
1.0,0.0,0.67,0.0,3.0,0.0,4.0,0.67,0,MC1
1.0,0.0,0.67,0.0,3.0,0.0,4.0,0.67,0,MC1
1.0,0.0,0.67,0.0,3.0,0.0,4.0,0.67,0,MC1
1.0,0.0,0.67,0.0,3.0,0.0,4.0,0.67,0,MC1
1.0,0.0,0.67,0.0,3.0,0.0,4.0,0.67,0,MC1
1.0,0.0,0.67,0.0,3.0,0.0,4.0,0.67,0,MC1
1.0,0.0,0.67,0.0,3.0,0.0,4.0,0.67,0,MC1
1.0,0.0,0.67,0.0,3.0,0.0,5.0,0.97,0,MC1
1.0,0.0,0.67,0.0,3.0,0.0,4.0,0.67,0,MC1
1.0,0.0,0.4,0.0,5.0,0.01,7.0,2.73,0,MC1
1.0,0.0,0.0,0.0,3.0,0.0,3.0,0.0,0,MC1
1.0,0.0,0.67,0.0,3.0,0.0,5.0,0.97,0,MC1
1.0,0.0,0.67,0.0,3.0,0.0,5.0,0.97,0,MC1
1.0,0.0,0.67,0.0,3.0,0.0,5.0,0.97,0,MC1
1.0,0.0,0.67,0.0,3.0,0.0,5.0,0.97,0,MC1
1.0,0.0,0.67,0.0,3.0,0.0,5.0,0.97,0,MC1
1.0,0.0,0.67,0.0,3.0,0.0,5.0,0.97,0,MC1
1.0,0.0,0.67,0.0,3.0,0.0,5.0,0.97,0,MC1
1.0,0.0,0.67,0.0,3.0,0.0,5.0,0.97,0,MC1
1.0,0.0,0.67,0.0,3.0,0.0,5.0,0.97,0,MC1
1.0,0.0,0.67,0.0,3.0,0.0,4.0,0.67,0,MC1
1.0,3.0,0.5,1.0,4.0,0.01,8.0,2.5,0,MC1
2.0,6.0,0.13,1.0,6.0,0.01,13.0,16.25,0,MC1
1.0,9.0,0.19,0.0,7.0,0.07,49.0,60.71,0,MC1
1.0,0.0,0.67,0.0,3.0,0.0,4.0,0.67,0,MC1
1.0,0.0,0.5,0.0,4.0,0.0,5.0,1.29,0,MC1
1.0,0.0,0.5,0.0,4.0,0.0,5.0,1.29,0,MC1
1.0,0.0,0.67,0.0,3.0,0.0,5.0,0.97,0,MC1
1.0,0.0,0.67,0.0,3.0,0.0,5.0,0.97,0,MC1
1.0,0.0,0.67,0.0,3.0,0.0,4.0,0.67,0,MC1
1.0,0.0,0.67,0.0,3.0,0.0,4.0,0.67,0,MC1
1.0,3.0,0.5,0.0,4.0,0.01,8.0,2.5,0,MC1
1.0,3.0,0.5,0.0,4.0,0.01,8.0,2.5,0,MC1
1.0,5.0,0.67,0.0,3.0,0.01,13.0,3.04,0,MC1
1.0,5.0,0.67,0.0,3.0,0.01,13.0,3.04,0,MC1
1.0,6.0,0.33,0.0,4.0,0.02,21.0,11.63,0,MC1
1.0,6.0,0.33,0.0,4.0,0.02,21.0,11.63,0,MC1
1.0,2.0,0.13,0.0,8.0,0.02,17.0,26.14,0,MC1
1.0,2.0,0.11,0.0,9.0,0.02,19.0,35.15,0,MC1
1.0,0.0,0.67,0.0,3.0,0.0,5.0,0.97,0,MC1
1.0,0.0,0.67,0.0,3.0,0.0,5.0,0.97,0,MC1
1.0,0.0,0.67,0.0,3.0,0.0,5.0,0.97,0,MC1
1.0,0.0,0.67,0.0,3.0,0.0,5.0,0.97,0,MC1
1.0,0.0,0.67,0.0,3.0,0.0,5.0,0.97,0,MC1
1.0,0.0,0.67,0.0,3.0,0.0,5.0,0.97,0,MC1
1.0,0.0,0.67,0.0,3.0,0.0,4.0,0.67,0,MC1
1.0,0.0,0.67,0.0,3.0,0.0,4.0,0.67,0,MC1
1.0,0.0,0.67,0.0,3.0,0.0,4.0,0.67,0,MC1
1.0,0.0,0.67,0.0,3.0,0.0,4.0,0.67,0,MC1
1.0,0.0,0.67,0.0,3.0,0.0,4.0,0.67,0,MC1
1.0,0.0,0.67,0.0,3.0,0.0,4.0,0.67,0,MC1
1.0,0.0,0.67,0.0,3.0,0.0,4.0,0.67,0,MC1
1.0,0.0,0.67,0.0,3.0,0.0,4.0,0.67,0,MC1
3.0,9.0,0.08,0.0,8.0,0.04,31.0,80.26,0,MC1
3.0,9.0,0.08,0.0,8.0,0.04,31.0,80.26,0,MC1
3.0,5.0,0.18,0.0,6.0,0.03,24.0,26.29,0,MC1
1.0,7.0,0.35,1.0,4.0,0.03,27.0,16.04,0,MC1
1.0,0.0,0.67,0.0,3.0,0.0,4.0,0.67,0,MC1
1.0,2.0,0.67,0.0,3.0,0.0,5.0,0.97,0,MC1
1.0,0.0,0.67,0.0,3.0,0.0,5.0,0.97,0,MC1
4.0,8.0,0.19,0.0,6.0,0.03,27.0,28.55,0,MC1
4.0,8.0,0.19,0.0,6.0,0.03,27.0,28.55,0,MC1
2.0,18.0,0.15,1.0,10.0,0.13,74.0,143.06,0,MC1
2.0,18.0,0.15,1.0,10.0,0.13,74.0,143.06,0,MC1
1.0,0.0,0.67,0.0,3.0,0.0,5.0,0.97,0,MC1
1.0,2.0,0.13,0.0,8.0,0.02,17.0,26.14,0,MC1
1.0,2.0,0.11,0.0,9.0,0.02,19.0,35.15,0,MC1
1.0,0.0,0.67,0.0,3.0,0.0,5.0,0.97,0,MC1
1.0,0.0,0.67,0.0,3.0,0.0,5.0,0.97,0,MC1
1.0,40.0,0.06,0.0,20.0,0.35,172.0,929.16,0,MC1
1.0,40.0,0.06,0.0,20.0,0.34,170.0,922.28,0,MC1
9.0,36.0,0.05,0.0,20.0,0.27,142.0,899.4,0,MC1
9.0,36.0,0.05,0.0,20.0,0.27,142.0,899.4,0,MC1
1.0,25.0,0.08,0.0,11.0,0.14,87.0,300.7,0,MC1
1.0,25.0,0.08,0.0,11.0,0.14,87.0,300.7,0,MC1
1.0,0.0,0.0,0.0,3.0,0.0,3.0,0.0,0,MC1
1.0,0.0,0.0,0.0,2.0,0.0,2.0,0.0,0,MC1
1.0,0.0,0.67,0.0,3.0,0.0,4.0,0.67,0,MC1
1.0,0.0,0.67,0.0,3.0,0.0,4.0,0.67,0,MC1
1.0,0.0,0.67,0.0,3.0,0.0,4.0,0.67,0,MC1
1.0,0.0,0.67,0.0,3.0,0.0,5.0,0.97,0,MC1
1.0,0.0,0.67,0.0,3.0,0.0,4.0,0.67,0,MC1
1.0,0.0,0.67,0.0,3.0,0.0,4.0,0.67,0,MC1
1.0,0.0,0.67,0.0,3.0,0.0,5.0,0.97,0,MC1
1.0,0.0,0.67,0.0,3.0,0.0,5.0,0.97,0,MC1
1.0,0.0,0.0,0.0,1.0,0.0,1.0,0.0,0,MC1
1.0,0.0,0.67,0.0,3.0,0.0,5.0,0.97,0,MC1
2.0,9.0,0.21,0.0,7.0,0.05,37.0,43.05,0,MC1
2.0,9.0,0.21,0.0,7.0,0.05,37.0,43.05,0,MC1
1.0,2.0,0.13,0.0,8.0,0.02,17.0,26.14,0,MC1
1.0,2.0,0.11,0.0,9.0,0.02,19.0,35.15,0,MC1
1.0,0.0,0.67,0.0,3.0,0.0,4.0,0.67,0,MC1
1.0,0.0,0.67,0.0,3.0,0.0,5.0,0.97,0,MC1
1.0,0.0,0.67,0.0,3.0,0.0,5.0,0.97,0,MC1
1.0,0.0,0.4,0.0,5.0,0.01,7.0,2.73,0,MC1
1.0,0.0,0.4,0.0,5.0,0.01,7.0,2.73,0,MC1
1.0,0.0,0.67,0.0,3.0,0.0,5.0,0.97,0,MC1
1.0,0.0,0.67,0.0,3.0,0.0,4.0,0.67,0,MC1
1.0,0.0,0.67,0.0,3.0,0.0,4.0,0.67,0,MC1
1.0,0.0,0.67,0.0,3.0,0.0,4.0,0.67,0,MC1
1.0,0.0,0.67,0.0,3.0,0.0,4.0,0.67,0,MC1
1.0,0.0,0.67,0.0,3.0,0.0,4.0,0.67,0,MC1
1.0,0.0,0.67,0.0,3.0,0.0,4.0,0.67,0,MC1
1.0,0.0,0.67,0.0,3.0,0.0,4.0,0.67,0,MC1
1.0,0.0,0.67,0.0,3.0,0.0,4.0,0.67,0,MC1
1.0,0.0,0.67,0.0,3.0,0.0,4.0,0.67,0,MC1
1.0,0.0,0.67,0.0,3.0,0.0,4.0,0.67,0,MC1
1.0,0.0,0.67,0.0,3.0,0.0,4.0,0.67,0,MC1
1.0,0.0,0.5,0.0,4.0,0.0,5.0,1.29,0,MC1
1.0,0.0,0.67,0.0,3.0,0.0,4.0,0.67,0,MC1
1.0,0.0,0.67,0.0,3.0,0.0,4.0,0.67,0,MC1
1.0,0.0,0.67,0.0,3.0,0.0,4.0,0.67,0,MC1
1.0,0.0,0.67,0.0,3.0,0.0,4.0,0.67,0,MC1
1.0,0.0,0.67,0.0,3.0,0.0,4.0,0.67,0,MC1
1.0,0.0,0.67,0.0,3.0,0.0,4.0,0.67,0,MC1
1.0,0.0,0.67,0.0,3.0,0.0,4.0,0.67,0,MC1
1.0,0.0,0.67,0.0,3.0,0.0,4.0,0.67,0,MC1
1.0,0.0,0.67,0.0,3.0,0.0,4.0,0.67,0,MC1
1.0,0.0,0.67,0.0,3.0,0.0,4.0,0.67,0,MC1
1.0,0.0,0.67,0.0,3.0,0.0,5.0,0.97,0,MC1
1.0,0.0,0.67,0.0,3.0,0.0,4.0,0.67,0,MC1
1.0,0.0,0.4,0.0,5.0,0.01,7.0,2.73,0,MC1
1.0,0.0,0.0,0.0,3.0,0.0,3.0,0.0,0,MC1
1.0,17.0,0.12,0.0,11.0,0.08,52.0,109.54,0,MC1
1.0,17.0,0.12,0.0,11.0,0.08,52.0,109.54,0,MC1
1.0,0.0,0.67,0.0,3.0,0.0,5.0,0.97,0,MC1
1.0,0.0,1.0,0.0,2.0,0.0,3.0,0.26,0,MC1
1.0,0.0,0.67,0.0,3.0,0.0,5.0,0.97,0,MC1
1.0,0.0,0.67,0.0,3.0,0.0,5.0,0.97,0,MC1
1.0,0.0,0.67,0.0,3.0,0.0,5.0,0.97,0,MC1
1.0,0.0,0.67,0.0,3.0,0.0,5.0,0.97,0,MC1
1.0,0.0,0.67,0.0,3.0,0.0,5.0,0.97,0,MC1
1.0,0.0,0.67,0.0,3.0,0.0,5.0,0.97,0,MC1
1.0,0.0,0.67,0.0,3.0,0.0,4.0,0.67,0,MC1
4.0,6.0,0.22,0.0,5.0,0.02,20.0,16.61,0,MC1
4.0,6.0,0.22,0.0,5.0,0.02,20.0,16.61,0,MC1
1.0,4.0,0.44,0.0,3.0,0.01,13.0,4.56,0,MC1
1.0,4.0,0.44,0.0,3.0,0.01,13.0,4.56,0,MC1
1.0,0.0,0.67,0.0,3.0,0.0,4.0,0.67,0,MC1
1.0,0.0,0.67,0.0,3.0,0.0,4.0,0.67,0,MC1
8.0,28.0,0.05,12.0,19.0,0.14,83.0,505.15,0,MC1
8.0,28.0,0.04,12.0,20.0,0.15,85.0,565.17,0,MC1
2.0,5.0,0.13,2.0,6.0,0.02,19.0,26.3,0,MC1
2.0,5.0,0.13,2.0,6.0,0.02,19.0,26.3,0,MC1
3.0,15.0,0.07,3.0,14.0,0.07,48.0,179.73,0,MC1
3.0,15.0,0.07,3.0,14.0,0.07,48.0,165.49,0,MC1
3.0,16.0,0.07,8.0,10.0,0.11,73.0,261.07,0,MC1
3.0,16.0,0.07,8.0,10.0,0.11,73.0,261.07,0,MC1
3.0,17.0,0.07,5.0,11.0,0.06,44.0,149.92,0,MC1
3.0,17.0,0.08,5.0,11.0,0.06,44.0,135.58,0,MC1
2.0,11.0,0.09,2.0,12.0,0.04,32.0,81.55,0,MC1
2.0,11.0,0.09,2.0,12.0,0.04,32.0,81.55,0,MC1
2.0,11.0,0.09,2.0,12.0,0.04,32.0,81.55,0,MC1
2.0,11.0,0.09,2.0,12.0,0.04,32.0,81.55,0,MC1
2.0,11.0,0.09,2.0,12.0,0.04,32.0,81.55,0,MC1
2.0,11.0,0.09,2.0,12.0,0.04,32.0,81.55,0,MC1
2.0,11.0,0.09,2.0,12.0,0.04,32.0,81.55,0,MC1
2.0,11.0,0.09,2.0,12.0,0.04,32.0,81.55,0,MC1
2.0,11.0,0.09,2.0,12.0,0.04,32.0,81.55,0,MC1
2.0,11.0,0.09,2.0,12.0,0.04,32.0,81.55,0,MC1
2.0,11.0,0.09,2.0,12.0,0.04,32.0,81.55,0,MC1
2.0,11.0,0.09,2.0,12.0,0.04,32.0,81.55,0,MC1
2.0,11.0,0.09,2.0,12.0,0.04,32.0,81.55,0,MC1
2.0,11.0,0.09,2.0,12.0,0.04,32.0,81.55,0,MC1
2.0,11.0,0.09,2.0,12.0,0.04,32.0,81.55,0,MC1
2.0,11.0,0.09,2.0,12.0,0.04,32.0,81.55,0,MC1
2.0,11.0,0.09,2.0,12.0,0.04,32.0,81.55,0,MC1
2.0,11.0,0.09,2.0,12.0,0.04,32.0,81.55,0,MC1
2.0,11.0,0.09,2.0,12.0,0.04,32.0,81.55,0,MC1
2.0,11.0,0.09,2.0,12.0,0.04,32.0,81.55,0,MC1
17.0,52.0,0.03,9.0,30.0,0.34,172.0,1706.87,0,MC1
17.0,52.0,0.03,9.0,30.0,0.34,172.0,1706.87,0,MC1
17.0,52.0,0.03,9.0,30.0,0.34,172.0,1706.87,0,MC1
17.0,52.0,0.03,9.0,30.0,0.34,172.0,1706.87,0,MC1
17.0,52.0,0.03,9.0,30.0,0.34,172.0,1706.87,0,MC1
17.0,52.0,0.03,9.0,30.0,0.34,172.0,1706.87,0,MC1
17.0,52.0,0.03,9.0,30.0,0.34,172.0,1706.87,0,MC1
17.0,52.0,0.03,9.0,30.0,0.34,172.0,1706.87,0,MC1
17.0,52.0,0.03,9.0,30.0,0.34,172.0,1706.87,0,MC1
17.0,52.0,0.03,9.0,30.0,0.34,172.0,1706.87,0,MC1
17.0,52.0,0.03,9.0,30.0,0.34,172.0,1706.87,0,MC1
17.0,52.0,0.03,9.0,30.0,0.34,172.0,1706.87,0,MC1
17.0,52.0,0.03,9.0,30.0,0.34,172.0,1706.87,0,MC1
17.0,52.0,0.03,9.0,30.0,0.34,172.0,1706.87,0,MC1
17.0,52.0,0.03,9.0,30.0,0.34,172.0,1706.87,0,MC1
17.0,52.0,0.03,9.0,30.0,0.34,172.0,1706.87,0,MC1
17.0,52.0,0.03,9.0,30.0,0.34,172.0,1706.87,0,MC1
17.0,52.0,0.03,9.0,30.0,0.34,172.0,1706.87,0,MC1
17.0,52.0,0.03,9.0,30.0,0.34,172.0,1706.87,0,MC1
17.0,52.0,0.03,9.0,30.0,0.34,172.0,1706.87,0,MC1
1.0,38.0,0.1,2.0,8.0,0.33,192.0,567.21,0,MC1
1.0,38.0,0.1,2.0,8.0,0.33,192.0,567.21,0,MC1
1.0,38.0,0.1,2.0,8.0,0.33,192.0,567.21,0,MC1
1.0,38.0,0.1,2.0,8.0,0.33,192.0,567.21,0,MC1
1.0,38.0,0.1,2.0,8.0,0.33,192.0,567.21,0,MC1
1.0,38.0,0.1,2.0,8.0,0.33,192.0,567.21,0,MC1
1.0,38.0,0.1,2.0,8.0,0.33,192.0,567.21,0,MC1
1.0,38.0,0.1,2.0,8.0,0.33,192.0,567.21,0,MC1
1.0,38.0,0.1,2.0,8.0,0.33,192.0,567.21,0,MC1
1.0,38.0,0.1,2.0,8.0,0.33,192.0,567.21,0,MC1
1.0,38.0,0.1,2.0,8.0,0.33,192.0,567.21,0,MC1
1.0,38.0,0.1,2.0,8.0,0.33,192.0,567.21,0,MC1
1.0,38.0,0.1,2.0,8.0,0.33,192.0,567.21,0,MC1
1.0,38.0,0.1,2.0,8.0,0.33,192.0,567.21,0,MC1
1.0,38.0,0.1,2.0,8.0,0.33,192.0,567.21,0,MC1
1.0,38.0,0.1,2.0,8.0,0.33,192.0,567.21,0,MC1
1.0,38.0,0.1,2.0,8.0,0.33,192.0,567.21,0,MC1
1.0,38.0,0.1,2.0,8.0,0.33,192.0,567.21,0,MC1
1.0,38.0,0.1,2.0,8.0,0.33,192.0,567.21,0,MC1
1.0,38.0,0.1,2.0,8.0,0.33,192.0,567.21,0,MC1
1.0,5.0,0.17,3.0,8.0,0.02,18.0,21.51,0,MC1
1.0,5.0,0.17,3.0,8.0,0.02,18.0,21.51,0,MC1
1.0,5.0,0.17,3.0,8.0,0.02,18.0,21.51,0,MC1
1.0,5.0,0.17,3.0,8.0,0.02,18.0,21.51,0,MC1
1.0,5.0,0.17,3.0,8.0,0.02,18.0,21.51,0,MC1
1.0,5.0,0.17,3.0,8.0,0.02,18.0,21.51,0,MC1
1.0,5.0,0.17,3.0,8.0,0.02,18.0,21.51,0,MC1
1.0,5.0,0.17,3.0,8.0,0.02,18.0,21.51,0,MC1
1.0,5.0,0.17,3.0,8.0,0.02,18.0,21.51,0,MC1
1.0,5.0,0.17,3.0,8.0,0.02,18.0,21.51,0,MC1
1.0,5.0,0.17,3.0,8.0,0.02,18.0,21.51,0,MC1
1.0,5.0,0.17,3.0,8.0,0.02,18.0,21.51,0,MC1
1.0,5.0,0.17,3.0,8.0,0.02,18.0,21.51,0,MC1
1.0,5.0,0.17,3.0,8.0,0.02,18.0,21.51,0,MC1
1.0,5.0,0.17,3.0,8.0,0.02,18.0,21.51,0,MC1
1.0,5.0,0.17,3.0,8.0,0.02,18.0,21.51,0,MC1
1.0,5.0,0.17,3.0,8.0,0.02,18.0,21.51,0,MC1
1.0,5.0,0.17,3.0,8.0,0.02,18.0,21.51,0,MC1
1.0,5.0,0.17,3.0,8.0,0.02,18.0,21.51,0,MC1
1.0,5.0,0.17,3.0,8.0,0.02,18.0,21.51,0,MC1
13.0,80.0,0.03,32.0,25.0,0.4,212.0,2331.2,0,MC1
13.0,80.0,0.04,32.0,25.0,0.42,212.0,1776.87,0,MC1
13.0,80.0,0.03,32.0,25.0,0.4,212.0,2331.2,0,MC1
13.0,80.0,0.04,32.0,25.0,0.42,212.0,1776.87,0,MC1
13.0,80.0,0.03,32.0,25.0,0.4,212.0,2331.2,0,MC1
13.0,80.0,0.04,32.0,25.0,0.42,212.0,1776.87,0,MC1
13.0,80.0,0.03,32.0,25.0,0.4,212.0,2331.2,0,MC1
13.0,80.0,0.03,32.0,25.0,0.4,212.0,2331.2,0,MC1
13.0,80.0,0.03,32.0,25.0,0.4,212.0,2331.2,0,MC1
13.0,80.0,0.04,32.0,25.0,0.42,212.0,1776.87,0,MC1
13.0,80.0,0.04,32.0,25.0,0.42,212.0,1776.87,0,MC1
13.0,80.0,0.04,32.0,25.0,0.42,212.0,1776.87,0,MC1
13.0,80.0,0.03,32.0,25.0,0.4,212.0,2331.2,0,MC1
13.0,80.0,0.03,32.0,25.0,0.4,212.0,2331.2,0,MC1
13.0,80.0,0.04,32.0,25.0,0.42,212.0,1776.87,0,MC1
13.0,80.0,0.03,32.0,25.0,0.4,212.0,2331.2,0,MC1
13.0,80.0,0.04,32.0,25.0,0.42,212.0,1776.87,0,MC1
13.0,80.0,0.03,32.0,25.0,0.4,212.0,2331.2,0,MC1
13.0,80.0,0.04,32.0,25.0,0.42,212.0,1776.87,0,MC1
13.0,80.0,0.04,32.0,25.0,0.42,212.0,1776.87,1,MC1
3.0,41.0,0.05,2.0,13.0,0.36,197.0,1172.05,1,MC1
3.0,41.0,0.05,2.0,13.0,0.36,197.0,1172.05,1,MC1
3.0,41.0,0.05,2.0,13.0,0.36,197.0,1172.05,1,MC1
3.0,41.0,0.05,2.0,13.0,0.36,197.0,1172.05,1,MC1
3.0,41.0,0.05,2.0,13.0,0.36,197.0,1172.05,1,MC1
3.0,41.0,0.05,2.0,13.0,0.36,197.0,1172.05,1,MC1
3.0,41.0,0.05,2.0,13.0,0.36,197.0,1172.05,0,MC1
3.0,41.0,0.05,2.0,13.0,0.36,197.0,1172.05,0,MC1
3.0,41.0,0.05,2.0,13.0,0.36,197.0,1172.05,1,MC1
3.0,41.0,0.05,2.0,13.0,0.36,197.0,1172.05,1,MC1
3.0,41.0,0.05,2.0,13.0,0.36,197.0,1172.05,1,MC1
3.0,41.0,0.05,2.0,13.0,0.36,197.0,1172.05,1,MC1
3.0,41.0,0.05,2.0,13.0,0.36,197.0,1172.05,1,MC1
3.0,41.0,0.05,2.0,13.0,0.36,197.0,1172.05,1,MC1
3.0,41.0,0.05,2.0,13.0,0.36,197.0,1172.05,1,MC1
3.0,41.0,0.05,2.0,13.0,0.36,197.0,1172.05,1,MC1
3.0,41.0,0.05,2.0,13.0,0.36,197.0,1172.05,1,MC1
3.0,41.0,0.05,2.0,13.0,0.36,197.0,1172.05,0,MC1
3.0,41.0,0.05,2.0,13.0,0.36,197.0,1172.05,1,MC1
3.0,41.0,0.05,2.0,13.0,0.36,197.0,1172.05,1,MC1
7.0,27.0,0.05,0.0,18.0,0.17,100.0,588.36,0,MC1
7.0,27.0,0.05,0.0,18.0,0.17,100.0,588.36,0,MC1
7.0,31.0,0.04,0.0,20.0,0.22,121.0,857.49,0,MC1
7.0,31.0,0.04,0.0,20.0,0.22,121.0,857.49,0,MC1
1.0,0.0,0.0,0.0,3.0,0.0,3.0,0.0,0,MC1
1.0,0.0,0.0,0.0,2.0,0.0,2.0,0.0,0,MC1
1.0,0.0,0.67,0.0,3.0,0.0,4.0,0.67,0,MC1
1.0,0.0,0.67,0.0,3.0,0.0,4.0,0.67,0,MC1
1.0,0.0,0.67,0.0,3.0,0.0,5.0,0.97,0,MC1
1.0,0.0,0.67,0.0,3.0,0.0,5.0,0.97,0,MC1
1.0,1.0,0.0,0.0,1.0,0.0,1.0,0.0,0,MC1
1.0,1.0,0.0,0.0,1.0,0.0,1.0,0.0,0,MC1
1.0,3.0,0.4,0.0,4.0,0.01,11.0,4.58,0,MC1
1.0,3.0,0.4,0.0,4.0,0.01,11.0,4.58,0,MC1
1.0,3.0,0.4,0.0,4.0,0.01,11.0,4.58,0,MC1
1.0,3.0,0.4,0.0,4.0,0.01,11.0,4.58,0,MC1
1.0,1.0,0.0,0.0,1.0,0.0,1.0,0.0,0,MC1
16.0,43.0,0.02,3.0,19.0,0.59,310.0,4079.37,0,MC1
1.0,11.0,0.3,0.0,6.0,0.06,41.0,34.81,0,MC1
1.0,11.0,0.24,0.0,7.0,0.07,45.0,47.41,0,MC1
1.0,11.0,0.24,0.0,7.0,0.07,45.0,47.41,0,MC1
1.0,1.0,0.0,0.0,1.0,0.0,1.0,0.0,0,MC1
1.0,7.0,0.13,0.0,9.0,0.06,43.0,78.7,0,MC1
1.0,8.0,0.67,0.0,3.0,0.04,28.0,9.33,0,MC1
1.0,8.0,0.67,0.0,3.0,0.04,28.0,9.33,0,MC1
2.0,8.0,0.29,0.0,5.0,0.04,29.0,22.03,0,MC1
2.0,5.0,0.16,0.0,8.0,0.02,18.0,23.68,0,MC1
2.0,5.0,0.16,0.0,8.0,0.02,18.0,23.68,0,MC1
2.0,5.0,0.16,0.0,8.0,0.02,18.0,23.68,0,MC1
1.0,0.0,0.67,0.0,3.0,0.0,4.0,0.67,0,MC1
1.0,0.0,0.67,0.0,3.0,0.0,5.0,0.97,0,MC1
1.0,0.0,0.67,0.0,3.0,0.0,4.0,0.67,0,MC1
1.0,0.0,0.67,0.0,3.0,0.0,4.0,0.67,0,MC1
1.0,0.0,0.67,0.0,3.0,0.0,4.0,0.67,0,MC1
1.0,0.0,0.67,0.0,3.0,0.0,4.0,0.67,0,MC1
1.0,0.0,0.67,0.0,3.0,0.0,4.0,0.67,0,MC1
1.0,0.0,0.67,0.0,3.0,0.0,4.0,0.67,0,MC1
1.0,0.0,0.67,0.0,3.0,0.0,4.0,0.67,0,MC1
1.0,0.0,0.67,0.0,3.0,0.0,4.0,0.67,0,MC1
1.0,0.0,0.5,0.0,4.0,0.01,6.0,1.72,0,MC1
1.0,0.0,0.67,0.0,3.0,0.0,5.0,0.97,0,MC1
1.0,0.0,0.67,0.0,3.0,0.0,5.0,0.97,0,MC1
1.0,0.0,0.67,0.0,3.0,0.0,4.0,0.67,0,MC1
2.0,3.0,0.5,0.0,4.0,0.01,6.0,1.72,0,MC1
1.0,0.0,0.0,0.0,1.0,0.0,1.0,0.0,0,MC1
1.0,0.0,0.0,0.0,0.0,0.0,0.0,0.0,0,MC1
1.0,0.0,0.67,0.0,3.0,0.0,4.0,0.67,0,MC1
1.0,0.0,0.67,0.0,3.0,0.0,4.0,0.67,0,MC1
1.0,0.0,0.67,0.0,3.0,0.0,4.0,0.67,0,MC1
1.0,0.0,0.67,0.0,3.0,0.0,4.0,0.67,0,MC1
1.0,0.0,0.67,0.0,3.0,0.0,4.0,0.67,0,MC1
1.0,0.0,0.33,0.0,6.0,0.01,9.0,4.75,0,MC1
1.0,0.0,0.67,0.0,3.0,0.0,4.0,0.67,0,MC1
1.0,0.0,0.67,0.0,3.0,0.0,4.0,0.67,0,MC1
1.0,0.0,0.67,0.0,3.0,0.0,4.0,0.67,0,MC1
1.0,0.0,0.0,0.0,1.0,0.0,1.0,0.0,0,MC1
1.0,0.0,0.0,0.0,1.0,0.0,1.0,0.0,0,MC1
1.0,0.0,0.0,0.0,3.0,0.0,3.0,0.0,0,MC1
1.0,0.0,0.0,0.0,2.0,0.0,2.0,0.0,0,MC1
1.0,0.0,0.67,0.0,3.0,0.0,4.0,0.67,0,MC1
1.0,0.0,0.67,0.0,3.0,0.0,4.0,0.67,0,MC1
1.0,0.0,0.67,0.0,3.0,0.0,4.0,0.67,0,MC1
1.0,0.0,0.67,0.0,3.0,0.0,5.0,0.97,0,MC1
1.0,0.0,0.0,0.0,1.0,0.0,1.0,0.0,0,MC1
1.0,7.0,0.5,0.0,3.0,0.03,25.0,9.96,0,MC1
1.0,2.0,0.13,0.0,8.0,0.02,17.0,26.14,0,MC1
1.0,2.0,0.11,0.0,9.0,0.02,19.0,35.15,0,MC1
1.0,0.0,0.67,0.0,3.0,0.0,5.0,0.97,0,MC1
1.0,0.0,0.5,0.0,4.0,0.01,11.0,3.67,0,MC1
1.0,0.0,0.67,0.0,3.0,0.0,4.0,0.67,0,MC1
1.0,0.0,0.5,0.0,4.0,0.01,11.0,3.67,0,MC1
1.0,0.0,0.67,0.0,3.0,0.0,4.0,0.67,0,MC1
1.0,0.0,0.67,0.0,3.0,0.0,4.0,0.67,0,MC1
1.0,0.0,0.5,0.0,4.0,0.01,11.0,3.67,0,MC1
1.0,0.0,0.67,0.0,3.0,0.0,4.0,0.67,0,MC1
1.0,0.0,0.67,0.0,3.0,0.0,5.0,0.97,0,MC1
1.0,0.0,0.67,0.0,3.0,0.0,5.0,0.97,0,MC1
1.0,0.0,0.67,0.0,3.0,0.01,9.0,2.11,0,MC1
1.0,0.0,0.67,0.0,3.0,0.0,5.0,0.97,0,MC1
1.0,0.0,0.67,0.0,3.0,0.01,9.0,2.11,0,MC1
1.0,0.0,0.67,0.0,3.0,0.0,5.0,0.97,0,MC1
1.0,0.0,0.67,0.0,3.0,0.0,5.0,0.97,0,MC1
1.0,0.0,0.4,0.0,5.0,0.01,7.0,2.73,0,MC1
1.0,0.0,0.67,0.0,3.0,0.0,4.0,0.67,0,MC1
1.0,0.0,0.67,0.0,3.0,0.0,4.0,0.67,0,MC1
1.0,0.0,0.67,0.0,3.0,0.0,4.0,0.67,0,MC1
1.0,0.0,0.67,0.0,3.0,0.0,4.0,0.67,0,MC1
1.0,0.0,0.67,0.0,3.0,0.0,4.0,0.67,0,MC1
1.0,0.0,0.67,0.0,3.0,0.0,4.0,0.67,0,MC1
1.0,0.0,0.67,0.0,3.0,0.0,4.0,0.67,0,MC1
1.0,0.0,0.67,0.0,3.0,0.0,4.0,0.67,0,MC1
1.0,0.0,0.67,0.0,3.0,0.0,4.0,0.67,0,MC1
1.0,0.0,0.67,0.0,3.0,0.0,4.0,0.67,0,MC1
1.0,0.0,0.4,0.0,5.0,0.01,6.0,2.15,0,MC1
1.0,0.0,0.67,0.0,3.0,0.0,4.0,0.67,0,MC1
1.0,0.0,0.67,0.0,3.0,0.0,4.0,0.67,0,MC1
1.0,0.0,0.67,0.0,3.0,0.0,4.0,0.67,0,MC1
1.0,0.0,0.67,0.0,3.0,0.0,4.0,0.67,0,MC1
1.0,0.0,0.67,0.0,3.0,0.0,4.0,0.67,0,MC1
1.0,0.0,0.67,0.0,3.0,0.0,4.0,0.67,0,MC1
1.0,0.0,0.67,0.0,3.0,0.0,4.0,0.67,0,MC1
1.0,0.0,0.67,0.0,3.0,0.0,4.0,0.67,0,MC1
1.0,0.0,0.67,0.0,3.0,0.0,4.0,0.67,0,MC1
1.0,0.0,0.67,0.0,3.0,0.0,4.0,0.67,0,MC1
1.0,0.0,0.4,0.0,5.0,0.01,7.0,2.73,0,MC1
1.0,0.0,0.67,0.0,3.0,0.0,4.0,0.67,0,MC1
1.0,0.0,0.4,0.0,5.0,0.01,7.0,2.73,0,MC1
1.0,0.0,0.0,0.0,3.0,0.0,3.0,0.0,0,MC1
1.0,0.0,0.67,0.0,3.0,0.0,5.0,0.97,0,MC1
1.0,0.0,0.67,0.0,3.0,0.0,5.0,0.97,0,MC1
1.0,0.0,0.67,0.0,3.0,0.0,5.0,0.97,0,MC1
1.0,0.0,0.67,0.0,3.0,0.0,5.0,0.97,0,MC1
1.0,0.0,0.67,0.0,3.0,0.0,5.0,0.97,0,MC1
1.0,0.0,0.67,0.0,3.0,0.0,5.0,0.97,0,MC1
1.0,0.0,0.67,0.0,3.0,0.0,5.0,0.97,0,MC1
1.0,0.0,0.5,0.0,4.0,0.0,5.0,1.29,0,MC1
3.0,5.0,0.27,0.0,6.0,0.01,13.0,9.0,0,MC1
1.0,0.0,0.0,0.0,1.0,0.0,1.0,0.0,0,MC1
1.0,0.0,0.0,0.0,0.0,0.0,0.0,0.0,0,MC1
1.0,0.0,0.67,0.0,3.0,0.0,4.0,0.67,0,MC1
1.0,0.0,0.67,0.0,3.0,0.0,4.0,0.67,0,MC1
1.0,0.0,0.67,0.0,3.0,0.0,4.0,0.67,0,MC1
1.0,0.0,0.67,0.0,3.0,0.0,4.0,0.67,0,MC1
1.0,0.0,0.67,0.0,3.0,0.0,4.0,0.67,0,MC1
1.0,0.0,0.33,0.0,6.0,0.01,9.0,4.75,0,MC1
1.0,0.0,0.67,0.0,3.0,0.0,4.0,0.67,0,MC1
1.0,0.0,0.67,0.0,3.0,0.0,4.0,0.67,0,MC1
1.0,0.0,0.67,0.0,3.0,0.0,4.0,0.67,0,MC1
1.0,0.0,0.0,0.0,1.0,0.0,1.0,0.0,0,MC1
1.0,0.0,0.0,0.0,1.0,0.0,1.0,0.0,0,MC1
1.0,0.0,0.0,0.0,3.0,0.0,3.0,0.0,0,MC1
1.0,0.0,0.0,0.0,2.0,0.0,2.0,0.0,0,MC1
1.0,0.0,0.67,0.0,3.0,0.0,4.0,0.67,0,MC1
1.0,0.0,0.67,0.0,3.0,0.0,4.0,0.67,0,MC1
1.0,0.0,0.67,0.0,3.0,0.0,4.0,0.67,0,MC1
1.0,0.0,0.67,0.0,3.0,0.0,5.0,0.97,0,MC1
1.0,0.0,0.0,0.0,1.0,0.0,1.0,0.0,0,MC1
1.0,10.0,0.33,2.0,4.0,0.06,45.0,31.27,0,MC1
1.0,0.0,0.67,0.0,3.0,0.0,5.0,0.97,0,MC1
1.0,0.0,0.5,0.0,4.0,0.01,11.0,3.67,0,MC1
1.0,0.0,0.67,0.0,3.0,0.0,4.0,0.67,0,MC1
1.0,0.0,0.5,0.0,4.0,0.01,11.0,3.67,0,MC1
1.0,0.0,0.67,0.0,3.0,0.0,4.0,0.67,0,MC1
1.0,0.0,0.67,0.0,3.0,0.0,4.0,0.67,0,MC1
1.0,0.0,0.5,0.0,4.0,0.01,11.0,3.67,0,MC1
1.0,0.0,0.67,0.0,3.0,0.0,4.0,0.67,0,MC1
1.0,0.0,0.67,0.0,3.0,0.0,5.0,0.97,0,MC1
1.0,0.0,0.67,0.0,3.0,0.0,5.0,0.97,0,MC1
1.0,0.0,0.67,0.0,3.0,0.01,9.0,2.11,0,MC1
1.0,0.0,0.67,0.0,3.0,0.0,5.0,0.97,0,MC1
1.0,0.0,0.67,0.0,3.0,0.01,9.0,2.11,0,MC1
1.0,0.0,0.67,0.0,3.0,0.0,5.0,0.97,0,MC1
1.0,2.0,0.13,0.0,8.0,0.02,17.0,26.14,0,MC1
1.0,2.0,0.11,0.0,9.0,0.02,19.0,35.15,0,MC1
1.0,0.0,0.67,0.0,3.0,0.0,5.0,0.97,0,MC1
1.0,0.0,0.4,0.0,5.0,0.01,7.0,2.73,0,MC1
1.0,0.0,0.67,0.0,3.0,0.0,4.0,0.67,0,MC1
1.0,0.0,0.67,0.0,3.0,0.0,4.0,0.67,0,MC1
1.0,0.0,0.67,0.0,3.0,0.0,4.0,0.67,0,MC1
1.0,0.0,0.67,0.0,3.0,0.0,4.0,0.67,0,MC1
1.0,0.0,0.67,0.0,3.0,0.0,4.0,0.67,0,MC1
1.0,0.0,0.67,0.0,3.0,0.0,4.0,0.67,0,MC1
1.0,0.0,0.67,0.0,3.0,0.0,4.0,0.67,0,MC1
1.0,0.0,0.67,0.0,3.0,0.0,4.0,0.67,0,MC1
1.0,0.0,0.67,0.0,3.0,0.0,4.0,0.67,0,MC1
1.0,0.0,0.67,0.0,3.0,0.0,4.0,0.67,0,MC1
1.0,0.0,0.4,0.0,5.0,0.01,6.0,2.15,0,MC1
1.0,0.0,0.67,0.0,3.0,0.0,4.0,0.67,0,MC1
1.0,0.0,0.67,0.0,3.0,0.0,4.0,0.67,0,MC1
1.0,0.0,0.67,0.0,3.0,0.0,4.0,0.67,0,MC1
1.0,0.0,0.67,0.0,3.0,0.0,4.0,0.67,0,MC1
1.0,0.0,0.67,0.0,3.0,0.0,4.0,0.67,0,MC1
1.0,0.0,0.67,0.0,3.0,0.0,4.0,0.67,0,MC1
1.0,0.0,0.67,0.0,3.0,0.0,4.0,0.67,0,MC1
1.0,0.0,0.67,0.0,3.0,0.0,4.0,0.67,0,MC1
1.0,0.0,0.67,0.0,3.0,0.0,4.0,0.67,0,MC1
1.0,0.0,0.4,0.0,5.0,0.01,7.0,2.73,0,MC1
1.0,0.0,0.67,0.0,3.0,0.0,4.0,0.67,0,MC1
1.0,0.0,0.4,0.0,5.0,0.01,7.0,2.73,0,MC1
1.0,0.0,0.0,0.0,3.0,0.0,3.0,0.0,0,MC1
1.0,0.0,0.67,0.0,3.0,0.0,5.0,0.97,0,MC1
1.0,0.0,0.67,0.0,3.0,0.0,5.0,0.97,0,MC1
1.0,3.0,0.67,0.0,3.0,0.01,9.0,2.11,0,MC1
1.0,0.0,0.67,0.0,3.0,0.0,5.0,0.97,0,MC1
1.0,0.0,0.67,0.0,3.0,0.0,5.0,0.97,0,MC1
1.0,0.0,0.67,0.0,3.0,0.0,5.0,0.97,0,MC1
1.0,0.0,0.67,0.0,3.0,0.0,5.0,0.97,0,MC1
1.0,0.0,0.67,0.0,3.0,0.0,5.0,0.97,0,MC1
1.0,0.0,0.5,0.0,4.0,0.0,5.0,1.29,0,MC1
1.0,2.0,0.67,0.0,3.0,0.0,4.0,0.67,0,MC1
1.0,2.0,0.67,0.0,3.0,0.0,4.0,0.67,0,MC1
1.0,0.0,0.0,0.0,3.0,0.0,3.0,0.0,0,MC1
1.0,0.0,0.0,0.0,2.0,0.0,2.0,0.0,0,MC1
1.0,0.0,0.67,0.0,3.0,0.0,4.0,0.67,0,MC1
1.0,0.0,0.67,0.0,3.0,0.0,4.0,0.67,0,MC1
1.0,0.0,0.0,0.0,1.0,0.0,1.0,0.0,0,MC1
1.0,15.0,0.11,0.0,8.0,0.13,83.0,191.46,0,MC1
1.0,15.0,0.11,0.0,8.0,0.13,83.0,191.46,0,MC1
1.0,2.0,0.13,0.0,8.0,0.02,17.0,26.14,0,MC1
1.0,2.0,0.11,0.0,9.0,0.02,19.0,35.15,0,MC1
1.0,0.0,0.67,0.0,3.0,0.0,5.0,0.97,0,MC1
1.0,0.0,0.67,0.0,3.0,0.0,5.0,0.97,0,MC1
1.0,0.0,0.67,0.0,3.0,0.0,4.0,0.67,0,MC1
1.0,0.0,0.67,0.0,3.0,0.0,4.0,0.67,0,MC1
1.0,0.0,0.67,0.0,3.0,0.0,4.0,0.67,0,MC1
1.0,0.0,0.67,0.0,3.0,0.0,4.0,0.67,0,MC1
1.0,0.0,0.67,0.0,3.0,0.0,4.0,0.67,0,MC1
1.0,0.0,0.67,0.0,3.0,0.0,4.0,0.67,0,MC1
1.0,0.0,0.67,0.0,3.0,0.0,4.0,0.67,0,MC1
1.0,0.0,0.67,0.0,3.0,0.0,4.0,0.67,0,MC1
1.0,0.0,0.67,0.0,3.0,0.0,4.0,0.67,0,MC1
1.0,0.0,0.67,0.0,3.0,0.0,4.0,0.67,0,MC1
1.0,0.0,0.67,0.0,3.0,0.0,4.0,0.67,0,MC1
1.0,0.0,0.67,0.0,3.0,0.0,4.0,0.67,0,MC1
1.0,0.0,0.67,0.0,3.0,0.0,4.0,0.67,0,MC1
1.0,0.0,0.67,0.0,3.0,0.0,4.0,0.67,0,MC1
1.0,0.0,0.67,0.0,3.0,0.0,4.0,0.67,0,MC1
1.0,0.0,0.67,0.0,3.0,0.0,4.0,0.67,0,MC1
1.0,0.0,0.67,0.0,3.0,0.0,4.0,0.67,0,MC1
1.0,0.0,0.67,0.0,3.0,0.0,5.0,0.97,0,MC1
1.0,0.0,0.67,0.0,3.0,0.0,4.0,0.67,0,MC1
1.0,0.0,0.4,0.0,5.0,0.01,7.0,2.73,0,MC1
1.0,0.0,0.0,0.0,3.0,0.0,3.0,0.0,0,MC1
1.0,0.0,0.67,0.0,3.0,0.0,5.0,0.97,0,MC1
1.0,0.0,0.67,0.0,3.0,0.0,5.0,0.97,0,MC1
1.0,0.0,0.67,0.0,3.0,0.0,5.0,0.97,0,MC1
1.0,0.0,0.67,0.0,3.0,0.0,5.0,0.97,0,MC1
1.0,0.0,0.67,0.0,3.0,0.0,5.0,0.97,0,MC1
1.0,0.0,0.67,0.0,3.0,0.0,5.0,0.97,0,MC1
1.0,0.0,0.67,0.0,3.0,0.0,5.0,0.97,0,MC1
1.0,0.0,0.67,0.0,3.0,0.0,4.0,0.67,0,MC1
1.0,2.0,0.67,0.0,3.0,0.0,4.0,0.67,0,MC1
1.0,2.0,0.67,0.0,3.0,0.0,4.0,0.67,0,MC1
1.0,0.0,0.0,0.0,3.0,0.0,3.0,0.0,0,MC1
1.0,0.0,0.0,0.0,2.0,0.0,2.0,0.0,0,MC1
1.0,0.0,0.67,0.0,3.0,0.0,4.0,0.67,0,MC1
1.0,0.0,0.67,0.0,3.0,0.0,4.0,0.67,0,MC1
1.0,0.0,0.0,0.0,1.0,0.0,1.0,0.0,0,MC1
1.0,2.0,0.67,0.0,3.0,0.0,5.0,0.97,0,MC1
1.0,2.0,0.67,0.0,3.0,0.0,5.0,0.97,0,MC1
1.0,2.0,0.13,0.0,8.0,0.02,17.0,26.14,0,MC1
1.0,2.0,0.11,0.0,9.0,0.02,19.0,35.15,0,MC1
1.0,0.0,0.67,0.0,3.0,0.0,5.0,0.97,0,MC1
1.0,0.0,0.67,0.0,3.0,0.0,5.0,0.97,0,MC1
1.0,0.0,0.67,0.0,3.0,0.0,4.0,0.67,0,MC1
1.0,0.0,0.67,0.0,3.0,0.0,4.0,0.67,0,MC1
1.0,0.0,0.67,0.0,3.0,0.0,4.0,0.67,0,MC1
1.0,0.0,0.67,0.0,3.0,0.0,4.0,0.67,0,MC1
1.0,0.0,0.67,0.0,3.0,0.0,4.0,0.67,0,MC1
1.0,0.0,0.67,0.0,3.0,0.0,4.0,0.67,0,MC1
1.0,0.0,0.67,0.0,3.0,0.0,4.0,0.67,0,MC1
1.0,0.0,0.67,0.0,3.0,0.0,4.0,0.67,0,MC1
1.0,0.0,0.67,0.0,3.0,0.0,4.0,0.67,0,MC1
1.0,0.0,0.67,0.0,3.0,0.0,4.0,0.67,0,MC1
1.0,0.0,0.67,0.0,3.0,0.0,4.0,0.67,0,MC1
1.0,0.0,0.67,0.0,3.0,0.0,4.0,0.67,0,MC1
1.0,0.0,0.67,0.0,3.0,0.0,4.0,0.67,0,MC1
1.0,0.0,0.67,0.0,3.0,0.0,4.0,0.67,0,MC1
1.0,0.0,0.67,0.0,3.0,0.0,5.0,0.97,0,MC1
1.0,0.0,0.67,0.0,3.0,0.0,4.0,0.67,0,MC1
1.0,0.0,0.4,0.0,5.0,0.01,7.0,2.73,0,MC1
1.0,0.0,0.0,0.0,3.0,0.0,3.0,0.0,0,MC1
1.0,0.0,0.67,0.0,3.0,0.0,5.0,0.97,0,MC1
1.0,0.0,0.67,0.0,3.0,0.0,5.0,0.97,0,MC1
1.0,0.0,0.67,0.0,3.0,0.0,5.0,0.97,0,MC1
1.0,0.0,0.67,0.0,3.0,0.0,5.0,0.97,0,MC1
1.0,0.0,0.67,0.0,3.0,0.0,5.0,0.97,0,MC1
1.0,0.0,0.67,0.0,3.0,0.0,5.0,0.97,0,MC1
1.0,0.0,0.67,0.0,3.0,0.0,5.0,0.97,0,MC1
1.0,0.0,0.67,0.0,3.0,0.0,4.0,0.67,0,MC1
3.0,9.0,0.14,0.0,7.0,0.04,31.0,45.9,0,MC1
3.0,9.0,0.14,0.0,7.0,0.04,31.0,45.9,0,MC1
1.0,0.0,0.0,0.0,1.0,0.0,1.0,0.0,0,MC1
1.0,0.0,0.0,0.0,1.0,0.0,1.0,0.0,0,MC1
1.0,0.0,0.0,0.0,0.0,0.0,0.0,0.0,0,MC1
1.0,0.0,0.0,0.0,0.0,0.0,0.0,0.0,0,MC1
1.0,0.0,0.67,0.0,3.0,0.0,4.0,0.67,0,MC1
1.0,0.0,0.67,0.0,3.0,0.0,4.0,0.67,0,MC1
1.0,0.0,0.67,0.0,3.0,0.0,4.0,0.67,0,MC1
1.0,0.0,0.67,0.0,3.0,0.0,4.0,0.67,0,MC1
1.0,0.0,0.67,0.0,3.0,0.0,4.0,0.67,0,MC1
1.0,0.0,0.67,0.0,3.0,0.0,4.0,0.67,0,MC1
1.0,0.0,0.67,0.0,3.0,0.0,4.0,0.67,0,MC1
1.0,0.0,0.67,0.0,3.0,0.0,4.0,0.67,0,MC1
1.0,0.0,0.67,0.0,3.0,0.0,4.0,0.67,0,MC1
1.0,0.0,0.67,0.0,3.0,0.0,4.0,0.67,0,MC1
1.0,0.0,0.33,0.0,6.0,0.01,9.0,4.75,0,MC1
1.0,0.0,0.33,0.0,6.0,0.01,9.0,4.75,0,MC1
1.0,0.0,0.67,0.0,3.0,0.0,4.0,0.67,0,MC1
1.0,0.0,0.67,0.0,3.0,0.0,4.0,0.67,0,MC1
1.0,0.0,0.67,0.0,3.0,0.0,4.0,0.67,0,MC1
1.0,0.0,0.67,0.0,3.0,0.0,4.0,0.67,0,MC1
1.0,0.0,0.67,0.0,3.0,0.0,4.0,0.67,0,MC1
1.0,0.0,0.67,0.0,3.0,0.0,4.0,0.67,0,MC1
1.0,0.0,0.0,0.0,1.0,0.0,1.0,0.0,0,MC1
1.0,0.0,0.0,0.0,1.0,0.0,1.0,0.0,0,MC1
1.0,0.0,0.0,0.0,1.0,0.0,1.0,0.0,0,MC1
1.0,0.0,0.0,0.0,1.0,0.0,1.0,0.0,0,MC1
1.0,0.0,0.0,0.0,3.0,0.0,3.0,0.0,0,MC1
1.0,0.0,0.0,0.0,2.0,0.0,2.0,0.0,0,MC1
1.0,0.0,0.67,0.0,3.0,0.0,4.0,0.67,0,MC1
1.0,0.0,0.67,0.0,3.0,0.0,4.0,0.67,0,MC1
1.0,0.0,0.67,0.0,3.0,0.0,4.0,0.67,0,MC1
1.0,0.0,0.67,0.0,3.0,0.0,5.0,0.97,0,MC1
1.0,0.0,0.0,0.0,1.0,0.0,1.0,0.0,0,MC1
1.0,0.0,0.67,0.0,3.0,0.0,5.0,0.97,0,MC1
2.0,6.0,0.19,0.0,7.0,0.03,25.0,28.49,0,MC1
2.0,6.0,0.19,0.0,7.0,0.03,25.0,28.49,0,MC1
1.0,2.0,0.13,0.0,8.0,0.02,17.0,26.14,0,MC1
1.0,2.0,0.11,0.0,9.0,0.02,19.0,35.15,0,MC1
1.0,0.0,0.67,0.0,3.0,0.0,4.0,0.67,0,MC1
1.0,0.0,0.67,0.0,3.0,0.0,5.0,0.97,0,MC1
1.0,0.0,0.67,0.0,3.0,0.0,5.0,0.97,0,MC1
1.0,0.0,0.67,0.0,3.0,0.0,5.0,0.97,0,MC1
1.0,0.0,0.67,0.0,3.0,0.0,5.0,0.97,0,MC1
1.0,0.0,0.67,0.0,3.0,0.0,4.0,0.67,0,MC1
1.0,0.0,0.67,0.0,3.0,0.0,4.0,0.67,0,MC1
1.0,0.0,0.67,0.0,3.0,0.0,4.0,0.67,0,MC1
1.0,0.0,0.67,0.0,3.0,0.0,4.0,0.67,0,MC1
1.0,0.0,0.67,0.0,3.0,0.0,4.0,0.67,0,MC1
1.0,0.0,0.67,0.0,3.0,0.0,4.0,0.67,0,MC1
1.0,0.0,0.67,0.0,3.0,0.0,4.0,0.67,0,MC1
1.0,0.0,0.67,0.0,3.0,0.0,4.0,0.67,0,MC1
1.0,0.0,0.67,0.0,3.0,0.0,4.0,0.67,0,MC1
1.0,0.0,0.67,0.0,3.0,0.0,4.0,0.67,0,MC1
1.0,0.0,0.67,0.0,3.0,0.0,4.0,0.67,0,MC1
1.0,0.0,0.67,0.0,3.0,0.0,4.0,0.67,0,MC1
1.0,0.0,0.67,0.0,3.0,0.0,4.0,0.67,0,MC1
1.0,0.0,0.67,0.0,3.0,0.0,4.0,0.67,0,MC1
1.0,0.0,0.67,0.0,3.0,0.0,4.0,0.67,0,MC1
1.0,0.0,0.5,0.0,4.0,0.0,5.0,1.29,0,MC1
1.0,0.0,0.67,0.0,3.0,0.0,4.0,0.67,0,MC1
1.0,0.0,0.67,0.0,3.0,0.0,4.0,0.67,0,MC1
1.0,0.0,0.67,0.0,3.0,0.0,4.0,0.67,0,MC1
1.0,0.0,0.67,0.0,3.0,0.0,4.0,0.67,0,MC1
1.0,0.0,0.67,0.0,3.0,0.0,4.0,0.67,0,MC1
1.0,0.0,0.67,0.0,3.0,0.0,4.0,0.67,0,MC1
1.0,0.0,0.67,0.0,3.0,0.0,5.0,0.97,0,MC1
1.0,0.0,0.67,0.0,3.0,0.0,4.0,0.67,0,MC1
1.0,0.0,0.4,0.0,5.0,0.01,7.0,2.73,0,MC1
1.0,0.0,0.0,0.0,3.0,0.0,3.0,0.0,0,MC1
1.0,15.0,0.15,0.0,11.0,0.07,45.0,77.56,0,MC1
1.0,15.0,0.15,0.0,11.0,0.07,45.0,77.56,0,MC1
1.0,0.0,0.67,0.0,3.0,0.0,5.0,0.97,0,MC1
1.0,0.0,1.0,0.0,2.0,0.0,3.0,0.26,0,MC1
1.0,0.0,0.67,0.0,3.0,0.0,5.0,0.97,0,MC1
1.0,0.0,0.67,0.0,3.0,0.0,5.0,0.97,0,MC1
1.0,0.0,0.67,0.0,3.0,0.0,5.0,0.97,0,MC1
3.0,8.0,0.13,0.0,10.0,0.05,32.0,58.74,0,MC1
3.0,8.0,0.13,0.0,10.0,0.05,32.0,58.74,0,MC1
1.0,0.0,0.67,0.0,3.0,0.0,5.0,0.97,0,MC1
1.0,0.0,0.67,0.0,3.0,0.0,5.0,0.97,0,MC1
1.0,0.0,0.67,0.0,3.0,0.0,5.0,0.97,0,MC1
1.0,0.0,0.67,0.0,3.0,0.0,4.0,0.67,0,MC1
1.0,2.0,0.67,0.0,3.0,0.0,4.0,0.67,0,MC1
1.0,2.0,0.67,0.0,3.0,0.0,4.0,0.67,0,MC1
1.0,0.0,0.0,0.0,3.0,0.0,3.0,0.0,0,MC1
1.0,0.0,0.0,0.0,2.0,0.0,2.0,0.0,0,MC1
1.0,0.0,0.67,0.0,3.0,0.0,4.0,0.67,0,MC1
1.0,0.0,0.67,0.0,3.0,0.0,4.0,0.67,0,MC1
1.0,0.0,0.0,0.0,1.0,0.0,1.0,0.0,0,MC1
1.0,15.0,0.13,0.0,8.0,0.13,83.0,175.4,0,MC1
1.0,15.0,0.13,0.0,8.0,0.13,83.0,175.4,0,MC1
1.0,2.0,0.13,0.0,8.0,0.02,17.0,26.14,0,MC1
1.0,2.0,0.11,0.0,9.0,0.02,19.0,35.15,0,MC1
1.0,0.0,0.67,0.0,3.0,0.0,5.0,0.97,0,MC1
1.0,0.0,0.67,0.0,3.0,0.0,5.0,0.97,0,MC1
1.0,0.0,0.67,0.0,3.0,0.0,4.0,0.67,0,MC1
1.0,0.0,0.67,0.0,3.0,0.0,4.0,0.67,0,MC1
1.0,0.0,0.67,0.0,3.0,0.0,4.0,0.67,0,MC1
1.0,0.0,0.67,0.0,3.0,0.0,4.0,0.67,0,MC1
1.0,0.0,0.67,0.0,3.0,0.0,4.0,0.67,0,MC1
1.0,0.0,0.67,0.0,3.0,0.0,4.0,0.67,0,MC1
1.0,0.0,0.67,0.0,3.0,0.0,4.0,0.67,0,MC1
1.0,0.0,0.67,0.0,3.0,0.0,4.0,0.67,0,MC1
1.0,0.0,0.67,0.0,3.0,0.0,4.0,0.67,0,MC1
1.0,0.0,0.67,0.0,3.0,0.0,4.0,0.67,0,MC1
1.0,0.0,0.67,0.0,3.0,0.0,4.0,0.67,0,MC1
1.0,0.0,0.67,0.0,3.0,0.0,4.0,0.67,0,MC1
1.0,0.0,0.67,0.0,3.0,0.0,4.0,0.67,0,MC1
1.0,0.0,0.67,0.0,3.0,0.0,4.0,0.67,0,MC1
1.0,0.0,0.67,0.0,3.0,0.0,5.0,0.97,0,MC1
1.0,0.0,0.67,0.0,3.0,0.0,4.0,0.67,0,MC1
1.0,0.0,0.4,0.0,5.0,0.01,7.0,2.73,0,MC1
1.0,0.0,0.0,0.0,3.0,0.0,3.0,0.0,0,MC1
1.0,0.0,0.67,0.0,3.0,0.0,5.0,0.97,0,MC1
1.0,0.0,0.67,0.0,3.0,0.0,5.0,0.97,0,MC1
1.0,0.0,0.67,0.0,3.0,0.0,5.0,0.97,0,MC1
1.0,0.0,0.67,0.0,3.0,0.0,5.0,0.97,0,MC1
1.0,0.0,0.67,0.0,3.0,0.0,5.0,0.97,0,MC1
1.0,0.0,0.67,0.0,3.0,0.0,5.0,0.97,0,MC1
1.0,0.0,0.67,0.0,3.0,0.0,5.0,0.97,0,MC1
1.0,0.0,0.67,0.0,3.0,0.0,4.0,0.67,0,MC1
1.0,0.0,0.0,0.0,3.0,0.0,3.0,0.0,0,MC1
1.0,0.0,0.0,0.0,2.0,0.0,2.0,0.0,0,MC1
1.0,0.0,0.67,0.0,3.0,0.0,4.0,0.67,0,MC1
1.0,0.0,0.67,0.0,3.0,0.0,4.0,0.67,0,MC1
1.0,0.0,0.67,0.0,3.0,0.0,4.0,0.67,0,MC1
1.0,0.0,0.67,0.0,3.0,0.0,5.0,0.97,0,MC1
1.0,0.0,0.0,0.0,1.0,0.0,1.0,0.0,0,MC1
1.0,17.0,0.11,0.0,14.0,0.07,44.0,107.24,0,MC1
1.0,17.0,0.11,0.0,14.0,0.07,44.0,107.24,0,MC1
1.0,2.0,0.13,0.0,8.0,0.02,17.0,26.14,0,MC1
1.0,2.0,0.11,0.0,9.0,0.02,19.0,35.15,0,MC1
1.0,0.0,0.67,0.0,3.0,0.0,4.0,0.67,0,MC1
1.0,0.0,0.67,0.0,3.0,0.0,5.0,0.97,0,MC1
1.0,0.0,0.67,0.0,3.0,0.0,5.0,0.97,0,MC1
1.0,0.0,0.67,0.0,3.0,0.0,4.0,0.67,0,MC1
1.0,0.0,0.67,0.0,3.0,0.0,4.0,0.67,0,MC1
1.0,0.0,0.67,0.0,3.0,0.0,4.0,0.67,0,MC1
1.0,0.0,0.67,0.0,3.0,0.0,4.0,0.67,0,MC1
1.0,0.0,0.67,0.0,3.0,0.0,4.0,0.67,0,MC1
1.0,0.0,0.67,0.0,3.0,0.0,4.0,0.67,0,MC1
1.0,0.0,0.67,0.0,3.0,0.0,4.0,0.67,0,MC1
1.0,0.0,0.5,0.0,4.0,0.0,5.0,1.29,0,MC1
1.0,0.0,0.67,0.0,3.0,0.0,4.0,0.67,0,MC1
1.0,0.0,0.67,0.0,3.0,0.0,4.0,0.67,0,MC1
1.0,6.0,0.22,0.0,6.0,0.02,20.0,17.92,0,MC1
1.0,6.0,0.22,0.0,6.0,0.02,20.0,17.92,0,MC1
1.0,0.0,0.67,0.0,3.0,0.0,4.0,0.67,0,MC1
1.0,0.0,0.67,0.0,3.0,0.0,4.0,0.67,0,MC1
1.0,0.0,0.67,0.0,3.0,0.0,4.0,0.67,0,MC1
1.0,0.0,0.67,0.0,3.0,0.0,5.0,0.97,0,MC1
1.0,0.0,0.67,0.0,3.0,0.0,4.0,0.67,0,MC1
1.0,0.0,0.4,0.0,5.0,0.01,7.0,2.73,0,MC1
1.0,0.0,0.0,0.0,3.0,0.0,3.0,0.0,0,MC1
1.0,0.0,0.67,0.0,3.0,0.0,5.0,0.97,0,MC1
1.0,0.0,1.0,0.0,2.0,0.0,3.0,0.26,0,MC1
1.0,0.0,0.67,0.0,3.0,0.0,5.0,0.97,0,MC1
1.0,0.0,0.67,0.0,3.0,0.0,5.0,0.97,0,MC1
1.0,0.0,0.67,0.0,3.0,0.0,5.0,0.97,0,MC1
1.0,0.0,0.67,0.0,3.0,0.0,5.0,0.97,0,MC1
1.0,0.0,0.67,0.0,3.0,0.0,5.0,0.97,0,MC1
1.0,0.0,0.67,0.0,3.0,0.0,5.0,0.97,0,MC1
1.0,0.0,0.67,0.0,3.0,0.0,5.0,0.97,0,MC1
1.0,0.0,0.67,0.0,3.0,0.0,4.0,0.67,0,MC1
2.0,7.0,0.1,0.0,11.0,0.05,32.0,72.69,0,MC1
2.0,7.0,0.1,0.0,11.0,0.05,32.0,72.69,0,MC1
2.0,7.0,0.11,0.0,11.0,0.05,36.0,79.24,0,MC1
1.0,2.0,0.4,0.0,5.0,0.01,6.0,2.15,0,MC1
1.0,0.0,0.4,0.0,5.0,0.01,6.0,2.15,0,MC1
1.0,0.0,0.4,0.0,5.0,0.01,6.0,2.15,0,MC1
2.0,0.0,0.0,0.0,0.0,0.0,0.0,0.0,0,MC1
2.0,0.0,0.0,0.0,0.0,0.0,0.0,0.0,0,MC1
2.0,0.0,0.0,0.0,0.0,0.0,0.0,0.0,0,MC1
2.0,0.0,0.0,0.0,0.0,0.0,0.0,0.0,0,MC1
2.0,0.0,0.0,0.0,0.0,0.0,0.0,0.0,0,MC1
2.0,0.0,0.0,0.0,0.0,0.0,0.0,0.0,0,MC1
2.0,0.0,0.0,0.0,0.0,0.0,0.0,0.0,0,MC1
2.0,0.0,0.0,0.0,0.0,0.0,0.0,0.0,0,MC1
2.0,0.0,0.0,0.0,0.0,0.0,0.0,0.0,0,MC1
2.0,0.0,0.0,0.0,0.0,0.0,0.0,0.0,0,MC1
2.0,0.0,0.0,0.0,0.0,0.0,0.0,0.0,0,MC1
2.0,0.0,0.0,0.0,0.0,0.0,0.0,0.0,0,MC1
2.0,0.0,0.0,0.0,0.0,0.0,0.0,0.0,0,MC1
2.0,0.0,0.0,0.0,0.0,0.0,0.0,0.0,0,MC1
2.0,0.0,0.0,0.0,0.0,0.0,0.0,0.0,0,MC1
2.0,0.0,0.0,0.0,0.0,0.0,0.0,0.0,0,MC1
2.0,0.0,0.0,0.0,0.0,0.0,0.0,0.0,0,MC1
2.0,0.0,0.0,0.0,0.0,0.0,0.0,0.0,0,MC1
2.0,0.0,0.0,0.0,0.0,0.0,0.0,0.0,0,MC1
2.0,0.0,0.0,0.0,0.0,0.0,0.0,0.0,0,MC1
4.0,24.0,0.05,1.0,10.0,0.17,113.0,606.57,0,MC1
4.0,24.0,0.05,1.0,10.0,0.17,113.0,606.57,0,MC1
4.0,24.0,0.05,1.0,10.0,0.17,113.0,567.96,0,MC1
4.0,24.0,0.05,1.0,10.0,0.17,113.0,606.57,0,MC1
4.0,24.0,0.05,1.0,10.0,0.17,113.0,567.96,0,MC1
4.0,24.0,0.05,1.0,10.0,0.17,113.0,606.57,0,MC1
4.0,24.0,0.05,1.0,10.0,0.17,113.0,567.96,0,MC1
4.0,24.0,0.05,1.0,10.0,0.17,113.0,606.57,0,MC1
4.0,24.0,0.05,1.0,10.0,0.17,113.0,567.96,0,MC1
4.0,24.0,0.05,1.0,10.0,0.17,113.0,606.57,0,MC1
4.0,24.0,0.05,1.0,10.0,0.17,113.0,567.96,0,MC1
4.0,24.0,0.05,1.0,10.0,0.17,113.0,606.57,0,MC1
4.0,24.0,0.05,1.0,10.0,0.17,113.0,567.96,0,MC1
4.0,24.0,0.05,1.0,10.0,0.17,113.0,606.57,0,MC1
4.0,24.0,0.05,1.0,10.0,0.17,113.0,567.96,0,MC1
4.0,24.0,0.05,1.0,10.0,0.17,113.0,606.57,0,MC1
4.0,24.0,0.05,1.0,10.0,0.17,113.0,567.96,0,MC1
4.0,24.0,0.05,1.0,10.0,0.17,113.0,606.57,0,MC1
4.0,24.0,0.05,1.0,10.0,0.17,113.0,567.96,0,MC1
4.0,24.0,0.05,1.0,10.0,0.17,113.0,567.96,0,MC1
3.0,13.0,0.12,6.0,9.0,0.05,39.0,74.72,0,MC1
3.0,13.0,0.12,6.0,9.0,0.05,39.0,74.72,0,MC1
3.0,13.0,0.12,6.0,9.0,0.05,39.0,74.72,0,MC1
3.0,13.0,0.12,6.0,9.0,0.05,39.0,74.72,0,MC1
3.0,13.0,0.12,6.0,9.0,0.05,39.0,74.72,0,MC1
3.0,13.0,0.12,6.0,9.0,0.05,39.0,74.72,0,MC1
3.0,13.0,0.12,6.0,9.0,0.05,39.0,74.72,0,MC1
3.0,13.0,0.12,6.0,9.0,0.05,39.0,74.72,0,MC1
3.0,13.0,0.12,6.0,9.0,0.05,39.0,74.72,0,MC1
3.0,13.0,0.12,6.0,9.0,0.05,39.0,74.72,0,MC1
3.0,13.0,0.12,6.0,9.0,0.05,39.0,74.72,0,MC1
3.0,13.0,0.12,6.0,9.0,0.05,39.0,74.72,0,MC1
3.0,13.0,0.12,6.0,9.0,0.05,39.0,74.72,0,MC1
3.0,13.0,0.12,6.0,9.0,0.05,39.0,74.72,0,MC1
3.0,13.0,0.12,6.0,9.0,0.05,39.0,74.72,0,MC1
3.0,13.0,0.12,6.0,9.0,0.05,39.0,74.72,0,MC1
3.0,13.0,0.12,6.0,9.0,0.05,39.0,74.72,0,MC1
3.0,13.0,0.12,6.0,9.0,0.05,39.0,74.72,0,MC1
3.0,13.0,0.12,6.0,9.0,0.05,39.0,74.72,0,MC1
3.0,13.0,0.12,6.0,9.0,0.05,39.0,74.72,0,MC1
12.0,53.0,0.02,3.0,17.0,0.3,180.0,2040.0,0,MC1
12.0,53.0,0.02,3.0,17.0,0.3,180.0,2165.69,0,MC1
12.0,53.0,0.02,3.0,17.0,0.3,180.0,2040.0,0,MC1
12.0,53.0,0.02,3.0,17.0,0.3,180.0,2165.69,0,MC1
12.0,53.0,0.02,3.0,17.0,0.3,180.0,2040.0,0,MC1
12.0,53.0,0.02,3.0,17.0,0.3,180.0,2165.69,0,MC1
12.0,53.0,0.02,3.0,17.0,0.3,180.0,2040.0,0,MC1
12.0,53.0,0.02,3.0,17.0,0.3,180.0,2165.69,0,MC1
12.0,53.0,0.02,3.0,17.0,0.3,180.0,2165.69,0,MC1
12.0,53.0,0.02,3.0,17.0,0.3,180.0,2040.0,0,MC1
12.0,53.0,0.02,3.0,17.0,0.3,180.0,2040.0,0,MC1
12.0,53.0,0.02,3.0,17.0,0.3,180.0,2040.0,0,MC1
12.0,53.0,0.02,3.0,17.0,0.3,180.0,2165.69,0,MC1
12.0,53.0,0.02,3.0,17.0,0.3,180.0,2165.69,0,MC1
12.0,53.0,0.02,3.0,17.0,0.3,180.0,2040.0,0,MC1
12.0,53.0,0.02,3.0,17.0,0.3,180.0,2165.69,0,MC1
12.0,53.0,0.02,3.0,17.0,0.3,180.0,2040.0,0,MC1
12.0,53.0,0.02,3.0,17.0,0.3,180.0,2165.69,0,MC1
12.0,53.0,0.02,3.0,17.0,0.3,180.0,2040.0,0,MC1
12.0,53.0,0.02,3.0,17.0,0.3,180.0,2165.69,0,MC1
1.0,3.0,0.5,0.0,3.0,0.01,9.0,2.58,0,MC1
1.0,3.0,0.5,0.0,3.0,0.01,9.0,2.58,0,MC1
1.0,5.0,0.3,0.0,5.0,0.03,25.0,17.63,0,MC1
1.0,5.0,0.3,0.0,5.0,0.03,25.0,17.63,0,MC1
1.0,0.0,0.4,0.0,5.0,0.01,6.0,2.15,0,MC1
2.0,6.0,0.17,0.0,6.0,0.01,14.0,14.79,0,MC1
2.0,6.0,0.17,0.0,6.0,0.01,14.0,14.79,0,MC1
1.0,0.0,0.0,0.0,3.0,0.0,3.0,0.0,0,MC1
1.0,0.0,0.0,0.0,2.0,0.0,2.0,0.0,0,MC1
1.0,0.0,0.67,0.0,3.0,0.0,4.0,0.67,0,MC1
1.0,0.0,0.67,0.0,3.0,0.0,4.0,0.67,0,MC1
1.0,0.0,0.67,0.0,3.0,0.0,4.0,0.67,0,MC1
1.0,0.0,0.67,0.0,3.0,0.0,5.0,0.97,0,MC1
1.0,0.0,0.0,0.0,1.0,0.0,1.0,0.0,0,MC1
1.0,0.0,0.67,0.0,3.0,0.0,5.0,0.97,0,MC1
2.0,7.0,0.22,0.0,7.0,0.04,29.0,29.93,0,MC1
2.0,7.0,0.22,0.0,7.0,0.04,29.0,29.93,0,MC1
1.0,2.0,0.13,0.0,8.0,0.02,17.0,26.14,0,MC1
1.0,2.0,0.11,0.0,9.0,0.02,19.0,35.15,0,MC1
1.0,0.0,0.67,0.0,3.0,0.0,4.0,0.67,0,MC1
1.0,0.0,0.67,0.0,3.0,0.0,5.0,0.97,0,MC1
1.0,0.0,0.67,0.0,3.0,0.0,5.0,0.97,0,MC1
1.0,0.0,0.67,0.0,3.0,0.0,5.0,0.97,0,MC1
1.0,0.0,0.67,0.0,3.0,0.0,5.0,0.97,0,MC1
1.0,0.0,0.67,0.0,3.0,0.0,4.0,0.67,0,MC1
1.0,0.0,0.67,0.0,3.0,0.0,4.0,0.67,0,MC1
1.0,0.0,0.67,0.0,3.0,0.0,4.0,0.67,0,MC1
1.0,0.0,0.67,0.0,3.0,0.0,4.0,0.67,0,MC1
1.0,0.0,0.67,0.0,3.0,0.0,4.0,0.67,0,MC1
1.0,0.0,0.67,0.0,3.0,0.0,4.0,0.67,0,MC1
1.0,0.0,0.67,0.0,3.0,0.0,4.0,0.67,0,MC1
1.0,0.0,0.67,0.0,3.0,0.0,4.0,0.67,0,MC1
1.0,0.0,0.67,0.0,3.0,0.0,4.0,0.67,0,MC1
1.0,0.0,0.5,0.0,4.0,0.0,5.0,1.29,0,MC1
1.0,0.0,0.67,0.0,3.0,0.0,4.0,0.67,0,MC1
1.0,0.0,0.67,0.0,3.0,0.0,4.0,0.67,0,MC1
1.0,0.0,0.67,0.0,3.0,0.0,4.0,0.67,0,MC1
1.0,0.0,0.67,0.0,3.0,0.0,4.0,0.67,0,MC1
1.0,0.0,0.67,0.0,3.0,0.0,4.0,0.67,0,MC1
1.0,0.0,0.67,0.0,3.0,0.0,4.0,0.67,0,MC1
1.0,0.0,0.67,0.0,3.0,0.0,5.0,0.97,0,MC1
1.0,0.0,0.67,0.0,3.0,0.0,4.0,0.67,0,MC1
1.0,0.0,0.4,0.0,5.0,0.01,7.0,2.73,0,MC1
1.0,0.0,0.0,0.0,3.0,0.0,3.0,0.0,0,MC1
1.0,0.0,0.67,0.0,3.0,0.0,5.0,0.97,0,MC1
1.0,0.0,1.0,0.0,2.0,0.0,3.0,0.26,0,MC1
1.0,0.0,0.67,0.0,3.0,0.0,5.0,0.97,0,MC1
1.0,0.0,0.67,0.0,3.0,0.0,5.0,0.97,0,MC1
1.0,0.0,0.67,0.0,3.0,0.0,5.0,0.97,0,MC1
1.0,0.0,0.67,0.0,3.0,0.0,5.0,0.97,0,MC1
1.0,0.0,0.67,0.0,3.0,0.0,5.0,0.97,0,MC1
2.0,7.0,0.15,0.0,9.0,0.02,18.0,24.98,0,MC1
2.0,7.0,0.15,0.0,9.0,0.02,18.0,24.98,0,MC1
1.0,0.0,0.67,0.0,3.0,0.0,5.0,0.97,0,MC1
1.0,0.0,0.67,0.0,3.0,0.0,4.0,0.67,0,MC1
2.0,3.0,0.4,0.0,5.0,0.01,8.0,3.33,0,MC1
2.0,3.0,0.4,0.0,5.0,0.01,8.0,3.33,0,MC1
1.0,0.0,0.67,0.0,3.0,0.0,4.0,0.67,0,MC1
1.0,0.0,0.67,0.0,3.0,0.0,5.0,0.97,0,MC1
1.0,1.0,0.0,0.0,1.0,0.0,1.0,0.0,0,MC1
1.0,1.0,0.0,0.0,1.0,0.0,1.0,0.0,0,MC1
1.0,0.0,0.67,0.0,3.0,0.0,4.0,0.67,0,MC1
1.0,0.0,0.67,0.0,3.0,0.0,4.0,0.67,0,MC1
1.0,0.0,0.67,0.0,3.0,0.0,4.0,0.67,0,MC1
1.0,4.0,0.14,0.0,8.0,0.02,20.0,27.88,0,MC1
2.0,4.0,0.14,0.0,11.0,0.05,35.0,61.07,0,MC1
2.0,8.0,0.1,0.0,13.0,0.08,52.0,138.07,0,MC1
7.0,55.0,0.03,1.0,22.0,0.33,184.0,2232.3,0,MC1
1.0,0.0,0.15,0.0,8.0,0.02,16.0,20.5,0,MC1
3.0,23.0,0.05,0.0,17.0,0.13,80.0,441.16,0,MC1
1.0,0.0,0.13,0.0,9.0,0.02,18.0,26.89,0,MC1
3.0,19.0,0.09,0.0,12.0,0.07,46.0,126.11,0,MC1
2.0,12.0,0.11,0.0,11.0,0.04,31.0,65.39,0,MC1
5.0,12.0,0.06,0.0,13.0,0.1,63.0,265.51,0,MC1
1.0,4.0,0.38,0.0,4.0,0.01,9.0,3.74,0,MC1
3.0,13.0,0.14,0.0,9.0,0.04,29.0,45.57,0,MC1
3.0,13.0,0.13,0.0,10.0,0.04,31.0,53.86,0,MC1
2.0,4.0,0.15,0.0,8.0,0.03,21.0,29.61,0,MC1
1.0,0.0,0.33,0.0,6.0,0.01,7.0,3.28,0,MC1
2.0,0.0,0.13,0.0,9.0,0.02,14.0,20.91,0,MC1
1.0,0.0,0.4,0.0,5.0,0.01,7.0,2.73,0,MC1
2.0,0.0,0.2,0.0,8.0,0.02,13.0,12.95,0,MC1
1.0,6.0,0.2,0.0,7.0,0.03,23.0,24.32,0,MC1
2.0,0.0,0.5,0.0,4.0,0.01,6.0,1.72,0,MC1
2.0,0.0,0.4,0.0,5.0,0.01,7.0,2.73,0,MC1
4.0,11.0,0.06,0.0,14.0,0.07,45.0,175.69,0,MC1
2.0,3.0,0.25,0.0,8.0,0.02,15.0,12.69,0,MC1
1.0,0.0,0.0,0.0,1.0,0.0,1.0,0.0,0,MC1
1.0,2.0,0.5,0.0,4.0,0.01,9.0,3.0,0,MC1
1.0,0.0,0.5,0.0,4.0,0.01,6.0,1.72,0,MC1
1.0,0.0,0.5,0.0,4.0,0.01,6.0,1.72,0,MC1
1.0,0.0,0.5,0.0,4.0,0.01,6.0,1.72,0,MC1
1.0,0.0,0.67,0.0,3.0,0.0,5.0,0.97,0,MC1
1.0,1.0,0.67,0.0,3.0,0.0,5.0,0.97,0,MC1
1.0,0.0,0.5,0.0,4.0,0.0,5.0,1.29,0,MC1
1.0,2.0,0.5,0.0,4.0,0.01,6.0,1.72,0,MC1
1.0,1.0,0.0,0.0,1.0,0.0,1.0,0.0,0,MC1
1.0,2.0,0.5,0.0,4.0,0.01,6.0,1.72,0,MC1
1.0,0.0,0.4,0.0,5.0,0.01,9.0,3.23,0,MC1
2.0,8.0,0.14,1.0,7.0,0.05,40.0,65.68,0,MC1
1.0,0.0,0.5,0.0,4.0,0.01,6.0,1.72,0,MC1
1.0,0.0,0.21,0.0,7.0,0.02,15.0,12.92,0,MC1
3.0,7.0,0.08,0.0,14.0,0.05,35.0,113.81,0,MC1
2.0,5.0,0.24,0.0,7.0,0.02,19.0,15.95,0,MC1
2.0,4.0,0.18,0.0,9.0,0.02,17.0,19.66,0,MC1
1.0,0.0,0.0,0.0,0.0,0.0,0.0,0.0,0,MC1
1.0,0.0,0.4,0.0,5.0,0.01,6.0,2.15,0,MC1
1.0,0.0,0.29,0.0,7.0,0.01,12.0,8.07,0,MC1
1.0,0.0,0.0,0.0,0.0,0.0,0.0,0.0,0,MC1
1.0,0.0,0.0,0.0,0.0,0.0,0.0,0.0,0,MC1
1.0,0.0,0.0,0.0,0.0,0.0,0.0,0.0,0,MC1
1.0,0.0,0.0,0.0,0.0,0.0,0.0,0.0,0,MC1
2.0,0.0,0.0,0.0,0.0,0.0,0.0,0.0,0,MC1
1.0,0.0,0.0,0.0,0.0,0.0,0.0,0.0,0,MC1
1.0,0.0,0.0,0.0,0.0,0.0,0.0,0.0,0,MC1
1.0,0.0,0.22,0.0,6.0,0.01,11.0,8.25,0,MC1
2.0,8.0,0.1,0.0,12.0,0.05,34.0,79.6,0,MC1
5.0,38.0,0.06,3.0,19.0,0.44,214.0,1314.83,0,MC1
1.0,3.0,0.33,0.0,6.0,0.01,9.0,4.75,0,MC1
2.0,5.0,0.29,0.0,7.0,0.02,15.0,10.46,0,MC1
2.0,4.0,0.18,0.0,7.0,0.02,17.0,18.96,0,MC1
1.0,0.0,0.67,0.0,3.0,0.0,5.0,0.97,0,MC1
1.0,0.0,0.4,0.0,5.0,0.01,10.0,4.4,0,MC1
1.0,0.0,0.67,0.0,3.0,0.0,5.0,0.97,0,MC1
1.0,0.0,0.5,0.0,4.0,0.01,6.0,1.72,0,MC1
1.0,0.0,0.5,0.0,4.0,0.01,6.0,1.72,0,MC1
1.0,0.0,0.5,0.0,4.0,0.01,6.0,1.72,0,MC1
1.0,0.0,0.5,0.0,4.0,0.01,6.0,1.72,0,MC1
1.0,0.0,0.67,0.0,3.0,0.0,5.0,0.97,0,MC1
1.0,0.0,0.4,0.0,5.0,0.01,8.0,3.33,0,MC1
1.0,0.0,0.5,0.0,4.0,0.01,6.0,1.72,0,MC1
1.0,0.0,0.29,0.0,7.0,0.01,8.0,4.67,0,MC1
1.0,0.0,0.5,0.0,4.0,0.01,6.0,1.72,0,MC1
1.0,0.0,0.17,0.0,8.0,0.02,15.0,16.61,0,MC1
1.0,0.0,0.17,0.0,8.0,0.02,15.0,16.61,0,MC1
1.0,0.0,0.17,0.0,8.0,0.02,15.0,16.61,0,MC1
13.0,75.0,0.03,1.0,24.0,1.03,461.0,5070.95,0,MC1
1.0,0.0,0.5,0.0,4.0,0.01,6.0,1.72,0,MC1
1.0,0.0,0.5,0.0,4.0,0.01,6.0,1.72,0,MC1
1.0,0.0,0.5,0.0,4.0,0.01,6.0,1.72,0,MC1
1.0,0.0,0.5,0.0,4.0,0.01,6.0,1.72,0,MC1
2.0,0.0,0.5,0.0,4.0,0.01,6.0,1.72,0,MC1
1.0,0.0,0.5,0.0,4.0,0.0,5.0,1.29,0,MC1
2.0,0.0,0.5,0.0,4.0,0.01,6.0,1.72,0,MC1
1.0,0.0,0.33,0.0,6.0,0.01,11.0,6.09,0,MC1
1.0,0.0,0.5,0.0,4.0,0.01,6.0,1.72,0,MC1
1.0,0.0,0.5,0.0,4.0,0.01,6.0,1.72,0,MC1
1.0,0.0,0.5,0.0,4.0,0.01,6.0,1.72,0,MC1
1.0,0.0,0.5,0.0,4.0,0.0,5.0,1.29,0,MC1
1.0,0.0,0.5,0.0,4.0,0.01,6.0,1.72,0,MC1
1.0,2.0,0.4,0.0,5.0,0.01,8.0,3.12,0,MC1
1.0,2.0,0.67,0.0,3.0,0.0,4.0,0.67,0,MC1
1.0,0.0,0.67,0.0,3.0,0.0,4.0,0.67,0,MC1
1.0,2.0,0.67,0.0,3.0,0.0,4.0,0.67,0,MC1
1.0,2.0,0.67,0.0,3.0,0.0,4.0,0.67,0,MC1
1.0,3.0,0.4,0.0,5.0,0.01,10.0,4.17,0,MC1
1.0,0.0,0.4,0.0,5.0,0.01,7.0,2.73,0,MC1
1.0,0.0,0.33,0.0,6.0,0.01,7.0,3.28,0,MC1
1.0,0.0,0.33,0.0,6.0,0.01,7.0,3.28,0,MC1
1.0,2.0,0.4,0.0,5.0,0.01,8.0,3.12,0,MC1
1.0,2.0,0.67,0.0,3.0,0.0,4.0,0.67,0,MC1
1.0,0.0,0.67,0.0,3.0,0.0,4.0,0.67,0,MC1
1.0,2.0,0.67,0.0,3.0,0.0,4.0,0.67,0,MC1
1.0,2.0,0.67,0.0,3.0,0.0,4.0,0.67,0,MC1
1.0,0.0,0.67,0.0,3.0,0.0,4.0,0.67,0,MC1
1.0,0.0,0.67,0.0,3.0,0.0,4.0,0.67,0,MC1
1.0,0.0,0.5,0.0,4.0,0.01,6.0,1.72,0,MC1
1.0,0.0,0.33,0.0,6.0,0.01,9.0,4.5,0,MC1
1.0,0.0,0.17,0.0,8.0,0.02,15.0,16.61,0,MC1
1.0,2.0,0.67,0.0,3.0,0.0,5.0,0.97,0,MC1
1.0,0.0,0.33,0.0,6.0,0.01,9.0,4.75,0,MC1
1.0,0.0,0.33,0.0,6.0,0.01,9.0,4.75,0,MC1
1.0,0.0,0.33,0.0,6.0,0.01,9.0,4.75,0,MC1
1.0,0.0,0.33,0.0,6.0,0.01,9.0,4.75,0,MC1
2.0,4.0,0.17,0.0,10.0,0.03,21.0,27.35,0,MC1
3.0,9.0,0.08,0.0,12.0,0.05,37.0,110.91,0,MC1
3.0,12.0,0.1,0.0,9.0,0.05,37.0,79.29,0,MC1
2.0,9.0,0.1,0.0,12.0,0.04,27.0,62.55,0,MC1
1.0,2.0,0.67,0.0,3.0,0.0,5.0,0.97,0,MC1
1.0,0.0,0.67,0.0,3.0,0.0,4.0,0.67,0,MC1
1.0,0.0,0.67,0.0,3.0,0.0,4.0,0.67,0,MC1
1.0,0.0,0.67,0.0,3.0,0.0,4.0,0.67,0,MC1
1.0,3.0,0.3,0.0,5.0,0.01,10.0,5.56,0,MC1
35.0,0.0,0.0,0.0,0.0,0.0,0.0,0.0,0,MC1
1.0,8.0,0.18,0.0,6.0,0.04,34.0,40.45,0,MC1
1.0,2.0,0.67,0.0,3.0,0.0,5.0,0.97,0,MC1
1.0,0.0,0.67,0.0,3.0,0.0,5.0,0.97,0,MC1
1.0,2.0,0.67,0.0,3.0,0.0,5.0,0.97,0,MC1
1.0,0.0,0.67,0.0,3.0,0.0,5.0,0.97,0,MC1
1.0,4.0,0.14,0.0,8.0,0.02,20.0,27.88,0,MC1
2.0,4.0,0.14,0.0,11.0,0.05,35.0,61.07,0,MC1
2.0,8.0,0.1,0.0,13.0,0.08,52.0,138.07,0,MC1
7.0,55.0,0.03,1.0,22.0,0.33,184.0,2232.3,0,MC1
1.0,0.0,0.15,0.0,8.0,0.02,16.0,20.5,0,MC1
3.0,23.0,0.05,0.0,17.0,0.13,80.0,441.16,0,MC1
1.0,0.0,0.13,0.0,9.0,0.02,18.0,26.89,0,MC1
3.0,19.0,0.09,0.0,12.0,0.07,46.0,126.11,0,MC1
2.0,12.0,0.11,0.0,11.0,0.04,31.0,65.39,0,MC1
5.0,12.0,0.06,0.0,13.0,0.1,63.0,265.51,0,MC1
1.0,4.0,0.38,0.0,4.0,0.01,9.0,3.74,0,MC1
3.0,13.0,0.14,0.0,9.0,0.04,29.0,45.57,0,MC1
3.0,13.0,0.13,0.0,10.0,0.04,31.0,53.86,0,MC1
2.0,4.0,0.15,0.0,8.0,0.03,21.0,29.61,0,MC1
1.0,0.0,0.33,0.0,6.0,0.01,7.0,3.28,0,MC1
2.0,0.0,0.13,0.0,9.0,0.02,14.0,20.91,0,MC1
1.0,0.0,0.4,0.0,5.0,0.01,7.0,2.73,0,MC1
2.0,0.0,0.2,0.0,8.0,0.02,13.0,12.95,0,MC1
1.0,6.0,0.2,0.0,7.0,0.03,23.0,24.32,0,MC1
2.0,0.0,0.5,0.0,4.0,0.01,6.0,1.72,0,MC1
2.0,0.0,0.4,0.0,5.0,0.01,7.0,2.73,0,MC1
4.0,11.0,0.06,0.0,14.0,0.07,45.0,175.69,0,MC1
2.0,3.0,0.25,0.0,8.0,0.02,15.0,12.69,0,MC1
1.0,0.0,0.0,0.0,1.0,0.0,1.0,0.0,0,MC1
1.0,2.0,0.5,0.0,4.0,0.01,9.0,3.0,0,MC1
1.0,0.0,0.5,0.0,4.0,0.01,6.0,1.72,0,MC1
1.0,0.0,0.5,0.0,4.0,0.01,6.0,1.72,0,MC1
1.0,0.0,0.5,0.0,4.0,0.01,6.0,1.72,0,MC1
1.0,0.0,0.67,0.0,3.0,0.0,5.0,0.97,0,MC1
1.0,1.0,0.67,0.0,3.0,0.0,5.0,0.97,0,MC1
1.0,0.0,0.5,0.0,4.0,0.0,5.0,1.29,0,MC1
1.0,2.0,0.5,0.0,4.0,0.01,6.0,1.72,0,MC1
1.0,1.0,0.0,0.0,1.0,0.0,1.0,0.0,0,MC1
1.0,2.0,0.5,0.0,4.0,0.01,6.0,1.72,0,MC1
1.0,0.0,0.4,0.0,5.0,0.01,9.0,3.23,0,MC1
1.0,0.0,0.5,0.0,4.0,0.01,6.0,1.72,0,MC1
1.0,0.0,0.21,0.0,7.0,0.02,15.0,12.92,0,MC1
3.0,7.0,0.08,0.0,14.0,0.05,35.0,113.81,0,MC1
2.0,5.0,0.24,0.0,7.0,0.02,19.0,15.95,0,MC1
2.0,4.0,0.18,0.0,9.0,0.02,17.0,19.66,0,MC1
1.0,0.0,0.0,0.0,0.0,0.0,0.0,0.0,0,MC1
1.0,3.0,0.5,0.0,4.0,0.01,8.0,2.3,0,MC1
1.0,3.0,0.5,0.0,4.0,0.01,8.0,2.3,0,MC1
1.0,3.0,0.5,0.0,4.0,0.01,8.0,2.3,0,MC1
1.0,3.0,0.5,0.0,4.0,0.01,8.0,2.3,0,MC1
1.0,0.0,0.4,0.0,5.0,0.01,6.0,2.15,0,MC1
1.0,0.0,0.29,0.0,7.0,0.01,12.0,8.07,0,MC1
1.0,0.0,0.0,0.0,0.0,0.0,0.0,0.0,0,MC1
1.0,0.0,0.0,0.0,0.0,0.0,0.0,0.0,0,MC1
1.0,0.0,0.0,0.0,0.0,0.0,0.0,0.0,0,MC1
1.0,0.0,0.0,0.0,0.0,0.0,0.0,0.0,0,MC1
2.0,0.0,0.0,0.0,0.0,0.0,0.0,0.0,0,MC1
1.0,0.0,0.0,0.0,0.0,0.0,0.0,0.0,0,MC1
1.0,0.0,0.0,0.0,0.0,0.0,0.0,0.0,0,MC1
1.0,0.0,0.22,0.0,6.0,0.01,11.0,8.25,0,MC1
2.0,8.0,0.1,0.0,12.0,0.05,34.0,79.6,0,MC1
1.0,2.0,0.67,0.0,3.0,0.0,5.0,0.97,0,MC1
1.0,2.0,0.29,0.0,7.0,0.01,9.0,5.55,0,MC1
1.0,3.0,0.25,0.0,6.0,0.01,11.0,7.75,0,MC1
1.0,2.0,0.67,0.0,3.0,0.0,5.0,0.97,0,MC1
1.0,3.0,0.19,0.0,8.0,0.02,15.0,15.38,0,MC1
1.0,2.0,0.29,0.0,7.0,0.01,9.0,5.25,0,MC1
1.0,2.0,0.29,0.0,7.0,0.01,9.0,5.25,0,MC1
1.0,2.0,0.29,0.0,7.0,0.01,9.0,5.25,0,MC1
1.0,2.0,0.29,0.0,7.0,0.01,9.0,5.25,0,MC1
1.0,2.0,0.29,0.0,7.0,0.01,11.0,6.78,0,MC1
1.0,3.0,0.25,0.0,8.0,0.01,11.0,8.46,0,MC1
1.0,2.0,0.29,0.0,7.0,0.01,9.0,5.25,0,MC1
1.0,2.0,0.29,0.0,7.0,0.01,11.0,6.42,0,MC1
1.0,2.0,0.29,0.0,7.0,0.01,11.0,6.78,0,MC1
1.0,2.0,0.29,0.0,7.0,0.01,11.0,6.78,0,MC1
1.0,2.0,0.29,0.0,7.0,0.01,11.0,6.78,0,MC1
1.0,2.0,0.29,0.0,7.0,0.01,11.0,6.78,0,MC1
1.0,2.0,0.29,0.0,7.0,0.01,9.0,5.25,0,MC1
3.0,10.0,0.08,2.0,14.0,0.07,47.0,146.61,0,MC1
1.0,3.0,0.17,0.0,8.0,0.02,14.0,15.5,0,MC1
1.0,3.0,0.33,0.0,6.0,0.01,9.0,4.75,0,MC1
2.0,5.0,0.29,0.0,7.0,0.02,15.0,10.46,0,MC1
2.0,4.0,0.18,0.0,7.0,0.02,17.0,18.96,0,MC1
1.0,0.0,0.67,0.0,3.0,0.0,5.0,0.97,0,MC1
1.0,0.0,0.4,0.0,5.0,0.01,10.0,4.4,0,MC1
1.0,0.0,0.67,0.0,3.0,0.0,5.0,0.97,0,MC1
1.0,0.0,0.5,0.0,4.0,0.01,6.0,1.72,0,MC1
1.0,0.0,0.5,0.0,4.0,0.01,6.0,1.72,0,MC1
1.0,0.0,0.5,0.0,4.0,0.01,6.0,1.72,0,MC1
1.0,0.0,0.5,0.0,4.0,0.01,6.0,1.72,0,MC1
2.0,7.0,0.14,0.0,9.0,0.04,28.0,46.49,0,MC1
1.0,0.0,0.4,0.0,5.0,0.01,8.0,3.33,0,MC1
1.0,0.0,0.5,0.0,4.0,0.01,6.0,1.72,0,MC1
1.0,0.0,0.29,0.0,7.0,0.01,8.0,4.67,0,MC1
1.0,0.0,0.5,0.0,4.0,0.01,6.0,1.72,0,MC1
1.0,0.0,0.17,0.0,8.0,0.02,15.0,16.61,0,MC1
1.0,0.0,0.17,0.0,8.0,0.02,15.0,16.61,0,MC1
1.0,0.0,0.17,0.0,8.0,0.02,15.0,16.61,0,MC1
1.0,0.0,0.5,0.0,4.0,0.01,6.0,1.72,0,MC1
1.0,0.0,0.5,0.0,4.0,0.01,6.0,1.72,0,MC1
1.0,0.0,0.5,0.0,4.0,0.01,6.0,1.72,0,MC1
1.0,0.0,0.5,0.0,4.0,0.01,6.0,1.72,0,MC1
2.0,0.0,0.5,0.0,4.0,0.01,6.0,1.72,0,MC1
1.0,0.0,0.5,0.0,4.0,0.0,5.0,1.29,0,MC1
2.0,0.0,0.5,0.0,4.0,0.01,6.0,1.72,0,MC1
1.0,0.0,0.33,0.0,6.0,0.01,11.0,6.09,0,MC1
1.0,0.0,0.5,0.0,4.0,0.01,6.0,1.72,0,MC1
1.0,0.0,0.5,0.0,4.0,0.01,6.0,1.72,0,MC1
1.0,0.0,0.5,0.0,4.0,0.01,6.0,1.72,0,MC1
1.0,0.0,0.5,0.0,4.0,0.0,5.0,1.29,0,MC1
1.0,0.0,0.5,0.0,4.0,0.01,6.0,1.72,0,MC1
1.0,2.0,0.4,0.0,5.0,0.01,8.0,3.12,0,MC1
1.0,2.0,0.67,0.0,3.0,0.0,4.0,0.67,0,MC1
1.0,0.0,0.67,0.0,3.0,0.0,4.0,0.67,0,MC1
1.0,2.0,0.67,0.0,3.0,0.0,4.0,0.67,0,MC1
1.0,2.0,0.67,0.0,3.0,0.0,4.0,0.67,0,MC1
1.0,3.0,0.4,0.0,5.0,0.01,10.0,4.17,0,MC1
1.0,0.0,0.4,0.0,5.0,0.01,7.0,2.73,0,MC1
1.0,0.0,0.33,0.0,6.0,0.01,7.0,3.28,0,MC1
1.0,0.0,0.33,0.0,6.0,0.01,7.0,3.28,0,MC1
1.0,2.0,0.4,0.0,5.0,0.01,8.0,3.12,0,MC1
1.0,2.0,0.67,0.0,3.0,0.0,4.0,0.67,0,MC1
1.0,0.0,0.67,0.0,3.0,0.0,4.0,0.67,0,MC1
1.0,2.0,0.67,0.0,3.0,0.0,4.0,0.67,0,MC1
1.0,2.0,0.67,0.0,3.0,0.0,4.0,0.67,0,MC1
1.0,0.0,0.67,0.0,3.0,0.0,4.0,0.67,0,MC1
1.0,0.0,0.67,0.0,3.0,0.0,4.0,0.67,0,MC1
1.0,0.0,0.5,0.0,4.0,0.01,6.0,1.72,0,MC1
1.0,0.0,0.33,0.0,6.0,0.01,9.0,4.5,0,MC1
1.0,0.0,0.17,0.0,8.0,0.02,15.0,16.61,0,MC1
1.0,0.0,0.33,0.0,6.0,0.01,9.0,4.75,0,MC1
1.0,0.0,0.33,0.0,6.0,0.01,9.0,4.75,0,MC1
1.0,0.0,0.33,0.0,6.0,0.01,9.0,4.75,0,MC1
1.0,0.0,0.33,0.0,6.0,0.01,9.0,4.75,0,MC1
2.0,4.0,0.17,0.0,10.0,0.03,21.0,27.35,0,MC1
1.0,9.0,0.06,0.0,16.0,0.08,50.0,217.86,0,MC1
1.0,3.0,0.5,0.0,4.0,0.01,8.0,2.3,0,MC1
1.0,3.0,0.5,0.0,4.0,0.01,8.0,2.3,0,MC1
1.0,3.0,0.5,0.0,4.0,0.01,8.0,2.3,0,MC1
1.0,3.0,0.5,0.0,4.0,0.01,8.0,2.3,0,MC1
1.0,3.0,0.5,1.0,4.0,0.01,8.0,2.5,0,MC1
1.0,0.0,0.5,0.0,4.0,0.0,5.0,1.29,0,MC1
1.0,0.0,0.5,0.0,4.0,0.0,5.0,1.29,0,MC1
1.0,0.0,0.67,0.0,3.0,0.0,5.0,0.97,0,MC1
1.0,0.0,0.67,0.0,3.0,0.0,5.0,0.97,0,MC1
3.0,6.0,0.13,0.0,8.0,0.02,18.0,26.58,0,MC1
2.0,7.0,0.13,0.0,8.0,0.02,17.0,26.14,0,MC1
6.0,26.0,0.06,0.0,11.0,0.17,108.0,503.53,0,MC1
2.0,6.0,0.17,0.0,8.0,0.02,14.0,15.5,0,MC1
2.0,6.0,0.19,0.0,7.0,0.01,13.0,12.02,0,MC1
6.0,25.0,0.08,0.0,10.0,0.11,74.0,229.82,0,MC1
3.0,6.0,0.13,0.0,8.0,0.02,18.0,26.58,0,MC1
3.0,6.0,0.13,0.0,8.0,0.02,18.0,26.58,0,MC1
2.0,9.0,0.18,0.0,9.0,0.04,26.0,33.21,0,MC1
2.0,9.0,0.18,0.0,9.0,0.04,26.0,33.21,0,MC1
3.0,11.0,0.15,0.0,8.0,0.03,26.0,36.66,0,MC1
3.0,11.0,0.15,0.0,8.0,0.03,26.0,36.66,0,MC1
3.0,11.0,0.15,0.0,8.0,0.03,26.0,36.66,0,MC1
3.0,11.0,0.15,0.0,8.0,0.03,26.0,36.66,0,MC1
1.0,0.0,0.67,0.0,3.0,0.0,4.0,0.67,0,MC1
3.0,13.0,0.16,0.0,8.0,0.05,35.0,49.45,0,MC1
6.0,22.0,0.09,0.0,10.0,0.1,64.0,173.21,0,MC1
4.0,17.0,0.12,0.0,9.0,0.06,45.0,86.02,0,MC1
2.0,9.0,0.15,0.0,8.0,0.03,24.0,33.84,0,MC1
2.0,10.0,0.16,0.0,8.0,0.04,27.0,36.84,0,MC1
2.0,7.0,0.13,0.0,8.0,0.02,17.0,26.14,0,MC1
2.0,7.0,0.14,0.0,7.0,0.02,16.0,20.67,0,MC1
2.0,7.0,0.14,0.0,7.0,0.02,16.0,20.67,0,MC1
2.0,7.0,0.13,0.0,8.0,0.02,17.0,26.14,0,MC1
1.0,0.0,0.67,0.0,3.0,0.0,4.0,0.67,0,MC1
1.0,0.0,0.67,0.0,3.0,0.0,4.0,0.67,0,MC1
1.0,0.0,0.67,0.0,3.0,0.0,4.0,0.67,0,MC1
1.0,0.0,0.67,0.0,3.0,0.0,4.0,0.67,0,MC1
1.0,0.0,0.67,0.0,3.0,0.0,4.0,0.67,0,MC1
1.0,0.0,0.0,0.0,0.0,0.0,0.0,0.0,0,MC1
1.0,0.0,0.0,0.0,0.0,0.0,0.0,0.0,0,MC1
1.0,0.0,0.67,0.0,3.0,0.0,4.0,0.67,0,MC1
1.0,0.0,0.67,0.0,3.0,0.0,4.0,0.67,0,MC1
1.0,0.0,0.67,0.0,3.0,0.0,4.0,0.67,0,MC1
1.0,0.0,0.67,0.0,3.0,0.0,4.0,0.67,0,MC1
2.0,4.0,0.21,0.0,7.0,0.01,13.0,11.2,0,MC1
2.0,4.0,0.19,0.0,8.0,0.02,14.0,14.35,0,MC1
2.0,4.0,0.19,0.0,8.0,0.02,14.0,14.35,0,MC1
2.0,4.0,0.21,0.0,7.0,0.01,13.0,11.2,0,MC1
2.0,4.0,0.19,0.0,8.0,0.02,14.0,14.35,0,MC1
2.0,4.0,0.19,0.0,8.0,0.02,14.0,14.35,0,MC1
2.0,4.0,0.19,0.0,8.0,0.02,14.0,14.35,0,MC1
2.0,4.0,0.19,0.0,8.0,0.02,14.0,14.35,0,MC1
2.0,4.0,0.19,0.0,8.0,0.02,14.0,14.35,0,MC1
2.0,4.0,0.19,0.0,8.0,0.02,14.0,14.35,0,MC1
2.0,4.0,0.19,0.0,8.0,0.02,14.0,14.35,0,MC1
2.0,4.0,0.19,0.0,8.0,0.02,14.0,14.35,0,MC1
1.0,4.0,0.28,0.0,6.0,0.02,14.0,9.69,0,MC1
1.0,4.0,0.28,0.0,6.0,0.02,14.0,9.69,0,MC1
1.0,4.0,0.28,0.0,6.0,0.02,14.0,9.69,0,MC1
1.0,4.0,0.28,0.0,6.0,0.02,14.0,9.69,0,MC1
1.0,4.0,0.28,0.0,6.0,0.02,14.0,9.69,0,MC1
1.0,3.0,0.5,0.0,4.0,0.01,8.0,2.5,0,MC1
1.0,0.0,0.67,0.0,3.0,0.0,4.0,0.67,0,MC1
1.0,3.0,0.5,0.0,4.0,0.01,8.0,2.5,0,MC1
1.0,0.0,0.67,0.0,3.0,0.0,4.0,0.67,0,MC1
1.0,4.0,0.14,0.0,8.0,0.02,20.0,27.88,0,MC1
2.0,4.0,0.14,0.0,11.0,0.05,35.0,61.07,0,MC1
2.0,8.0,0.1,0.0,13.0,0.08,52.0,138.07,0,MC1
7.0,55.0,0.03,1.0,22.0,0.33,184.0,2232.3,0,MC1
1.0,0.0,0.15,0.0,8.0,0.02,16.0,20.5,0,MC1
3.0,23.0,0.05,0.0,17.0,0.13,80.0,441.16,0,MC1
1.0,0.0,0.13,0.0,9.0,0.02,18.0,26.89,0,MC1
3.0,19.0,0.09,0.0,12.0,0.07,46.0,126.11,0,MC1
2.0,12.0,0.11,0.0,11.0,0.04,31.0,65.39,0,MC1
5.0,12.0,0.06,0.0,13.0,0.1,63.0,265.51,0,MC1
1.0,4.0,0.38,0.0,4.0,0.01,9.0,3.74,0,MC1
3.0,13.0,0.14,0.0,9.0,0.04,29.0,45.57,0,MC1
3.0,13.0,0.13,0.0,10.0,0.04,31.0,53.86,0,MC1
2.0,4.0,0.15,0.0,8.0,0.03,21.0,29.61,0,MC1
1.0,0.0,0.33,0.0,6.0,0.01,7.0,3.28,0,MC1
2.0,0.0,0.13,0.0,9.0,0.02,14.0,20.91,0,MC1
1.0,0.0,0.4,0.0,5.0,0.01,7.0,2.73,0,MC1
2.0,0.0,0.2,0.0,8.0,0.02,13.0,12.95,0,MC1
1.0,6.0,0.2,0.0,7.0,0.03,23.0,24.32,0,MC1
2.0,0.0,0.5,0.0,4.0,0.01,6.0,1.72,0,MC1
2.0,0.0,0.4,0.0,5.0,0.01,7.0,2.73,0,MC1
4.0,11.0,0.06,0.0,14.0,0.07,45.0,175.69,0,MC1
1.0,6.0,0.15,0.0,6.0,0.03,24.0,29.9,0,MC1
2.0,10.0,0.14,0.0,10.0,0.03,24.0,36.46,0,MC1
2.0,3.0,0.25,0.0,8.0,0.02,15.0,12.69,0,MC1
1.0,0.0,0.0,0.0,1.0,0.0,1.0,0.0,0,MC1
1.0,2.0,0.5,0.0,4.0,0.01,9.0,3.0,0,MC1
1.0,0.0,0.5,0.0,4.0,0.01,6.0,1.72,0,MC1
1.0,0.0,0.5,0.0,4.0,0.01,6.0,1.72,0,MC1
1.0,0.0,0.4,0.0,5.0,0.01,6.0,2.15,0,MC1
1.0,0.0,0.4,0.0,5.0,0.01,6.0,2.15,0,MC1
1.0,0.0,0.4,0.0,5.0,0.01,6.0,2.15,0,MC1
1.0,0.0,0.5,0.0,4.0,0.01,6.0,1.72,0,MC1
1.0,0.0,0.67,0.0,3.0,0.0,5.0,0.97,0,MC1
6.0,21.0,0.04,0.0,9.0,0.08,61.0,338.59,0,MC1
5.0,18.0,0.04,0.0,9.0,0.06,49.0,278.13,0,MC1
1.0,0.0,0.0,0.0,1.0,0.0,1.0,0.0,0,MC1
1.0,0.0,0.67,0.0,3.0,0.0,5.0,0.97,0,MC1
2.0,3.0,0.11,0.0,7.0,0.01,14.0,21.57,0,MC1
2.0,3.0,0.11,0.0,7.0,0.01,14.0,21.57,0,MC1
1.0,1.0,0.67,0.0,3.0,0.0,5.0,0.97,0,MC1
1.0,0.0,0.5,0.0,4.0,0.0,5.0,1.29,0,MC1
1.0,2.0,0.5,0.0,4.0,0.01,6.0,1.72,0,MC1
1.0,1.0,0.0,0.0,1.0,0.0,1.0,0.0,0,MC1
1.0,2.0,0.5,0.0,4.0,0.01,6.0,1.72,0,MC1
1.0,0.0,0.4,0.0,5.0,0.01,9.0,3.23,0,MC1
1.0,3.0,0.33,0.0,4.0,0.01,8.0,3.45,0,MC1
1.0,0.0,0.5,0.0,4.0,0.01,6.0,1.72,0,MC1
1.0,0.0,0.21,0.0,7.0,0.02,15.0,12.92,0,MC1
3.0,7.0,0.08,0.0,14.0,0.05,35.0,113.81,0,MC1
2.0,5.0,0.24,0.0,7.0,0.02,19.0,15.95,0,MC1
2.0,4.0,0.18,0.0,9.0,0.02,17.0,19.66,0,MC1
1.0,0.0,0.0,0.0,0.0,0.0,0.0,0.0,0,MC1
1.0,0.0,0.4,0.0,5.0,0.01,6.0,2.15,0,MC1
1.0,0.0,0.29,0.0,7.0,0.01,12.0,8.07,0,MC1
1.0,0.0,0.0,0.0,0.0,0.0,0.0,0.0,0,MC1
1.0,0.0,0.0,0.0,0.0,0.0,0.0,0.0,0,MC1
1.0,0.0,0.0,0.0,0.0,0.0,0.0,0.0,0,MC1
1.0,0.0,0.0,0.0,0.0,0.0,0.0,0.0,0,MC1
2.0,0.0,0.0,0.0,0.0,0.0,0.0,0.0,0,MC1
1.0,0.0,0.0,0.0,0.0,0.0,0.0,0.0,0,MC1
1.0,0.0,0.0,0.0,0.0,0.0,0.0,0.0,0,MC1
2.0,0.0,0.0,0.0,0.0,0.0,0.0,0.0,0,MC1
1.0,0.0,0.22,0.0,6.0,0.01,11.0,8.25,0,MC1
2.0,8.0,0.1,0.0,12.0,0.05,34.0,79.6,0,MC1
1.0,0.0,1.0,0.0,2.0,0.0,4.0,0.44,0,MC1
1.0,3.0,0.33,0.0,6.0,0.01,9.0,4.75,0,MC1
2.0,5.0,0.29,0.0,7.0,0.02,15.0,10.46,0,MC1
1.0,0.0,0.33,0.0,6.0,0.01,7.0,3.28,0,MC1
1.0,0.0,0.33,0.0,6.0,0.01,7.0,3.28,0,MC1
1.0,0.0,0.33,0.0,6.0,0.01,7.0,3.28,0,MC1
1.0,0.0,0.5,0.0,4.0,0.0,5.0,1.29,0,MC1
2.0,4.0,0.18,0.0,7.0,0.02,17.0,18.96,0,MC1
1.0,0.0,0.67,0.0,3.0,0.0,5.0,0.97,0,MC1
1.0,0.0,0.4,0.0,5.0,0.01,10.0,4.4,0,MC1
1.0,0.0,0.67,0.0,3.0,0.0,5.0,0.97,0,MC1
1.0,0.0,0.5,0.0,4.0,0.01,6.0,1.72,0,MC1
1.0,0.0,0.5,0.0,4.0,0.01,6.0,1.72,0,MC1
1.0,0.0,0.5,0.0,4.0,0.01,6.0,1.72,0,MC1
1.0,0.0,0.5,0.0,4.0,0.01,6.0,1.72,0,MC1
1.0,3.0,0.3,0.0,5.0,0.01,11.0,6.11,0,MC1
1.0,0.0,0.4,0.0,5.0,0.01,8.0,3.33,0,MC1
1.0,0.0,0.5,0.0,4.0,0.01,6.0,1.72,0,MC1
1.0,0.0,0.29,0.0,7.0,0.01,8.0,4.67,0,MC1
1.0,0.0,0.5,0.0,4.0,0.01,6.0,1.72,0,MC1
1.0,0.0,0.17,0.0,8.0,0.02,15.0,16.61,0,MC1
1.0,0.0,0.17,0.0,8.0,0.02,15.0,16.61,0,MC1
1.0,0.0,0.17,0.0,8.0,0.02,15.0,16.61,0,MC1
1.0,0.0,0.5,0.0,4.0,0.0,5.0,1.29,0,MC1
1.0,0.0,0.5,0.0,4.0,0.01,6.0,1.72,0,MC1
1.0,0.0,0.5,0.0,4.0,0.01,6.0,1.72,0,MC1
2.0,7.0,0.09,0.0,9.0,0.02,17.0,36.76,0,MC1
1.0,0.0,0.5,0.0,4.0,0.01,6.0,1.72,0,MC1
1.0,0.0,0.5,0.0,4.0,0.01,6.0,1.72,0,MC1
2.0,0.0,0.5,0.0,4.0,0.01,6.0,1.72,0,MC1
1.0,0.0,0.5,0.0,4.0,0.0,5.0,1.29,0,MC1
2.0,0.0,0.5,0.0,4.0,0.01,6.0,1.72,0,MC1
1.0,0.0,0.33,0.0,6.0,0.01,11.0,6.09,0,MC1
1.0,0.0,0.5,0.0,4.0,0.01,6.0,1.72,0,MC1
1.0,0.0,0.5,0.0,4.0,0.01,6.0,1.72,0,MC1
1.0,0.0,1.0,0.0,2.0,0.0,5.0,0.56,0,MC1
1.0,0.0,0.5,0.0,4.0,0.01,6.0,1.72,0,MC1
1.0,0.0,0.5,0.0,4.0,0.0,5.0,1.29,0,MC1
1.0,0.0,0.5,0.0,4.0,0.01,6.0,1.72,0,MC1
1.0,2.0,0.4,0.0,5.0,0.01,8.0,3.12,0,MC1
1.0,2.0,0.67,0.0,3.0,0.0,4.0,0.67,0,MC1
1.0,0.0,0.67,0.0,3.0,0.0,4.0,0.67,0,MC1
1.0,2.0,0.67,0.0,3.0,0.0,4.0,0.67,0,MC1
1.0,2.0,0.67,0.0,3.0,0.0,4.0,0.67,0,MC1
1.0,3.0,0.4,0.0,5.0,0.01,10.0,4.17,0,MC1
1.0,0.0,0.4,0.0,5.0,0.01,7.0,2.73,0,MC1
1.0,0.0,0.33,0.0,6.0,0.01,7.0,3.28,0,MC1
1.0,0.0,0.33,0.0,6.0,0.01,7.0,3.28,0,MC1
1.0,2.0,0.4,0.0,5.0,0.01,8.0,3.12,0,MC1
1.0,2.0,0.67,0.0,3.0,0.0,4.0,0.67,0,MC1
1.0,0.0,0.67,0.0,3.0,0.0,4.0,0.67,0,MC1
1.0,2.0,0.67,0.0,3.0,0.0,4.0,0.67,0,MC1
1.0,2.0,0.67,0.0,3.0,0.0,4.0,0.67,0,MC1
1.0,0.0,0.67,0.0,3.0,0.0,4.0,0.67,0,MC1
1.0,0.0,0.67,0.0,3.0,0.0,4.0,0.67,0,MC1
1.0,0.0,0.5,0.0,4.0,0.01,6.0,1.72,0,MC1
1.0,0.0,0.33,0.0,6.0,0.01,9.0,4.5,0,MC1
1.0,0.0,0.17,0.0,8.0,0.02,15.0,16.61,0,MC1
1.0,0.0,0.33,0.0,6.0,0.01,9.0,4.75,0,MC1
1.0,0.0,0.33,0.0,6.0,0.01,9.0,4.75,0,MC1
1.0,0.0,0.33,0.0,6.0,0.01,9.0,4.75,0,MC1
1.0,0.0,0.33,0.0,6.0,0.01,9.0,4.75,0,MC1
2.0,4.0,0.17,0.0,10.0,0.03,21.0,27.35,0,MC1
1.0,2.0,0.33,0.0,6.0,0.01,10.0,5.28,0,MC1
1.0,2.0,0.33,0.0,6.0,0.01,10.0,5.28,0,MC1
1.0,0.0,0.0,0.0,0.0,0.0,1.0,0.0,0,MC1
1.0,4.0,0.14,0.0,8.0,0.02,20.0,27.88,0,MC1
2.0,4.0,0.14,0.0,11.0,0.05,35.0,61.07,0,MC1
2.0,8.0,0.1,0.0,13.0,0.08,52.0,138.07,0,MC1
7.0,55.0,0.03,1.0,22.0,0.33,184.0,2232.3,0,MC1
1.0,0.0,0.15,0.0,8.0,0.02,16.0,20.5,0,MC1
3.0,23.0,0.05,0.0,17.0,0.13,80.0,441.16,0,MC1
1.0,0.0,0.13,0.0,9.0,0.02,18.0,26.89,0,MC1
3.0,19.0,0.09,0.0,12.0,0.07,46.0,126.11,0,MC1
3.0,19.0,0.1,0.0,12.0,0.07,48.0,128.38,0,MC1
2.0,12.0,0.11,0.0,11.0,0.04,31.0,65.39,0,MC1
5.0,12.0,0.06,0.0,13.0,0.1,63.0,265.51,0,MC1
1.0,4.0,0.38,0.0,4.0,0.01,9.0,3.74,0,MC1
3.0,13.0,0.14,0.0,9.0,0.04,29.0,45.57,0,MC1
3.0,13.0,0.13,0.0,10.0,0.04,31.0,53.86,0,MC1
2.0,4.0,0.15,0.0,8.0,0.03,21.0,29.61,0,MC1
1.0,0.0,0.33,0.0,6.0,0.01,7.0,3.28,0,MC1
2.0,0.0,0.13,0.0,9.0,0.02,14.0,20.91,0,MC1
1.0,0.0,0.4,0.0,5.0,0.01,7.0,2.73,0,MC1
2.0,0.0,0.2,0.0,8.0,0.02,13.0,12.95,0,MC1
1.0,0.0,0.33,0.0,6.0,0.01,7.0,3.28,0,MC1
2.0,0.0,0.13,0.0,9.0,0.02,14.0,20.91,0,MC1
1.0,0.0,0.4,0.0,5.0,0.01,7.0,2.73,0,MC1
2.0,0.0,0.2,0.0,8.0,0.02,13.0,12.95,0,MC1
1.0,6.0,0.2,0.0,7.0,0.03,23.0,24.32,0,MC1
2.0,0.0,0.5,0.0,4.0,0.01,6.0,1.72,0,MC1
2.0,0.0,0.4,0.0,5.0,0.01,7.0,2.73,0,MC1
4.0,11.0,0.06,0.0,14.0,0.07,45.0,175.69,0,MC1
2.0,3.0,0.25,0.0,8.0,0.02,15.0,12.69,0,MC1
1.0,0.0,0.5,0.0,4.0,0.01,6.0,1.72,0,MC1
1.0,0.0,0.5,0.0,4.0,0.01,6.0,1.72,0,MC1
1.0,0.0,0.0,0.0,1.0,0.0,1.0,0.0,0,MC1
1.0,2.0,0.5,0.0,4.0,0.01,9.0,3.0,0,MC1
1.0,0.0,0.5,0.0,4.0,0.01,6.0,1.72,0,MC1
1.0,0.0,0.5,0.0,4.0,0.01,6.0,1.72,0,MC1
1.0,0.0,0.5,0.0,4.0,0.01,7.0,2.18,0,MC1
1.0,0.0,0.5,0.0,4.0,0.01,7.0,2.18,0,MC1
1.0,0.0,0.5,0.0,4.0,0.01,6.0,1.72,0,MC1
1.0,0.0,0.67,0.0,3.0,0.0,5.0,0.97,0,MC1
1.0,1.0,0.67,0.0,3.0,0.0,5.0,0.97,0,MC1
1.0,0.0,0.5,0.0,4.0,0.0,5.0,1.29,0,MC1
1.0,2.0,0.5,0.0,4.0,0.01,6.0,1.72,0,MC1
1.0,1.0,0.0,0.0,1.0,0.0,1.0,0.0,0,MC1
1.0,2.0,0.5,0.0,4.0,0.01,6.0,1.72,0,MC1
1.0,0.0,0.4,0.0,5.0,0.01,9.0,3.23,0,MC1
1.0,0.0,0.5,0.0,4.0,0.01,6.0,1.72,0,MC1
1.0,0.0,0.21,0.0,7.0,0.02,15.0,12.92,0,MC1
3.0,7.0,0.08,0.0,14.0,0.05,35.0,113.81,0,MC1
3.0,7.0,0.08,0.0,14.0,0.05,35.0,113.81,0,MC1
2.0,5.0,0.24,0.0,7.0,0.02,19.0,15.95,0,MC1
2.0,4.0,0.18,0.0,9.0,0.02,17.0,19.66,0,MC1
1.0,0.0,0.0,0.0,0.0,0.0,0.0,0.0,0,MC1
1.0,0.0,0.0,0.0,1.0,0.0,1.0,0.0,0,MC1
1.0,0.0,0.0,0.0,0.0,0.0,0.0,0.0,0,MC1
1.0,0.0,0.4,0.0,5.0,0.01,6.0,2.15,0,MC1
1.0,0.0,0.0,0.0,1.0,0.0,1.0,0.0,0,MC1
1.0,0.0,0.0,0.0,0.0,0.0,0.0,0.0,0,MC1
1.0,0.0,0.0,0.0,3.0,0.0,3.0,0.0,0,MC1
1.0,0.0,0.0,0.0,2.0,0.0,2.0,0.0,0,MC1
1.0,0.0,0.0,0.0,1.0,0.0,1.0,0.0,0,MC1
1.0,0.0,0.0,0.0,0.0,0.0,0.0,0.0,0,MC1
1.0,0.0,0.67,0.0,3.0,0.0,4.0,0.67,0,MC1
1.0,0.0,0.67,0.0,3.0,0.0,4.0,0.67,0,MC1
1.0,0.0,0.29,0.0,7.0,0.01,12.0,8.07,0,MC1
1.0,0.0,0.0,0.0,0.0,0.0,0.0,0.0,0,MC1
1.0,0.0,0.0,0.0,0.0,0.0,0.0,0.0,0,MC1
1.0,0.0,0.0,0.0,0.0,0.0,0.0,0.0,0,MC1
1.0,0.0,0.0,0.0,0.0,0.0,0.0,0.0,0,MC1
2.0,0.0,0.0,0.0,0.0,0.0,0.0,0.0,0,MC1
1.0,0.0,0.0,0.0,0.0,0.0,0.0,0.0,0,MC1
1.0,0.0,0.0,0.0,0.0,0.0,0.0,0.0,0,MC1
1.0,0.0,0.0,0.0,1.0,0.0,1.0,0.0,0,MC1
1.0,0.0,0.0,0.0,1.0,0.0,1.0,0.0,0,MC1
1.0,0.0,0.0,0.0,0.0,0.0,0.0,0.0,0,MC1
1.0,0.0,0.0,0.0,0.0,0.0,0.0,0.0,0,MC1
1.0,0.0,0.22,0.0,6.0,0.01,11.0,8.25,0,MC1
2.0,8.0,0.1,0.0,12.0,0.05,34.0,79.6,0,MC1
2.0,8.0,0.1,0.0,12.0,0.05,34.0,79.6,0,MC1
3.0,24.0,0.11,1.0,9.0,0.2,113.0,289.08,0,MC1
3.0,24.0,0.11,1.0,9.0,0.2,113.0,289.08,0,MC1
1.0,0.0,0.0,0.0,1.0,0.0,1.0,0.0,0,MC1
1.0,0.0,0.0,0.0,0.0,0.0,0.0,0.0,0,MC1
1.0,0.0,0.0,0.0,1.0,0.0,1.0,0.0,0,MC1
1.0,0.0,0.0,0.0,0.0,0.0,0.0,0.0,0,MC1
1.0,0.0,0.0,0.0,1.0,0.0,1.0,0.0,0,MC1
1.0,0.0,0.0,0.0,0.0,0.0,0.0,0.0,0,MC1
6.0,24.0,0.06,3.0,11.0,0.29,168.0,796.17,0,MC1
6.0,24.0,0.06,3.0,11.0,0.29,168.0,796.17,0,MC1
1.0,3.0,0.33,0.0,6.0,0.01,9.0,4.75,0,MC1
1.0,3.0,0.33,0.0,6.0,0.01,9.0,4.75,0,MC1
2.0,5.0,0.29,0.0,7.0,0.02,15.0,10.46,0,MC1
2.0,5.0,0.29,0.0,7.0,0.02,15.0,10.46,0,MC1
2.0,4.0,0.18,0.0,7.0,0.02,17.0,18.96,0,MC1
2.0,4.0,0.18,0.0,7.0,0.02,17.0,18.96,0,MC1
1.0,0.0,0.67,0.0,3.0,0.0,5.0,0.97,0,MC1
1.0,0.0,0.67,0.0,3.0,0.0,5.0,0.97,0,MC1
1.0,2.0,0.13,0.0,8.0,0.02,17.0,26.14,0,MC1
1.0,0.0,0.4,0.0,5.0,0.01,10.0,4.4,0,MC1
1.0,0.0,0.4,0.0,5.0,0.01,10.0,4.4,0,MC1
1.0,0.0,0.67,0.0,3.0,0.0,5.0,0.97,0,MC1
1.0,0.0,0.67,0.0,3.0,0.0,5.0,0.97,0,MC1
1.0,0.0,0.5,0.0,4.0,0.01,6.0,1.72,0,MC1
1.0,0.0,0.5,0.0,4.0,0.01,6.0,1.72,0,MC1
1.0,0.0,0.5,0.0,4.0,0.01,6.0,1.72,0,MC1
1.0,0.0,0.5,0.0,4.0,0.01,6.0,1.72,0,MC1
1.0,0.0,0.5,0.0,4.0,0.01,6.0,1.72,0,MC1
1.0,0.0,0.5,0.0,4.0,0.01,6.0,1.72,0,MC1
1.0,0.0,0.5,0.0,4.0,0.01,6.0,1.72,0,MC1
1.0,0.0,0.5,0.0,4.0,0.01,6.0,1.72,0,MC1
1.0,2.0,0.11,0.0,9.0,0.02,19.0,35.15,0,MC1
2.0,7.0,0.14,0.0,9.0,0.04,28.0,46.49,0,MC1
1.0,0.0,0.67,0.0,3.0,0.0,5.0,0.97,0,MC1
1.0,0.0,0.4,0.0,5.0,0.01,8.0,3.33,0,MC1
1.0,0.0,0.5,0.0,4.0,0.01,6.0,1.72,0,MC1
1.0,0.0,0.5,0.0,4.0,0.01,6.0,1.72,0,MC1
1.0,0.0,0.29,0.0,7.0,0.01,8.0,4.67,0,MC1
1.0,0.0,0.67,0.0,3.0,0.0,5.0,0.97,0,MC1
1.0,0.0,0.5,0.0,4.0,0.01,6.0,1.72,0,MC1
1.0,0.0,0.5,0.0,4.0,0.01,6.0,1.72,0,MC1
1.0,9.0,0.1,0.0,11.0,0.06,39.0,94.91,0,MC1
1.0,9.0,0.1,0.0,11.0,0.06,39.0,94.91,0,MC1
1.0,0.0,0.17,0.0,8.0,0.02,15.0,16.61,0,MC1
1.0,0.0,0.17,0.0,8.0,0.02,15.0,16.61,0,MC1
1.0,0.0,0.17,0.0,8.0,0.02,15.0,16.61,0,MC1
1.0,0.0,0.67,0.0,3.0,0.0,4.0,0.67,0,MC1
1.0,0.0,0.67,0.0,3.0,0.0,4.0,0.67,0,MC1
1.0,0.0,0.67,0.0,3.0,0.0,4.0,0.67,0,MC1
1.0,0.0,0.67,0.0,3.0,0.0,4.0,0.67,0,MC1
1.0,0.0,0.67,0.0,3.0,0.0,4.0,0.67,0,MC1
1.0,0.0,0.67,0.0,3.0,0.0,4.0,0.67,0,MC1
1.0,0.0,0.67,0.0,3.0,0.0,4.0,0.67,0,MC1
1.0,0.0,0.67,0.0,3.0,0.0,4.0,0.67,0,MC1
1.0,0.0,0.67,0.0,3.0,0.0,4.0,0.67,0,MC1
1.0,0.0,0.67,0.0,3.0,0.0,4.0,0.67,0,MC1
1.0,0.0,0.67,0.0,3.0,0.0,4.0,0.67,0,MC1
1.0,0.0,0.67,0.0,3.0,0.0,4.0,0.67,0,MC1
1.0,0.0,0.67,0.0,3.0,0.0,4.0,0.67,0,MC1
1.0,0.0,0.67,0.0,3.0,0.0,4.0,0.67,0,MC1
1.0,3.0,0.33,0.0,5.0,0.02,14.0,7.75,0,MC1
1.0,3.0,0.33,0.0,5.0,0.02,14.0,7.75,0,MC1
5.0,27.0,0.1,3.0,11.0,0.17,101.0,293.57,0,MC1
5.0,27.0,0.1,3.0,11.0,0.17,101.0,293.57,0,MC1
5.0,27.0,0.1,3.0,11.0,0.19,109.0,308.06,0,MC1
5.0,27.0,0.1,3.0,11.0,0.19,109.0,308.06,0,MC1
3.0,14.0,0.13,1.0,9.0,0.07,47.0,86.02,0,MC1
3.0,14.0,0.13,1.0,9.0,0.07,47.0,86.02,0,MC1
7.0,27.0,0.08,6.0,12.0,0.2,113.0,392.45,0,MC1
7.0,27.0,0.08,6.0,12.0,0.2,113.0,392.45,0,MC1
1.0,3.0,0.33,0.0,5.0,0.02,14.0,7.75,0,MC1
1.0,3.0,0.33,0.0,5.0,0.02,14.0,7.75,0,MC1
1.0,0.0,0.5,0.0,4.0,0.01,6.0,1.72,0,MC1
1.0,0.0,0.5,0.0,4.0,0.01,6.0,1.72,0,MC1
1.0,0.0,0.5,0.0,4.0,0.01,6.0,1.72,0,MC1
1.0,0.0,0.5,0.0,4.0,0.01,6.0,1.72,0,MC1
1.0,0.0,0.5,0.0,4.0,0.01,6.0,1.72,0,MC1
1.0,0.0,0.5,0.0,4.0,0.01,6.0,1.72,0,MC1
1.0,0.0,0.5,0.0,4.0,0.01,6.0,1.72,0,MC1
1.0,0.0,0.5,0.0,4.0,0.01,6.0,1.72,0,MC1
1.0,0.0,0.67,0.0,3.0,0.0,5.0,0.97,0,MC1
1.0,0.0,0.67,0.0,3.0,0.0,4.0,0.67,0,MC1
2.0,0.0,0.5,0.0,4.0,0.01,6.0,1.72,0,MC1
2.0,0.0,0.5,0.0,4.0,0.01,6.0,1.72,0,MC1
1.0,0.0,0.5,0.0,4.0,0.0,5.0,1.29,0,MC1
1.0,0.0,0.5,0.0,4.0,0.0,5.0,1.29,0,MC1
2.0,0.0,0.5,0.0,4.0,0.01,6.0,1.72,0,MC1
2.0,0.0,0.5,0.0,4.0,0.01,6.0,1.72,0,MC1
3.0,10.0,0.14,0.0,9.0,0.07,45.0,77.18,0,MC1
3.0,10.0,0.14,0.0,9.0,0.07,45.0,77.18,0,MC1
1.0,0.0,0.33,0.0,6.0,0.01,11.0,6.09,0,MC1
1.0,0.0,0.5,0.0,4.0,0.01,6.0,1.72,0,MC1
1.0,0.0,0.5,0.0,4.0,0.01,6.0,1.72,0,MC1
1.0,0.0,0.5,0.0,4.0,0.01,6.0,1.72,0,MC1
1.0,0.0,0.5,0.0,4.0,0.01,6.0,1.72,0,MC1
1.0,0.0,0.5,0.0,4.0,0.01,6.0,1.72,0,MC1
1.0,0.0,0.5,0.0,4.0,0.01,6.0,1.72,0,MC1
1.0,0.0,0.5,0.0,4.0,0.0,5.0,1.29,0,MC1
1.0,0.0,0.5,0.0,4.0,0.0,5.0,1.29,0,MC1
1.0,0.0,0.5,0.0,4.0,0.01,6.0,1.72,0,MC1
1.0,0.0,0.5,0.0,4.0,0.01,6.0,1.72,0,MC1
4.0,19.0,0.1,1.0,10.0,0.16,98.0,259.85,0,MC1
4.0,19.0,0.1,1.0,10.0,0.16,98.0,259.85,0,MC1
3.0,16.0,0.12,1.0,10.0,0.09,57.0,127.45,0,MC1
3.0,16.0,0.12,1.0,10.0,0.09,57.0,127.45,0,MC1
3.0,16.0,0.12,1.0,10.0,0.09,57.0,127.45,0,MC1
3.0,16.0,0.12,1.0,10.0,0.09,57.0,127.45,0,MC1
3.0,15.0,0.15,1.0,10.0,0.07,44.0,76.05,0,MC1
3.0,15.0,0.15,1.0,10.0,0.07,44.0,76.05,0,MC1
1.0,2.0,0.4,0.0,5.0,0.01,8.0,3.12,0,MC1
1.0,2.0,0.4,0.0,5.0,0.01,8.0,3.12,0,MC1
1.0,2.0,0.67,0.0,3.0,0.0,4.0,0.67,0,MC1
1.0,0.0,0.67,0.0,3.0,0.0,4.0,0.67,0,MC1
1.0,2.0,0.67,0.0,3.0,0.0,4.0,0.67,0,MC1
1.0,2.0,0.67,0.0,3.0,0.0,4.0,0.67,0,MC1
1.0,2.0,0.67,0.0,3.0,0.0,4.0,0.67,0,MC1
1.0,3.0,0.4,0.0,5.0,0.01,10.0,4.17,0,MC1
1.0,0.0,0.4,0.0,5.0,0.01,7.0,2.73,0,MC1
1.0,0.0,0.33,0.0,6.0,0.01,7.0,3.28,0,MC1
1.0,0.0,0.33,0.0,6.0,0.01,7.0,3.28,0,MC1
1.0,2.0,0.4,0.0,5.0,0.01,8.0,3.12,0,MC1
1.0,2.0,0.4,0.0,5.0,0.01,8.0,3.12,0,MC1
1.0,2.0,0.67,0.0,3.0,0.0,4.0,0.67,0,MC1
1.0,0.0,0.67,0.0,3.0,0.0,4.0,0.67,0,MC1
1.0,2.0,0.67,0.0,3.0,0.0,4.0,0.67,0,MC1
1.0,2.0,0.67,0.0,3.0,0.0,4.0,0.67,0,MC1
1.0,2.0,0.67,0.0,3.0,0.0,4.0,0.67,0,MC1
1.0,0.0,0.67,0.0,3.0,0.0,4.0,0.67,0,MC1
1.0,0.0,0.67,0.0,3.0,0.0,4.0,0.67,0,MC1
1.0,0.0,0.4,0.0,5.0,0.01,7.0,2.73,0,MC1
1.0,0.0,0.0,0.0,3.0,0.0,3.0,0.0,0,MC1
1.0,0.0,0.5,0.0,4.0,0.01,6.0,1.72,0,MC1
1.0,0.0,0.5,0.0,4.0,0.01,6.0,1.72,0,MC1
1.0,3.0,0.5,0.0,4.0,0.01,8.0,2.5,0,MC1
1.0,3.0,0.5,0.0,4.0,0.01,8.0,2.5,0,MC1
1.0,0.0,0.67,0.0,3.0,0.0,6.0,1.16,0,MC1
1.0,0.0,0.67,0.0,3.0,0.0,6.0,1.16,0,MC1
6.0,20.0,0.09,0.0,13.0,0.16,92.0,298.71,0,MC1
6.0,20.0,0.09,0.0,13.0,0.16,92.0,298.71,0,MC1
1.0,27.0,0.07,0.0,13.0,0.16,94.0,357.31,0,MC1
1.0,27.0,0.07,0.0,13.0,0.16,94.0,357.31,0,MC1
1.0,20.0,0.05,0.0,18.0,0.13,77.0,403.98,0,MC1
1.0,30.0,0.07,0.0,13.0,0.19,114.0,479.9,0,MC1
1.0,30.0,0.07,0.0,13.0,0.19,114.0,479.9,0,MC1
1.0,27.0,0.07,0.0,13.0,0.16,94.0,357.31,0,MC1
1.0,27.0,0.07,0.0,13.0,0.16,94.0,357.31,0,MC1
1.0,0.0,0.67,0.0,3.0,0.0,6.0,1.16,0,MC1
1.0,0.0,0.5,0.0,4.0,0.01,8.0,2.5,0,MC1
1.0,0.0,0.67,0.0,3.0,0.0,6.0,1.16,0,MC1
1.0,0.0,0.5,0.0,4.0,0.01,8.0,2.5,0,MC1
1.0,0.0,0.33,0.0,6.0,0.01,9.0,4.5,0,MC1
1.0,0.0,0.33,0.0,6.0,0.01,9.0,4.5,0,MC1
1.0,0.0,0.17,0.0,8.0,0.02,15.0,16.61,0,MC1
1.0,9.0,0.21,0.0,5.0,0.05,38.0,39.18,0,MC1
1.0,9.0,0.21,0.0,5.0,0.05,38.0,39.18,0,MC1
1.0,9.0,0.2,0.0,5.0,0.06,43.0,47.78,0,MC1
1.0,9.0,0.2,0.0,5.0,0.06,43.0,47.78,0,MC1
1.0,0.0,0.67,0.0,3.0,0.0,5.0,0.97,0,MC1
1.0,0.0,0.67,0.0,3.0,0.0,5.0,0.97,0,MC1
1.0,0.0,0.67,0.0,3.0,0.0,5.0,0.97,0,MC1
1.0,0.0,0.67,0.0,3.0,0.0,5.0,0.97,0,MC1
1.0,0.0,0.67,0.0,3.0,0.0,5.0,0.97,0,MC1
1.0,0.0,0.67,0.0,3.0,0.0,5.0,0.97,0,MC1
2.0,10.0,0.18,0.0,8.0,0.05,34.0,44.11,0,MC1
2.0,10.0,0.18,0.0,8.0,0.05,34.0,44.11,0,MC1
3.0,12.0,0.13,0.0,9.0,0.05,35.0,60.0,0,MC1
3.0,13.0,0.11,1.0,10.0,0.07,49.0,108.7,0,MC1
3.0,13.0,0.11,1.0,10.0,0.07,49.0,108.7,0,MC1
9.0,28.0,0.05,0.0,14.0,0.25,145.0,789.13,0,MC1
9.0,28.0,0.05,0.0,14.0,0.25,145.0,789.13,0,MC1
1.0,0.0,0.33,0.0,6.0,0.01,9.0,4.75,0,MC1
1.0,0.0,0.33,0.0,6.0,0.01,9.0,4.75,0,MC1
1.0,0.0,0.33,0.0,6.0,0.01,9.0,4.75,0,MC1
1.0,0.0,0.33,0.0,6.0,0.01,9.0,4.75,0,MC1
2.0,4.0,0.17,0.0,10.0,0.03,21.0,27.35,0,MC1
11.0,41.0,0.05,4.0,13.0,0.5,269.0,1848.32,0,MC1
11.0,41.0,0.05,4.0,13.0,0.5,269.0,1848.32,0,MC1
4.0,27.0,0.1,1.0,10.0,0.25,142.0,443.1,0,MC1
4.0,27.0,0.1,1.0,10.0,0.25,142.0,443.1,0,MC1
11.0,43.0,0.04,5.0,13.0,0.52,283.0,2189.49,0,MC1
11.0,43.0,0.04,5.0,13.0,0.52,283.0,2189.49,0,MC1
11.0,46.0,0.04,10.0,13.0,0.54,290.0,2258.32,0,MC1
11.0,46.0,0.04,10.0,13.0,0.54,290.0,2258.32,0,MC1
11.0,49.0,0.04,11.0,13.0,0.6,322.0,2665.87,0,MC1
11.0,49.0,0.04,11.0,13.0,0.6,322.0,2665.87,0,MC1
4.0,15.0,0.1,0.0,10.0,0.09,62.0,149.82,0,MC1
4.0,15.0,0.1,0.0,10.0,0.09,62.0,149.82,0,MC1
12.0,44.0,0.04,4.0,15.0,0.53,283.0,2452.86,0,MC1
12.0,44.0,0.04,4.0,15.0,0.53,283.0,2452.86,0,MC1
21.0,91.0,0.02,13.0,15.0,1.36,679.0,10947.14,0,MC1
21.0,91.0,0.02,13.0,15.0,1.36,679.0,10947.14,0,MC1
21.0,91.0,0.02,13.0,15.0,1.36,679.0,10768.19,0,MC1
21.0,91.0,0.02,13.0,15.0,1.36,679.0,10768.19,0,MC1
6.0,24.0,0.07,3.0,11.0,0.27,155.0,675.8,0,MC1
6.0,24.0,0.07,3.0,11.0,0.27,155.0,675.8,0,MC1
11.0,40.0,0.04,4.0,13.0,0.46,253.0,1834.22,0,MC1
11.0,40.0,0.04,4.0,13.0,0.46,253.0,1834.22,0,MC1
11.0,42.0,0.04,6.0,13.0,0.48,265.0,2022.34,0,MC1
11.0,42.0,0.04,6.0,13.0,0.48,265.0,2022.34,0,MC1
21.0,74.0,0.02,8.0,16.0,1.01,515.0,7421.25,0,MC1
21.0,74.0,0.02,8.0,16.0,1.01,515.0,7421.25,0,MC1
11.0,41.0,0.04,5.0,13.0,0.47,259.0,1927.14,0,MC1
11.0,41.0,0.04,5.0,13.0,0.47,259.0,1927.14,0,MC1
11.0,40.0,0.05,4.0,13.0,0.47,253.0,1701.53,0,MC1
11.0,40.0,0.05,4.0,13.0,0.47,253.0,1701.53,0,MC1
4.0,15.0,0.12,1.0,11.0,0.1,64.0,146.46,0,MC1
4.0,15.0,0.12,1.0,11.0,0.1,64.0,146.46,0,MC1
5.0,16.0,0.1,1.0,13.0,0.12,73.0,210.75,0,MC1
5.0,16.0,0.1,1.0,13.0,0.12,73.0,210.75,0,MC1
7.0,27.0,0.08,0.0,13.0,0.23,125.0,465.38,0,MC1
7.0,27.0,0.08,0.0,13.0,0.23,125.0,465.38,0,MC1
8.0,27.0,0.07,0.0,15.0,0.24,128.0,551.17,0,MC1
8.0,27.0,0.07,0.0,15.0,0.24,128.0,551.17,0,MC1
6.0,17.0,0.09,0.0,10.0,0.11,75.0,217.48,0,MC1
6.0,17.0,0.09,0.0,10.0,0.11,75.0,217.48,0,MC1
7.0,25.0,0.09,0.0,13.0,0.21,117.0,405.03,0,MC1
7.0,25.0,0.09,0.0,13.0,0.21,117.0,405.03,0,MC1
1.0,2.0,0.33,0.0,6.0,0.01,9.0,4.75,0,MC1
1.0,2.0,0.33,0.0,6.0,0.01,9.0,4.75,0,MC1
3.0,10.0,0.13,0.0,9.0,0.07,45.0,82.36,0,MC1
3.0,10.0,0.13,0.0,9.0,0.07,45.0,82.36,0,MC1
3.0,12.0,0.13,0.0,9.0,0.06,42.0,77.84,0,MC1
3.0,12.0,0.13,0.0,9.0,0.06,42.0,77.84,0,MC1
7.0,24.0,0.08,0.0,13.0,0.19,109.0,380.16,0,MC1
7.0,24.0,0.08,0.0,13.0,0.19,109.0,380.16,0,MC1
8.0,26.0,0.07,0.0,15.0,0.22,120.0,523.25,0,MC1
8.0,26.0,0.07,0.0,15.0,0.22,120.0,523.25,0,MC1
7.0,24.0,0.08,0.0,13.0,0.19,109.0,380.16,0,MC1
7.0,24.0,0.08,0.0,13.0,0.19,109.0,380.16,0,MC1
3.0,9.0,0.11,1.0,9.0,0.08,56.0,128.11,0,MC1
3.0,9.0,0.11,1.0,9.0,0.08,56.0,128.11,0,MC1
6.0,23.0,0.07,0.0,15.0,0.18,103.0,420.25,0,MC1
6.0,23.0,0.07,0.0,15.0,0.18,103.0,420.25,0,MC1
6.0,23.0,0.07,0.0,15.0,0.18,103.0,420.25,0,MC1
6.0,23.0,0.07,0.0,15.0,0.18,103.0,420.25,0,MC1
6.0,23.0,0.07,0.0,15.0,0.18,103.0,420.25,0,MC1
6.0,23.0,0.07,0.0,15.0,0.18,103.0,420.25,0,MC1
3.0,8.0,0.13,1.0,9.0,0.05,35.0,60.81,0,MC1
3.0,8.0,0.13,1.0,9.0,0.05,35.0,60.81,0,MC1
3.0,8.0,0.15,0.0,8.0,0.04,31.0,44.78,0,MC1
3.0,8.0,0.15,0.0,8.0,0.04,31.0,44.78,0,MC1
1.0,0.0,0.67,0.0,3.0,0.0,5.0,0.97,0,MC1
1.0,0.0,0.67,0.0,3.0,0.0,4.0,0.67,0,MC1
1.0,4.0,0.14,0.0,8.0,0.02,20.0,27.88,0,MC1
2.0,4.0,0.14,0.0,11.0,0.05,35.0,61.07,0,MC1
2.0,8.0,0.1,0.0,13.0,0.08,52.0,138.07,0,MC1
7.0,55.0,0.03,1.0,22.0,0.33,184.0,2232.3,0,MC1
1.0,0.0,0.15,0.0,8.0,0.02,16.0,20.5,0,MC1
3.0,23.0,0.05,0.0,17.0,0.13,80.0,441.16,0,MC1
1.0,0.0,0.13,0.0,9.0,0.02,18.0,26.89,0,MC1
3.0,19.0,0.09,0.0,12.0,0.07,46.0,126.11,0,MC1
2.0,12.0,0.11,0.0,11.0,0.04,31.0,65.39,0,MC1
5.0,12.0,0.06,0.0,13.0,0.1,63.0,265.51,0,MC1
1.0,4.0,0.38,0.0,4.0,0.01,9.0,3.74,0,MC1
3.0,13.0,0.14,0.0,9.0,0.04,29.0,45.57,0,MC1
3.0,13.0,0.13,0.0,10.0,0.04,31.0,53.86,0,MC1
2.0,4.0,0.15,0.0,8.0,0.03,21.0,29.61,0,MC1
1.0,0.0,0.33,0.0,6.0,0.01,7.0,3.28,0,MC1
2.0,0.0,0.13,0.0,9.0,0.02,14.0,20.91,0,MC1
1.0,0.0,0.4,0.0,5.0,0.01,7.0,2.73,0,MC1
2.0,0.0,0.2,0.0,8.0,0.02,13.0,12.95,0,MC1
1.0,6.0,0.2,0.0,7.0,0.03,23.0,24.32,0,MC1
2.0,0.0,0.5,0.0,4.0,0.01,6.0,1.72,0,MC1
2.0,0.0,0.4,0.0,5.0,0.01,7.0,2.73,0,MC1
4.0,11.0,0.06,0.0,14.0,0.07,45.0,175.69,0,MC1
2.0,3.0,0.25,0.0,8.0,0.02,15.0,12.69,0,MC1
1.0,0.0,0.0,0.0,1.0,0.0,1.0,0.0,0,MC1
1.0,2.0,0.5,0.0,4.0,0.01,9.0,3.0,0,MC1
1.0,0.0,0.5,0.0,4.0,0.01,6.0,1.72,0,MC1
1.0,0.0,0.5,0.0,4.0,0.01,6.0,1.72,0,MC1
1.0,0.0,0.5,0.0,4.0,0.01,6.0,1.72,0,MC1
1.0,0.0,0.67,0.0,3.0,0.0,5.0,0.97,0,MC1
1.0,1.0,0.67,0.0,3.0,0.0,5.0,0.97,0,MC1
1.0,0.0,0.5,0.0,4.0,0.0,5.0,1.29,0,MC1
1.0,2.0,0.5,0.0,4.0,0.01,6.0,1.72,0,MC1
1.0,1.0,0.0,0.0,1.0,0.0,1.0,0.0,0,MC1
1.0,2.0,0.5,0.0,4.0,0.01,6.0,1.72,0,MC1
1.0,0.0,0.4,0.0,5.0,0.01,9.0,3.23,0,MC1
1.0,1.0,0.0,0.0,1.0,0.0,1.0,0.0,0,MC1
1.0,0.0,0.5,0.0,4.0,0.01,6.0,1.72,0,MC1
1.0,0.0,0.21,0.0,7.0,0.02,15.0,12.92,0,MC1
3.0,7.0,0.08,0.0,14.0,0.05,35.0,113.81,0,MC1
2.0,5.0,0.24,0.0,7.0,0.02,19.0,15.95,0,MC1
2.0,4.0,0.18,0.0,9.0,0.02,17.0,19.66,0,MC1
1.0,0.0,0.0,0.0,0.0,0.0,0.0,0.0,0,MC1
1.0,0.0,0.4,0.0,5.0,0.01,6.0,2.15,0,MC1
1.0,0.0,0.29,0.0,7.0,0.01,12.0,8.07,0,MC1
1.0,0.0,0.0,0.0,0.0,0.0,0.0,0.0,0,MC1
1.0,0.0,0.0,0.0,0.0,0.0,0.0,0.0,0,MC1
1.0,0.0,0.0,0.0,0.0,0.0,0.0,0.0,0,MC1
1.0,0.0,0.0,0.0,0.0,0.0,0.0,0.0,0,MC1
2.0,0.0,0.0,0.0,0.0,0.0,0.0,0.0,0,MC1
1.0,0.0,0.0,0.0,0.0,0.0,0.0,0.0,0,MC1
1.0,0.0,0.0,0.0,0.0,0.0,0.0,0.0,0,MC1
1.0,0.0,0.22,0.0,6.0,0.01,11.0,8.25,0,MC1
2.0,8.0,0.1,0.0,12.0,0.05,34.0,79.6,0,MC1
1.0,4.0,0.3,0.0,6.0,0.03,20.0,14.47,0,MC1
1.0,3.0,0.33,0.0,6.0,0.01,9.0,4.75,0,MC1
2.0,5.0,0.29,0.0,7.0,0.02,15.0,10.46,0,MC1
2.0,4.0,0.18,0.0,7.0,0.02,17.0,18.96,0,MC1
1.0,0.0,0.67,0.0,3.0,0.0,5.0,0.97,0,MC1
1.0,0.0,0.4,0.0,5.0,0.01,10.0,4.4,0,MC1
1.0,0.0,0.67,0.0,3.0,0.0,5.0,0.97,0,MC1
1.0,0.0,0.5,0.0,4.0,0.01,6.0,1.72,0,MC1
1.0,0.0,0.5,0.0,4.0,0.01,6.0,1.72,0,MC1
1.0,0.0,0.5,0.0,4.0,0.01,6.0,1.72,0,MC1
1.0,0.0,0.5,0.0,4.0,0.01,6.0,1.72,0,MC1
1.0,0.0,0.4,0.0,5.0,0.01,8.0,3.33,0,MC1
1.0,0.0,0.5,0.0,4.0,0.01,6.0,1.72,0,MC1
1.0,0.0,0.29,0.0,7.0,0.01,8.0,4.67,0,MC1
1.0,0.0,0.5,0.0,4.0,0.01,6.0,1.72,0,MC1
1.0,0.0,0.17,0.0,8.0,0.02,15.0,16.61,0,MC1
1.0,0.0,0.17,0.0,8.0,0.02,15.0,16.61,0,MC1
1.0,0.0,0.17,0.0,8.0,0.02,15.0,16.61,0,MC1
1.0,0.0,0.5,0.0,4.0,0.01,6.0,1.72,0,MC1
1.0,0.0,0.5,0.0,4.0,0.01,6.0,1.72,0,MC1
1.0,0.0,0.5,0.0,4.0,0.01,6.0,1.72,0,MC1
1.0,0.0,0.5,0.0,4.0,0.01,6.0,1.72,0,MC1
2.0,0.0,0.5,0.0,4.0,0.01,6.0,1.72,0,MC1
1.0,0.0,0.5,0.0,4.0,0.0,5.0,1.29,0,MC1
2.0,0.0,0.5,0.0,4.0,0.01,6.0,1.72,0,MC1
1.0,0.0,0.33,0.0,6.0,0.01,11.0,6.09,0,MC1
1.0,0.0,0.5,0.0,4.0,0.01,6.0,1.72,0,MC1
1.0,0.0,0.5,0.0,4.0,0.01,6.0,1.72,0,MC1
1.0,0.0,0.5,0.0,4.0,0.01,6.0,1.72,0,MC1
1.0,0.0,0.5,0.0,4.0,0.0,5.0,1.29,0,MC1
1.0,0.0,0.5,0.0,4.0,0.01,6.0,1.72,0,MC1
1.0,2.0,0.4,0.0,5.0,0.01,8.0,3.12,0,MC1
1.0,2.0,0.67,0.0,3.0,0.0,4.0,0.67,0,MC1
1.0,0.0,0.67,0.0,3.0,0.0,4.0,0.67,0,MC1
1.0,2.0,0.67,0.0,3.0,0.0,4.0,0.67,0,MC1
1.0,2.0,0.67,0.0,3.0,0.0,4.0,0.67,0,MC1
1.0,3.0,0.4,0.0,5.0,0.01,10.0,4.17,0,MC1
1.0,0.0,0.4,0.0,5.0,0.01,7.0,2.73,0,MC1
1.0,0.0,0.33,0.0,6.0,0.01,7.0,3.28,0,MC1
1.0,0.0,0.33,0.0,6.0,0.01,7.0,3.28,0,MC1
1.0,2.0,0.4,0.0,5.0,0.01,8.0,3.12,0,MC1
1.0,2.0,0.67,0.0,3.0,0.0,4.0,0.67,0,MC1
1.0,0.0,0.67,0.0,3.0,0.0,4.0,0.67,0,MC1
1.0,2.0,0.67,0.0,3.0,0.0,4.0,0.67,0,MC1
1.0,2.0,0.67,0.0,3.0,0.0,4.0,0.67,0,MC1
1.0,0.0,0.67,0.0,3.0,0.0,4.0,0.67,0,MC1
1.0,0.0,0.67,0.0,3.0,0.0,4.0,0.67,0,MC1
1.0,0.0,0.5,0.0,4.0,0.01,6.0,1.72,0,MC1
1.0,0.0,0.33,0.0,6.0,0.01,9.0,4.5,0,MC1
1.0,0.0,0.17,0.0,8.0,0.02,15.0,16.61,0,MC1
1.0,0.0,0.33,0.0,6.0,0.01,9.0,4.75,0,MC1
1.0,0.0,0.33,0.0,6.0,0.01,9.0,4.75,0,MC1
1.0,0.0,0.33,0.0,6.0,0.01,9.0,4.75,0,MC1
1.0,0.0,0.33,0.0,6.0,0.01,9.0,4.75,0,MC1
2.0,4.0,0.17,0.0,10.0,0.03,21.0,27.35,0,MC1
1.0,2.0,0.4,0.0,5.0,0.01,6.0,2.15,0,MC1
3.0,11.0,0.19,0.0,9.0,0.05,33.0,42.14,0,MC1
6.0,25.0,0.1,0.0,12.0,0.12,73.0,196.95,1,MC1
4.0,20.0,0.07,0.0,14.0,0.07,44.0,156.91,0,MC1
4.0,20.0,0.08,1.0,12.0,0.08,52.0,160.73,1,MC1
2.0,7.0,0.2,0.0,7.0,0.02,17.0,16.59,0,MC1
12.0,77.0,0.05,11.0,21.0,0.52,249.0,1825.91,1,MC1
22.0,53.0,0.03,1.0,17.0,0.46,249.0,2329.17,1,MC1
4.0,30.0,0.14,0.0,9.0,0.1,64.0,120.48,0,MC1
1.0,4.0,0.5,0.0,4.0,0.01,9.0,3.0,0,MC1
2.0,11.0,0.1,0.0,7.0,0.12,83.0,198.52,0,MC1
1.0,91.0,0.02,0.0,24.0,0.86,427.0,7005.45,0,MC1
19.0,79.0,0.02,0.0,23.0,0.67,341.0,5411.2,0,MC1
17.0,78.0,0.03,0.0,18.0,0.56,295.0,3239.61,0,MC1
6.0,22.0,0.07,0.0,16.0,0.08,52.0,190.0,0,MC1
3.0,26.0,0.11,0.0,9.0,0.11,69.0,160.21,0,MC1
11.0,39.0,0.04,0.0,21.0,0.29,156.0,1367.19,0,MC1
7.0,30.0,0.05,0.0,19.0,0.14,84.0,471.88,0,MC1
1.0,12.0,0.16,0.0,4.0,0.06,56.0,67.65,0,MC1
1.0,12.0,0.16,0.0,4.0,0.06,56.0,67.65,0,MC1
1.0,12.0,0.06,0.0,12.0,0.1,72.0,311.18,0,MC1
1.0,12.0,0.06,0.0,12.0,0.1,72.0,311.18,0,MC1
2.0,13.0,0.1,7.0,9.0,0.14,88.0,238.27,0,MC1
2.0,13.0,0.1,7.0,9.0,0.14,88.0,238.27,0,MC1
1.0,8.0,0.19,7.0,5.0,0.09,61.0,77.12,0,MC1
1.0,8.0,0.19,7.0,5.0,0.09,61.0,77.12,0,MC1
2.0,15.0,0.07,7.0,12.0,0.12,75.0,269.44,0,MC1
2.0,15.0,0.07,7.0,12.0,0.12,75.0,269.44,0,MC1
7.0,55.0,0.03,3.0,22.0,0.51,259.0,2719.83,0,MC1
7.0,55.0,0.03,3.0,22.0,0.51,259.0,2719.83,0,MC1
3.0,10.0,0.12,0.0,12.0,0.08,48.0,105.76,0,MC1
3.0,10.0,0.12,0.0,12.0,0.08,48.0,105.76,0,MC1
6.0,37.0,0.02,1.0,20.0,0.49,262.0,3367.82,0,MC1
6.0,37.0,0.02,1.0,20.0,0.49,262.0,3367.82,0,MC1
3.0,15.0,0.09,1.0,15.0,0.14,79.0,268.22,0,MC1
3.0,15.0,0.09,1.0,15.0,0.14,79.0,268.22,0,MC1
6.0,38.0,0.03,1.0,18.0,0.49,264.0,3098.72,0,MC1
6.0,38.0,0.03,1.0,18.0,0.49,264.0,3098.72,0,MC1
3.0,19.0,0.04,0.0,14.0,0.14,90.0,531.93,0,MC1
3.0,19.0,0.04,0.0,14.0,0.14,90.0,531.93,0,MC1
3.0,20.0,0.05,0.0,17.0,0.16,97.0,595.47,0,MC1
3.0,20.0,0.05,0.0,16.0,0.16,96.0,549.59,0,MC1
3.0,19.0,0.04,0.0,15.0,0.15,96.0,618.14,0,MC1
3.0,19.0,0.04,0.0,15.0,0.15,96.0,618.14,0,MC1
3.0,20.0,0.05,0.0,18.0,0.16,96.0,593.79,0,MC1
3.0,20.0,0.05,0.0,18.0,0.17,97.0,599.98,0,MC1
1.0,10.0,0.28,0.0,4.0,0.06,46.0,35.03,0,MC1
1.0,10.0,0.28,0.0,4.0,0.06,46.0,35.03,0,MC1
1.0,9.0,0.28,0.0,4.0,0.05,41.0,29.97,0,MC1
1.0,9.0,0.28,0.0,4.0,0.05,41.0,29.97,0,MC1
1.0,9.0,0.28,0.0,4.0,0.05,41.0,29.97,0,MC1
1.0,9.0,0.28,0.0,4.0,0.05,41.0,29.97,0,MC1
13.0,94.0,0.01,6.0,24.0,1.05,536.0,13606.14,0,MC1
13.0,94.0,0.01,6.0,24.0,1.05,536.0,13606.14,0,MC1
2.0,9.0,0.15,0.0,9.0,0.03,22.0,32.22,0,MC1
2.0,9.0,0.15,0.0,9.0,0.03,22.0,32.22,0,MC1
1.0,16.0,0.05,4.0,10.0,0.26,153.0,782.39,0,MC1
1.0,16.0,0.05,4.0,10.0,0.26,153.0,782.39,0,MC1
2.0,8.0,0.14,0.0,10.0,0.06,39.0,67.85,0,MC1
2.0,8.0,0.14,0.0,10.0,0.06,39.0,67.85,0,MC1
4.0,41.0,0.02,0.0,17.0,0.49,278.0,4166.42,0,MC1
4.0,41.0,0.02,0.0,17.0,0.49,278.0,4166.42,0,MC1
2.0,15.0,0.1,1.0,12.0,0.13,76.0,210.9,0,MC1
2.0,15.0,0.1,1.0,12.0,0.13,76.0,210.9,0,MC1
4.0,44.0,0.02,0.0,16.0,0.56,320.0,4738.99,0,MC1
4.0,44.0,0.02,0.0,16.0,0.56,320.0,4738.99,0,MC1
3.0,19.0,0.05,0.0,13.0,0.14,89.0,482.25,0,MC1
3.0,19.0,0.05,0.0,13.0,0.14,89.0,482.25,0,MC1
3.0,20.0,0.04,0.0,18.0,0.23,132.0,975.77,0,MC1
3.0,20.0,0.04,0.0,18.0,0.22,131.0,968.38,0,MC1
3.0,19.0,0.04,0.0,14.0,0.15,95.0,564.38,0,MC1
3.0,19.0,0.04,0.0,14.0,0.15,95.0,564.38,0,MC1
3.0,21.0,0.04,0.0,18.0,0.22,130.0,952.13,0,MC1
3.0,21.0,0.04,0.0,18.0,0.23,131.0,959.45,0,MC1
2.0,21.0,0.06,0.0,13.0,0.2,124.0,574.03,0,MC1
2.0,21.0,0.06,0.0,13.0,0.2,124.0,574.03,0,MC1
4.0,11.0,0.1,0.0,13.0,0.05,37.0,92.68,0,MC1
4.0,11.0,0.1,0.0,13.0,0.05,37.0,92.68,0,MC1
2.0,13.0,0.1,7.0,9.0,0.14,88.0,238.27,0,MC1
2.0,13.0,0.1,7.0,9.0,0.14,88.0,238.27,0,MC1
1.0,8.0,0.19,7.0,5.0,0.09,61.0,77.12,0,MC1
1.0,8.0,0.19,7.0,5.0,0.09,61.0,77.12,0,MC1
2.0,15.0,0.07,7.0,12.0,0.12,75.0,269.44,0,MC1
2.0,15.0,0.07,7.0,12.0,0.12,75.0,269.44,0,MC1
7.0,55.0,0.03,3.0,22.0,0.51,259.0,2719.83,0,MC1
7.0,55.0,0.03,3.0,22.0,0.51,259.0,2719.83,0,MC1
3.0,10.0,0.12,0.0,12.0,0.08,48.0,105.76,0,MC1
3.0,10.0,0.12,0.0,12.0,0.08,48.0,105.76,0,MC1
6.0,37.0,0.02,1.0,20.0,0.49,262.0,3367.82,0,MC1
6.0,37.0,0.02,1.0,20.0,0.49,262.0,3367.82,0,MC1
3.0,15.0,0.09,1.0,15.0,0.14,79.0,268.22,0,MC1
3.0,15.0,0.09,1.0,15.0,0.14,79.0,268.22,0,MC1
6.0,38.0,0.03,1.0,18.0,0.49,264.0,3098.72,0,MC1
6.0,38.0,0.03,1.0,18.0,0.49,264.0,3098.72,0,MC1
3.0,19.0,0.04,0.0,14.0,0.14,90.0,531.93,0,MC1
3.0,19.0,0.04,0.0,14.0,0.14,90.0,531.93,0,MC1
3.0,19.0,0.03,0.0,21.0,0.2,114.0,1046.96,0,MC1
3.0,19.0,0.03,0.0,21.0,0.2,114.0,1046.96,0,MC1
3.0,19.0,0.04,0.0,15.0,0.15,96.0,618.14,0,MC1
3.0,19.0,0.04,0.0,15.0,0.15,96.0,618.14,0,MC1
3.0,23.0,0.03,0.0,22.0,0.22,122.0,1059.56,0,MC1
3.0,23.0,0.03,0.0,22.0,0.22,122.0,1059.56,0,MC1
1.0,17.0,0.19,0.0,4.0,0.11,81.0,96.0,0,MC1
1.0,17.0,0.19,0.0,4.0,0.11,81.0,96.0,0,MC1
1.0,9.0,0.28,0.0,4.0,0.05,41.0,29.97,0,MC1
1.0,9.0,0.28,0.0,4.0,0.05,41.0,29.97,0,MC1
1.0,9.0,0.28,0.0,4.0,0.05,41.0,29.97,0,MC1
1.0,9.0,0.28,0.0,4.0,0.05,41.0,29.97,0,MC1
3.0,10.0,0.07,0.0,17.0,0.07,46.0,181.52,0,MC1
3.0,10.0,0.07,0.0,17.0,0.07,46.0,181.52,0,MC1
13.0,94.0,0.01,6.0,24.0,1.05,536.0,13606.14,0,MC1
13.0,94.0,0.01,6.0,24.0,1.05,536.0,13606.14,0,MC1
2.0,9.0,0.15,0.0,9.0,0.03,22.0,32.22,0,MC1
2.0,9.0,0.15,0.0,9.0,0.03,22.0,32.22,0,MC1
1.0,16.0,0.05,4.0,10.0,0.26,153.0,782.39,0,MC1
1.0,16.0,0.05,4.0,10.0,0.26,153.0,782.39,0,MC1
2.0,8.0,0.14,0.0,10.0,0.06,39.0,67.85,0,MC1
2.0,8.0,0.14,0.0,10.0,0.06,39.0,67.85,0,MC1
4.0,41.0,0.02,0.0,17.0,0.49,278.0,4166.42,0,MC1
4.0,41.0,0.02,0.0,17.0,0.49,278.0,4166.42,0,MC1
2.0,15.0,0.1,1.0,12.0,0.13,76.0,210.9,0,MC1
2.0,15.0,0.1,1.0,12.0,0.13,76.0,210.9,0,MC1
4.0,44.0,0.02,0.0,16.0,0.56,320.0,4738.99,0,MC1
4.0,44.0,0.02,0.0,16.0,0.56,320.0,4738.99,0,MC1
3.0,19.0,0.05,0.0,13.0,0.14,89.0,482.25,0,MC1
3.0,19.0,0.05,0.0,13.0,0.14,89.0,482.25,0,MC1
3.0,19.0,0.03,0.0,20.0,0.2,118.0,1024.53,0,MC1
3.0,19.0,0.03,0.0,20.0,0.2,118.0,1024.53,0,MC1
3.0,19.0,0.04,0.0,14.0,0.15,95.0,564.38,0,MC1
3.0,19.0,0.04,0.0,14.0,0.15,95.0,564.38,0,MC1
3.0,23.0,0.04,0.0,21.0,0.23,127.0,1046.26,0,MC1
3.0,23.0,0.04,0.0,21.0,0.23,127.0,1046.26,0,MC1
1.0,19.0,0.07,0.0,11.0,0.18,118.0,466.43,0,MC1
1.0,19.0,0.07,0.0,11.0,0.18,118.0,466.43,0,MC1
4.0,11.0,0.1,0.0,13.0,0.05,37.0,92.68,0,MC1
4.0,11.0,0.1,0.0,13.0,0.05,37.0,92.68,0,MC1
3.0,10.0,0.07,0.0,17.0,0.07,46.0,181.52,0,MC1
3.0,10.0,0.07,0.0,17.0,0.07,46.0,181.52,0,MC1
1.0,9.0,0.16,0.0,6.0,0.09,62.0,95.7,0,MC1
1.0,9.0,0.16,0.0,6.0,0.09,62.0,95.7,0,MC1
1.0,11.0,0.05,0.0,14.0,0.18,111.0,592.91,0,MC1
1.0,11.0,0.05,0.0,14.0,0.18,111.0,592.91,0,MC1
2.0,8.0,0.18,0.0,8.0,0.03,25.0,31.01,0,MC1
2.0,8.0,0.18,0.0,8.0,0.03,25.0,31.01,0,MC1
4.0,53.0,0.01,0.0,23.0,0.79,440.0,15730.04,0,MC1
4.0,53.0,0.01,0.0,23.0,0.79,440.0,15730.04,0,MC1
2.0,14.0,0.08,0.0,13.0,0.09,57.0,181.76,0,MC1
2.0,14.0,0.08,0.0,13.0,0.09,57.0,181.76,0,MC1
4.0,62.0,0.01,0.0,24.0,0.92,497.0,18717.34,0,MC1
4.0,62.0,0.01,0.0,24.0,0.92,497.0,18717.34,0,MC1
11.0,49.0,0.01,0.0,25.0,0.49,270.0,5482.79,0,MC1
11.0,49.0,0.01,0.0,25.0,0.49,270.0,5482.79,0,MC1
11.0,58.0,0.01,0.0,27.0,0.66,353.0,8851.4,0,MC1
11.0,58.0,0.01,0.0,27.0,0.66,353.0,8851.4,0,MC1
11.0,59.0,0.02,0.0,26.0,0.63,332.0,6909.42,0,MC1
11.0,59.0,0.02,0.0,26.0,0.63,332.0,6909.42,0,MC1
11.0,63.0,0.01,0.0,28.0,0.74,382.0,9542.81,0,MC1
11.0,63.0,0.01,0.0,28.0,0.74,382.0,9542.81,0,MC1
3.0,15.0,0.08,0.0,14.0,0.07,46.0,155.84,0,MC1
3.0,15.0,0.08,0.0,14.0,0.07,46.0,155.84,0,MC1
2.0,24.0,0.11,0.0,10.0,0.17,100.0,249.02,0,MC1
2.0,24.0,0.11,0.0,10.0,0.17,100.0,249.02,0,MC1
1.0,11.0,0.28,0.0,4.0,0.07,51.0,40.25,0,MC1
1.0,11.0,0.28,0.0,4.0,0.07,51.0,40.25,0,MC1
2.0,19.0,0.11,0.0,10.0,0.12,75.0,171.37,0,MC1
2.0,19.0,0.11,0.0,10.0,0.12,75.0,171.37,0,MC1
2.0,12.0,0.09,0.0,11.0,0.05,34.0,84.93,0,MC1
2.0,12.0,0.09,0.0,11.0,0.05,34.0,84.93,0,MC1
2.0,8.0,0.14,0.0,9.0,0.04,30.0,47.14,0,MC1
2.0,8.0,0.14,0.0,9.0,0.04,30.0,47.14,0,MC1
2.0,12.0,0.1,0.0,11.0,0.05,36.0,85.19,0,MC1
2.0,12.0,0.1,0.0,11.0,0.05,36.0,85.19,0,MC1
5.0,21.0,0.05,0.0,19.0,0.12,73.0,385.28,0,MC1
5.0,21.0,0.05,0.0,19.0,0.12,73.0,385.28,0,MC1
6.0,42.0,0.03,0.0,20.0,0.63,319.0,4004.13,0,MC1
6.0,42.0,0.03,0.0,20.0,0.63,319.0,4004.13,0,MC1
2.0,8.0,0.13,0.0,9.0,0.04,28.0,45.58,0,MC1
2.0,8.0,0.13,0.0,9.0,0.04,28.0,45.58,0,MC1
3.0,10.0,0.07,0.0,17.0,0.07,46.0,181.52,0,MC1
3.0,10.0,0.07,0.0,17.0,0.07,46.0,181.52,0,MC1
1.0,11.0,0.05,0.0,13.0,0.15,98.0,531.02,0,MC1
1.0,11.0,0.05,0.0,13.0,0.15,98.0,531.02,0,MC1
2.0,9.0,0.15,0.0,10.0,0.03,22.0,32.59,0,MC1
2.0,9.0,0.15,0.0,10.0,0.03,22.0,32.59,0,MC1
1.0,2.0,0.25,0.0,8.0,0.02,14.0,11.15,0,MC1
1.0,2.0,0.25,0.0,8.0,0.02,14.0,11.15,0,MC1
1.0,24.0,0.04,0.0,13.0,0.44,237.0,1747.72,0,MC1
1.0,24.0,0.04,0.0,13.0,0.44,237.0,1747.72,0,MC1
2.0,8.0,0.16,0.0,9.0,0.03,26.0,37.14,0,MC1
2.0,8.0,0.16,0.0,9.0,0.03,26.0,37.14,0,MC1
4.0,35.0,0.01,0.0,21.0,0.45,262.0,5320.25,0,MC1
4.0,35.0,0.01,0.0,21.0,0.45,262.0,5320.25,0,MC1
2.0,15.0,0.08,0.0,15.0,0.1,61.0,212.49,0,MC1
2.0,15.0,0.08,0.0,15.0,0.1,61.0,212.49,0,MC1
4.0,44.0,0.01,0.0,22.0,0.57,319.0,7585.82,0,MC1
4.0,44.0,0.01,0.0,22.0,0.57,319.0,7585.82,0,MC1
11.0,49.0,0.01,0.0,25.0,0.49,270.0,5482.79,0,MC1
11.0,49.0,0.01,0.0,25.0,0.49,270.0,5482.79,0,MC1
11.0,58.0,0.01,0.0,26.0,0.66,357.0,8574.48,0,MC1
11.0,58.0,0.01,0.0,26.0,0.66,357.0,8574.48,0,MC1
11.0,61.0,0.01,0.0,27.0,0.65,341.0,7324.58,0,MC1
11.0,61.0,0.01,0.0,27.0,0.65,341.0,7324.58,0,MC1
11.0,63.0,0.01,0.0,27.0,0.74,386.0,9255.78,0,MC1
11.0,63.0,0.01,0.0,27.0,0.74,386.0,9255.78,0,MC1
1.0,14.0,0.06,0.0,12.0,0.15,95.0,387.17,0,MC1
1.0,14.0,0.06,0.0,12.0,0.15,95.0,387.17,0,MC1
3.0,16.0,0.06,0.0,15.0,0.12,74.0,342.56,0,MC1
3.0,16.0,0.06,0.0,15.0,0.12,74.0,342.56,0,MC1
3.0,10.0,0.07,0.0,17.0,0.07,46.0,181.52,0,MC1
3.0,10.0,0.07,0.0,17.0,0.07,46.0,181.52,0,MC1
1.0,7.0,0.18,1.0,7.0,0.04,29.0,33.74,0,MC1
1.0,7.0,0.18,1.0,7.0,0.04,29.0,33.74,0,MC1
2.0,13.0,0.08,9.0,14.0,0.11,67.0,231.6,0,MC1
2.0,13.0,0.08,9.0,14.0,0.11,67.0,231.6,0,MC1
1.0,3.0,0.5,2.0,4.0,0.01,10.0,3.33,0,MC1
1.0,3.0,0.5,2.0,4.0,0.01,10.0,3.33,0,MC1
3.0,22.0,0.06,8.0,17.0,0.12,74.0,372.74,0,MC1
3.0,22.0,0.06,8.0,17.0,0.12,74.0,372.74,0,MC1
6.0,20.0,0.06,0.0,15.0,0.13,79.0,336.34,0,MC1
5.0,14.0,0.05,1.0,13.0,0.09,60.0,309.29,0,MC1
1.0,2.0,0.33,0.0,6.0,0.01,7.0,3.28,0,MC1
1.0,2.0,0.33,0.0,6.0,0.01,7.0,3.28,0,MC1
16.0,64.0,0.03,2.0,24.0,0.42,221.0,2487.13,0,MC1
16.0,64.0,0.03,2.0,24.0,0.42,221.0,2487.13,0,MC1
2.0,14.0,0.07,4.0,14.0,0.09,59.0,206.71,0,MC1
2.0,14.0,0.08,4.0,14.0,0.09,59.0,193.02,0,MC1
6.0,37.0,0.03,10.0,25.0,0.29,161.0,1934.16,0,MC1
6.0,37.0,0.03,10.0,25.0,0.3,163.0,1829.09,0,MC1
9.0,42.0,0.03,9.0,27.0,0.36,190.0,2197.54,1,MC1
9.0,42.0,0.02,9.0,26.0,0.3,164.0,2028.13,1,MC1
2.0,16.0,0.08,8.0,14.0,0.11,66.0,224.44,0,MC1
2.0,16.0,0.08,8.0,14.0,0.11,66.0,224.44,0,MC1
2.0,16.0,0.08,7.0,14.0,0.11,66.0,224.44,0,MC1
12.0,61.0,0.02,17.0,31.0,0.77,378.0,7406.45,1,MC1
6.0,41.0,0.04,10.0,17.0,0.34,192.0,1447.56,0,MC1
6.0,41.0,0.04,10.0,17.0,0.34,192.0,1396.54,0,MC1
2.0,16.0,0.08,7.0,14.0,0.11,66.0,224.44,0,MC1
10.0,49.0,0.04,18.0,21.0,0.32,175.0,1439.39,0,MC1
10.0,49.0,0.04,18.0,21.0,0.32,175.0,1439.39,0,MC1
8.0,49.0,0.03,13.0,20.0,0.5,268.0,3124.28,0,MC1
8.0,49.0,0.03,13.0,20.0,0.53,276.0,2720.85,0,MC1
12.0,61.0,0.02,17.0,31.0,0.75,374.0,8157.46,1,MC1
192.0,392.0,0.0,6.0,60.0,12.46,5227.0,1731100.99,0,MC1
192.0,392.0,0.0,6.0,60.0,12.46,5227.0,1731100.99,0,MC1
2.0,16.0,0.22,0.0,8.0,0.05,32.0,36.04,0,MC1
3.0,31.0,0.08,0.0,14.0,0.2,112.0,414.38,0,MC1
1.0,4.0,0.17,0.0,8.0,0.02,19.0,22.7,0,MC1
1.0,4.0,0.17,0.0,8.0,0.02,19.0,22.7,0,MC1
1.0,3.0,0.4,0.0,5.0,0.01,9.0,3.75,0,MC1
1.0,3.0,0.4,0.0,5.0,0.01,9.0,3.75,0,MC1
4.0,32.0,0.06,3.0,17.0,0.29,158.0,828.87,0,MC1
4.0,32.0,0.05,3.0,19.0,0.3,161.0,977.68,0,MC1
19.0,77.0,0.03,0.0,34.0,0.68,317.0,4194.78,0,MC1
21.0,85.0,0.03,0.0,35.0,0.77,353.0,5073.16,0,MC1
2.0,5.0,0.15,0.0,11.0,0.03,20.0,29.33,0,MC1
2.0,5.0,0.17,0.0,10.0,0.02,19.0,24.74,0,MC1
2.0,10.0,0.1,0.0,12.0,0.04,27.0,62.55,0,MC1
2.0,10.0,0.11,0.0,11.0,0.04,26.0,54.12,0,MC1
2.0,10.0,0.11,0.0,11.0,0.04,26.0,54.12,0,MC1
2.0,10.0,0.1,0.0,12.0,0.04,27.0,62.55,0,MC1
2.0,5.0,0.17,0.0,10.0,0.02,19.0,24.74,0,MC1
2.0,5.0,0.17,0.0,10.0,0.02,19.0,24.74,0,MC1
2.0,10.0,0.11,0.0,11.0,0.04,26.0,54.12,0,MC1
2.0,10.0,0.11,0.0,11.0,0.04,26.0,54.12,0,MC1
1.0,4.0,0.14,0.0,8.0,0.02,20.0,27.88,0,MC1
2.0,4.0,0.14,0.0,11.0,0.05,35.0,61.07,0,MC1
2.0,8.0,0.1,0.0,13.0,0.08,52.0,138.07,0,MC1
7.0,55.0,0.03,1.0,22.0,0.33,184.0,2232.3,0,MC1
1.0,0.0,0.15,0.0,8.0,0.02,16.0,20.5,0,MC1
3.0,23.0,0.05,0.0,17.0,0.13,80.0,441.16,0,MC1
1.0,0.0,0.13,0.0,9.0,0.02,18.0,26.89,0,MC1
3.0,19.0,0.09,0.0,12.0,0.07,46.0,126.11,0,MC1
2.0,12.0,0.11,0.0,11.0,0.04,31.0,65.39,0,MC1
5.0,12.0,0.06,0.0,13.0,0.1,63.0,265.51,0,MC1
1.0,4.0,0.38,0.0,4.0,0.01,9.0,3.74,0,MC1
3.0,13.0,0.14,0.0,9.0,0.04,29.0,45.57,0,MC1
3.0,13.0,0.13,0.0,10.0,0.04,31.0,53.86,0,MC1
2.0,4.0,0.15,0.0,8.0,0.03,21.0,29.61,0,MC1
1.0,0.0,0.33,0.0,6.0,0.01,7.0,3.28,0,MC1
2.0,0.0,0.13,0.0,9.0,0.02,14.0,20.91,0,MC1
1.0,0.0,0.4,0.0,5.0,0.01,7.0,2.73,0,MC1
2.0,0.0,0.2,0.0,8.0,0.02,13.0,12.95,0,MC1
1.0,6.0,0.2,0.0,7.0,0.03,23.0,24.32,0,MC1
2.0,0.0,0.5,0.0,4.0,0.01,6.0,1.72,0,MC1
2.0,0.0,0.4,0.0,5.0,0.01,7.0,2.73,0,MC1
4.0,11.0,0.06,0.0,14.0,0.07,45.0,175.69,0,MC1
1.0,6.0,0.15,0.0,6.0,0.03,24.0,29.9,0,MC1
2.0,10.0,0.14,0.0,10.0,0.03,24.0,36.46,0,MC1
2.0,3.0,0.25,0.0,8.0,0.02,15.0,12.69,0,MC1
1.0,0.0,0.0,0.0,1.0,0.0,1.0,0.0,0,MC1
1.0,2.0,0.5,0.0,4.0,0.01,9.0,3.0,0,MC1
1.0,0.0,0.5,0.0,4.0,0.01,6.0,1.72,0,MC1
1.0,0.0,0.5,0.0,4.0,0.01,6.0,1.72,0,MC1
1.0,0.0,0.4,0.0,5.0,0.01,6.0,2.15,0,MC1
1.0,0.0,0.4,0.0,5.0,0.01,6.0,2.15,0,MC1
1.0,0.0,0.4,0.0,5.0,0.01,6.0,2.15,0,MC1
1.0,0.0,0.5,0.0,4.0,0.01,6.0,1.72,0,MC1
1.0,0.0,0.67,0.0,3.0,0.0,5.0,0.97,0,MC1
6.0,21.0,0.04,0.0,9.0,0.08,61.0,338.59,0,MC1
5.0,18.0,0.04,0.0,9.0,0.06,49.0,278.13,0,MC1
1.0,0.0,0.0,0.0,1.0,0.0,1.0,0.0,0,MC1
1.0,0.0,0.67,0.0,3.0,0.0,5.0,0.97,0,MC1
2.0,3.0,0.11,0.0,7.0,0.01,14.0,21.57,0,MC1
2.0,3.0,0.11,0.0,7.0,0.01,14.0,21.57,0,MC1
1.0,1.0,0.67,0.0,3.0,0.0,5.0,0.97,0,MC1
1.0,0.0,0.5,0.0,4.0,0.0,5.0,1.29,0,MC1
1.0,2.0,0.5,0.0,4.0,0.01,6.0,1.72,0,MC1
1.0,1.0,0.0,0.0,1.0,0.0,1.0,0.0,0,MC1
1.0,2.0,0.5,0.0,4.0,0.01,6.0,1.72,0,MC1
1.0,0.0,0.4,0.0,5.0,0.01,9.0,3.23,0,MC1
1.0,0.0,0.5,0.0,4.0,0.01,6.0,1.72,0,MC1
1.0,0.0,0.21,0.0,7.0,0.02,15.0,12.92,0,MC1
3.0,7.0,0.08,0.0,14.0,0.05,35.0,113.81,0,MC1
2.0,5.0,0.24,0.0,7.0,0.02,19.0,15.95,0,MC1
2.0,4.0,0.18,0.0,9.0,0.02,17.0,19.66,0,MC1
1.0,0.0,0.0,0.0,0.0,0.0,0.0,0.0,0,MC1
1.0,0.0,0.4,0.0,5.0,0.01,6.0,2.15,0,MC1
1.0,2.0,0.4,0.0,4.0,0.01,11.0,4.58,0,MC1
1.0,0.0,0.29,0.0,7.0,0.01,12.0,8.07,0,MC1
1.0,0.0,0.0,0.0,0.0,0.0,0.0,0.0,0,MC1
1.0,0.0,0.0,0.0,0.0,0.0,0.0,0.0,0,MC1
1.0,0.0,0.0,0.0,0.0,0.0,0.0,0.0,0,MC1
1.0,0.0,0.0,0.0,0.0,0.0,0.0,0.0,0,MC1
2.0,0.0,0.0,0.0,0.0,0.0,0.0,0.0,0,MC1
1.0,0.0,0.0,0.0,0.0,0.0,0.0,0.0,0,MC1
1.0,0.0,0.0,0.0,0.0,0.0,0.0,0.0,0,MC1
2.0,0.0,0.0,0.0,0.0,0.0,0.0,0.0,0,MC1
1.0,0.0,0.22,0.0,6.0,0.01,11.0,8.25,0,MC1
2.0,8.0,0.1,0.0,12.0,0.05,34.0,79.6,0,MC1
1.0,3.0,0.3,0.0,5.0,0.01,11.0,6.11,0,MC1
1.0,0.0,0.4,0.0,5.0,0.01,8.0,3.33,0,MC1
1.0,0.0,0.5,0.0,4.0,0.01,6.0,1.72,0,MC1
1.0,0.0,0.29,0.0,7.0,0.01,8.0,4.67,0,MC1
1.0,0.0,0.5,0.0,4.0,0.01,6.0,1.72,0,MC1
1.0,3.0,0.33,0.0,6.0,0.01,9.0,4.75,0,MC1
2.0,5.0,0.29,0.0,7.0,0.02,15.0,10.46,0,MC1
1.0,0.0,0.33,0.0,6.0,0.01,7.0,3.28,0,MC1
1.0,0.0,0.33,0.0,6.0,0.01,7.0,3.28,0,MC1
1.0,0.0,0.33,0.0,6.0,0.01,7.0,3.28,0,MC1
1.0,0.0,0.5,0.0,4.0,0.0,5.0,1.29,0,MC1
2.0,4.0,0.18,0.0,7.0,0.02,17.0,18.96,0,MC1
1.0,0.0,0.67,0.0,3.0,0.0,5.0,0.97,0,MC1
1.0,0.0,0.4,0.0,5.0,0.01,10.0,4.4,0,MC1
1.0,0.0,0.67,0.0,3.0,0.0,5.0,0.97,0,MC1
1.0,0.0,0.5,0.0,4.0,0.01,6.0,1.72,0,MC1
1.0,0.0,0.5,0.0,4.0,0.01,6.0,1.72,0,MC1
1.0,0.0,0.5,0.0,4.0,0.01,6.0,1.72,0,MC1
1.0,0.0,0.5,0.0,4.0,0.01,6.0,1.72,0,MC1
1.0,0.0,0.17,0.0,8.0,0.02,15.0,16.61,0,MC1
1.0,0.0,0.17,0.0,8.0,0.02,15.0,16.61,0,MC1
1.0,0.0,0.17,0.0,8.0,0.02,15.0,16.61,0,MC1
1.0,0.0,0.5,0.0,4.0,0.0,5.0,1.29,0,MC1
1.0,0.0,0.5,0.0,4.0,0.01,6.0,1.72,0,MC1
1.0,0.0,0.5,0.0,4.0,0.01,6.0,1.72,0,MC1
1.0,0.0,0.5,0.0,4.0,0.01,6.0,1.72,0,MC1
1.0,0.0,0.5,0.0,4.0,0.01,6.0,1.72,0,MC1
2.0,0.0,0.5,0.0,4.0,0.01,6.0,1.72,0,MC1
1.0,0.0,0.5,0.0,4.0,0.0,5.0,1.29,0,MC1
2.0,0.0,0.5,0.0,4.0,0.01,6.0,1.72,0,MC1
1.0,0.0,0.33,0.0,6.0,0.01,11.0,6.09,0,MC1
1.0,0.0,0.5,0.0,4.0,0.01,6.0,1.72,0,MC1
1.0,0.0,0.5,0.0,4.0,0.01,6.0,1.72,0,MC1
1.0,0.0,1.0,0.0,2.0,0.0,5.0,0.56,0,MC1
1.0,0.0,0.5,0.0,4.0,0.01,6.0,1.72,0,MC1
1.0,0.0,0.5,0.0,4.0,0.0,5.0,1.29,0,MC1
1.0,0.0,0.5,0.0,4.0,0.01,6.0,1.72,0,MC1
1.0,2.0,0.4,0.0,5.0,0.01,8.0,3.12,0,MC1
1.0,2.0,0.67,0.0,3.0,0.0,4.0,0.67,0,MC1
1.0,0.0,0.67,0.0,3.0,0.0,4.0,0.67,0,MC1
1.0,2.0,0.67,0.0,3.0,0.0,4.0,0.67,0,MC1
1.0,2.0,0.67,0.0,3.0,0.0,4.0,0.67,0,MC1
1.0,3.0,0.4,0.0,5.0,0.01,10.0,4.17,0,MC1
1.0,0.0,0.4,0.0,5.0,0.01,7.0,2.73,0,MC1
1.0,0.0,0.33,0.0,6.0,0.01,7.0,3.28,0,MC1
1.0,0.0,0.33,0.0,6.0,0.01,7.0,3.28,0,MC1
1.0,2.0,0.4,0.0,5.0,0.01,8.0,3.12,0,MC1
1.0,2.0,0.67,0.0,3.0,0.0,4.0,0.67,0,MC1
1.0,0.0,0.67,0.0,3.0,0.0,4.0,0.67,0,MC1
1.0,2.0,0.67,0.0,3.0,0.0,4.0,0.67,0,MC1
1.0,2.0,0.67,0.0,3.0,0.0,4.0,0.67,0,MC1
1.0,0.0,0.67,0.0,3.0,0.0,4.0,0.67,0,MC1
1.0,0.0,0.67,0.0,3.0,0.0,4.0,0.67,0,MC1
1.0,0.0,0.5,0.0,4.0,0.01,6.0,1.72,0,MC1
1.0,0.0,0.33,0.0,6.0,0.01,9.0,4.5,0,MC1
1.0,0.0,0.17,0.0,8.0,0.02,15.0,16.61,0,MC1
1.0,0.0,0.33,0.0,6.0,0.01,9.0,4.75,0,MC1
1.0,0.0,0.33,0.0,6.0,0.01,9.0,4.75,0,MC1
1.0,0.0,0.33,0.0,6.0,0.01,9.0,4.75,0,MC1
1.0,0.0,0.33,0.0,6.0,0.01,9.0,4.75,0,MC1
2.0,4.0,0.17,0.0,10.0,0.03,21.0,27.35,0,MC1
1.0,2.0,0.33,0.0,6.0,0.01,10.0,5.28,0,MC1
1.0,2.0,0.33,0.0,6.0,0.01,10.0,5.28,0,MC1
1.0,0.0,0.0,0.0,0.0,0.0,1.0,0.0,0,MC1
1.0,4.0,0.14,0.0,8.0,0.02,20.0,27.88,0,MC1
2.0,4.0,0.14,0.0,11.0,0.05,35.0,61.07,0,MC1
2.0,8.0,0.1,0.0,13.0,0.08,52.0,138.07,0,MC1
7.0,55.0,0.03,1.0,22.0,0.33,184.0,2232.3,0,MC1
1.0,0.0,0.15,0.0,8.0,0.02,16.0,20.5,0,MC1
3.0,23.0,0.05,0.0,17.0,0.13,80.0,441.16,0,MC1
1.0,0.0,0.13,0.0,9.0,0.02,18.0,26.89,0,MC1
3.0,19.0,0.09,0.0,12.0,0.07,46.0,126.11,0,MC1
2.0,12.0,0.11,0.0,11.0,0.04,31.0,65.39,0,MC1
5.0,12.0,0.06,0.0,13.0,0.1,63.0,265.51,0,MC1
1.0,4.0,0.38,0.0,4.0,0.01,9.0,3.74,0,MC1
3.0,13.0,0.14,0.0,9.0,0.04,29.0,45.57,0,MC1
3.0,13.0,0.13,0.0,10.0,0.04,31.0,53.86,0,MC1
2.0,4.0,0.15,0.0,8.0,0.03,21.0,29.61,0,MC1
1.0,0.0,0.33,0.0,6.0,0.01,7.0,3.28,0,MC1
2.0,0.0,0.13,0.0,9.0,0.02,14.0,20.91,0,MC1
1.0,0.0,0.4,0.0,5.0,0.01,7.0,2.73,0,MC1
2.0,0.0,0.2,0.0,8.0,0.02,13.0,12.95,0,MC1
1.0,6.0,0.2,0.0,7.0,0.03,23.0,24.32,0,MC1
2.0,0.0,0.5,0.0,4.0,0.01,6.0,1.72,0,MC1
2.0,0.0,0.4,0.0,5.0,0.01,7.0,2.73,0,MC1
4.0,11.0,0.06,0.0,14.0,0.07,45.0,175.69,0,MC1
2.0,3.0,0.25,0.0,8.0,0.02,15.0,12.69,0,MC1
1.0,0.0,0.0,0.0,1.0,0.0,1.0,0.0,0,MC1
1.0,2.0,0.5,0.0,4.0,0.01,9.0,3.0,0,MC1
1.0,0.0,0.5,0.0,4.0,0.01,6.0,1.72,0,MC1
1.0,0.0,0.5,0.0,4.0,0.01,6.0,1.72,0,MC1
1.0,0.0,0.5,0.0,4.0,0.01,6.0,1.72,0,MC1
1.0,0.0,0.67,0.0,3.0,0.0,5.0,0.97,0,MC1
1.0,1.0,0.67,0.0,3.0,0.0,5.0,0.97,0,MC1
1.0,0.0,0.5,0.0,4.0,0.0,5.0,1.29,0,MC1
1.0,2.0,0.5,0.0,4.0,0.01,6.0,1.72,0,MC1
1.0,1.0,0.0,0.0,1.0,0.0,1.0,0.0,0,MC1
1.0,2.0,0.5,0.0,4.0,0.01,6.0,1.72,0,MC1
1.0,0.0,0.4,0.0,5.0,0.01,9.0,3.23,0,MC1
1.0,0.0,0.5,0.0,4.0,0.01,6.0,1.72,0,MC1
1.0,0.0,0.21,0.0,7.0,0.02,15.0,12.92,0,MC1
3.0,7.0,0.08,0.0,14.0,0.05,35.0,113.81,0,MC1
2.0,5.0,0.24,0.0,7.0,0.02,19.0,15.95,0,MC1
2.0,4.0,0.18,0.0,9.0,0.02,17.0,19.66,0,MC1
1.0,0.0,0.0,0.0,0.0,0.0,0.0,0.0,0,MC1
1.0,0.0,0.4,0.0,5.0,0.01,6.0,2.15,0,MC1
1.0,0.0,0.29,0.0,7.0,0.01,12.0,8.07,0,MC1
1.0,0.0,0.0,0.0,0.0,0.0,0.0,0.0,0,MC1
1.0,0.0,0.0,0.0,0.0,0.0,0.0,0.0,0,MC1
1.0,0.0,0.0,0.0,0.0,0.0,0.0,0.0,0,MC1
1.0,0.0,0.0,0.0,0.0,0.0,0.0,0.0,0,MC1
2.0,0.0,0.0,0.0,0.0,0.0,0.0,0.0,0,MC1
1.0,0.0,0.0,0.0,0.0,0.0,0.0,0.0,0,MC1
1.0,0.0,0.0,0.0,0.0,0.0,0.0,0.0,0,MC1
1.0,0.0,0.22,0.0,6.0,0.01,11.0,8.25,0,MC1
2.0,8.0,0.1,0.0,12.0,0.05,34.0,79.6,0,MC1
1.0,0.0,0.4,0.0,5.0,0.01,8.0,3.33,0,MC1
1.0,0.0,0.5,0.0,4.0,0.01,6.0,1.72,0,MC1
1.0,0.0,0.29,0.0,7.0,0.01,8.0,4.67,0,MC1
1.0,0.0,0.5,0.0,4.0,0.01,6.0,1.72,0,MC1
2.0,5.0,0.23,0.0,7.0,0.02,15.0,12.61,0,MC1
1.0,4.0,0.33,0.0,4.0,0.02,16.0,8.0,0,MC1
1.0,4.0,0.33,0.0,4.0,0.02,16.0,8.0,0,MC1
1.0,4.0,0.23,0.0,7.0,0.04,29.0,27.57,0,MC1
1.0,4.0,0.67,0.0,3.0,0.01,13.0,3.43,0,MC1
1.0,4.0,0.25,0.0,7.0,0.03,25.0,21.15,0,MC1
1.0,2.0,0.67,0.0,3.0,0.0,4.0,0.67,0,MC1
1.0,2.0,0.67,0.0,3.0,0.0,4.0,0.67,0,MC1
1.0,2.0,0.67,0.0,3.0,0.0,4.0,0.67,0,MC1
1.0,2.0,0.67,0.0,3.0,0.0,4.0,0.67,0,MC1
2.0,6.0,0.17,0.0,9.0,0.03,23.0,29.57,0,MC1
6.0,20.0,0.11,0.0,8.0,0.05,43.0,84.89,0,MC1
3.0,4.0,0.19,0.0,7.0,0.02,21.0,21.19,0,MC1
1.0,3.0,0.33,0.0,6.0,0.01,9.0,4.75,0,MC1
2.0,5.0,0.29,0.0,7.0,0.02,15.0,10.46,0,MC1
2.0,4.0,0.18,0.0,7.0,0.02,17.0,18.96,0,MC1
1.0,0.0,0.67,0.0,3.0,0.0,5.0,0.97,0,MC1
1.0,0.0,0.4,0.0,5.0,0.01,10.0,4.4,0,MC1
1.0,0.0,0.67,0.0,3.0,0.0,5.0,0.97,0,MC1
1.0,0.0,0.5,0.0,4.0,0.01,6.0,1.72,0,MC1
1.0,0.0,0.5,0.0,4.0,0.01,6.0,1.72,0,MC1
1.0,0.0,0.5,0.0,4.0,0.01,6.0,1.72,0,MC1
1.0,0.0,0.5,0.0,4.0,0.01,6.0,1.72,0,MC1
2.0,7.0,0.14,0.0,9.0,0.04,28.0,46.49,0,MC1
1.0,0.0,0.17,0.0,8.0,0.02,15.0,16.61,0,MC1
1.0,0.0,0.17,0.0,8.0,0.02,15.0,16.61,0,MC1
1.0,0.0,0.17,0.0,8.0,0.02,15.0,16.61,0,MC1
1.0,0.0,0.5,0.0,4.0,0.01,6.0,1.72,0,MC1
1.0,0.0,0.5,0.0,4.0,0.01,6.0,1.72,0,MC1
1.0,0.0,0.5,0.0,4.0,0.01,6.0,1.72,0,MC1
1.0,0.0,0.5,0.0,4.0,0.01,6.0,1.72,0,MC1
2.0,0.0,0.5,0.0,4.0,0.01,6.0,1.72,0,MC1
1.0,0.0,0.5,0.0,4.0,0.0,5.0,1.29,0,MC1
2.0,0.0,0.5,0.0,4.0,0.01,6.0,1.72,0,MC1
1.0,0.0,0.33,0.0,6.0,0.01,11.0,6.09,0,MC1
1.0,0.0,0.5,0.0,4.0,0.01,6.0,1.72,0,MC1
1.0,0.0,0.5,0.0,4.0,0.01,6.0,1.72,0,MC1
1.0,0.0,0.5,0.0,4.0,0.01,6.0,1.72,0,MC1
1.0,0.0,0.5,0.0,4.0,0.0,5.0,1.29,0,MC1
1.0,0.0,0.5,0.0,4.0,0.01,6.0,1.72,0,MC1
1.0,2.0,0.4,0.0,5.0,0.01,8.0,3.12,0,MC1
1.0,2.0,0.67,0.0,3.0,0.0,4.0,0.67,0,MC1
1.0,0.0,0.67,0.0,3.0,0.0,4.0,0.67,0,MC1
1.0,2.0,0.67,0.0,3.0,0.0,4.0,0.67,0,MC1
1.0,2.0,0.67,0.0,3.0,0.0,4.0,0.67,0,MC1
1.0,3.0,0.4,0.0,5.0,0.01,10.0,4.17,0,MC1
1.0,0.0,0.4,0.0,5.0,0.01,7.0,2.73,0,MC1
1.0,0.0,0.33,0.0,6.0,0.01,7.0,3.28,0,MC1
1.0,0.0,0.33,0.0,6.0,0.01,7.0,3.28,0,MC1
1.0,2.0,0.4,0.0,5.0,0.01,8.0,3.12,0,MC1
1.0,2.0,0.67,0.0,3.0,0.0,4.0,0.67,0,MC1
1.0,0.0,0.67,0.0,3.0,0.0,4.0,0.67,0,MC1
1.0,2.0,0.67,0.0,3.0,0.0,4.0,0.67,0,MC1
1.0,2.0,0.67,0.0,3.0,0.0,4.0,0.67,0,MC1
1.0,0.0,0.67,0.0,3.0,0.0,4.0,0.67,0,MC1
1.0,0.0,0.67,0.0,3.0,0.0,4.0,0.67,0,MC1
1.0,0.0,0.5,0.0,4.0,0.01,6.0,1.72,0,MC1
1.0,0.0,0.33,0.0,6.0,0.01,9.0,4.5,0,MC1
1.0,0.0,0.17,0.0,8.0,0.02,15.0,16.61,0,MC1
1.0,0.0,0.33,0.0,6.0,0.01,9.0,4.75,0,MC1
1.0,0.0,0.33,0.0,6.0,0.01,9.0,4.75,0,MC1
1.0,0.0,0.33,0.0,6.0,0.01,9.0,4.75,0,MC1
1.0,0.0,0.33,0.0,6.0,0.01,9.0,4.75,0,MC1
2.0,4.0,0.17,0.0,10.0,0.03,21.0,27.35,0,MC1
1.0,0.0,0.0,0.0,1.0,0.0,1.0,0.0,0,MC1
1.0,0.0,0.4,0.0,5.0,0.01,7.0,2.73,0,MC1
1.0,0.0,0.67,0.0,3.0,0.0,5.0,0.97,0,MC1
1.0,2.0,0.67,0.0,3.0,0.0,5.0,0.97,0,MC1
1.0,3.0,0.34,0.0,5.0,0.02,15.0,8.41,0,MC1
1.0,0.0,0.0,0.0,1.0,0.0,1.0,0.0,0,MC1
1.0,0.0,0.0,0.0,0.0,0.0,0.0,0.0,0,MC1
1.0,0.0,0.67,0.0,3.0,0.0,4.0,0.67,0,MC1
1.0,0.0,0.67,0.0,3.0,0.0,4.0,0.67,0,MC1
1.0,0.0,0.67,0.0,3.0,0.0,4.0,0.67,0,MC1
1.0,0.0,0.67,0.0,3.0,0.0,4.0,0.67,0,MC1
1.0,0.0,0.67,0.0,3.0,0.0,4.0,0.67,0,MC1
1.0,0.0,0.33,0.0,6.0,0.01,9.0,4.75,0,MC1
1.0,0.0,0.67,0.0,3.0,0.0,4.0,0.67,0,MC1
1.0,0.0,0.67,0.0,3.0,0.0,4.0,0.67,0,MC1
1.0,0.0,0.67,0.0,3.0,0.0,4.0,0.67,0,MC1
1.0,0.0,0.67,0.0,3.0,0.0,4.0,0.67,0,MC1
1.0,0.0,0.67,0.0,3.0,0.0,4.0,0.67,0,MC1
1.0,0.0,0.67,0.0,3.0,0.0,4.0,0.67,0,MC1
1.0,0.0,0.0,0.0,1.0,0.0,1.0,0.0,0,MC1
1.0,0.0,0.0,0.0,0.0,0.0,0.0,0.0,0,MC1
1.0,0.0,0.67,0.0,3.0,0.0,4.0,0.67,0,MC1
1.0,0.0,0.67,0.0,3.0,0.0,4.0,0.67,0,MC1
1.0,0.0,0.67,0.0,3.0,0.0,4.0,0.67,0,MC1
1.0,0.0,0.67,0.0,3.0,0.0,4.0,0.67,0,MC1
1.0,0.0,0.67,0.0,3.0,0.0,4.0,0.67,0,MC1
1.0,0.0,0.33,0.0,6.0,0.01,9.0,4.75,0,MC1
1.0,0.0,0.67,0.0,3.0,0.0,4.0,0.67,0,MC1
1.0,0.0,0.67,0.0,3.0,0.0,4.0,0.67,0,MC1
1.0,0.0,0.67,0.0,3.0,0.0,4.0,0.67,0,MC1
1.0,0.0,0.67,0.0,3.0,0.0,4.0,0.67,0,MC1
1.0,0.0,0.67,0.0,3.0,0.0,4.0,0.67,0,MC1
1.0,0.0,0.67,0.0,3.0,0.0,4.0,0.67,0,MC1
1.0,0.0,0.0,0.0,1.0,0.0,1.0,0.0,0,MC1
1.0,0.0,0.0,0.0,0.0,0.0,0.0,0.0,0,MC1
1.0,0.0,0.67,0.0,3.0,0.0,4.0,0.67,0,MC1
1.0,0.0,0.67,0.0,3.0,0.0,4.0,0.67,0,MC1
1.0,0.0,0.67,0.0,3.0,0.0,4.0,0.67,0,MC1
1.0,0.0,0.67,0.0,3.0,0.0,4.0,0.67,0,MC1
1.0,0.0,0.67,0.0,3.0,0.0,4.0,0.67,0,MC1
1.0,0.0,0.33,0.0,6.0,0.01,9.0,4.75,0,MC1
1.0,0.0,0.67,0.0,3.0,0.0,4.0,0.67,0,MC1
1.0,0.0,0.67,0.0,3.0,0.0,4.0,0.67,0,MC1
1.0,0.0,0.67,0.0,3.0,0.0,4.0,0.67,0,MC1
2.0,12.0,0.2,0.0,7.0,0.04,31.0,34.83,0,MC1
4.0,11.0,0.11,0.0,9.0,0.05,37.0,75.62,0,MC1
1.0,0.0,0.67,0.0,3.0,0.0,4.0,0.67,0,MC1
1.0,0.0,0.67,0.0,3.0,0.0,4.0,0.67,0,MC1
1.0,0.0,0.67,0.0,3.0,0.0,4.0,0.67,0,MC1
3.0,16.0,0.16,0.0,9.0,0.08,53.0,84.61,0,MC1
2.0,8.0,0.11,0.0,10.0,0.05,34.0,71.69,0,MC1
3.0,15.0,0.19,1.0,8.0,0.07,48.0,64.19,0,MC1
1.0,2.0,0.4,0.0,5.0,0.01,8.0,3.12,0,MC1
1.0,2.0,0.4,0.0,5.0,0.01,8.0,3.12,0,MC1
2.0,5.0,0.29,0.0,7.0,0.02,14.0,9.42,0,MC1
2.0,5.0,0.29,0.0,7.0,0.02,14.0,9.42,0,MC1
16.0,109.0,0.01,0.0,25.0,1.08,564.0,15622.54,0,MC1
16.0,109.0,0.01,0.0,25.0,1.08,564.0,15622.54,0,MC1
2.0,5.0,0.07,0.0,9.0,0.02,19.0,49.3,0,MC1
2.0,5.0,0.07,0.0,9.0,0.02,19.0,49.3,0,MC1
15.0,22.0,0.02,0.0,17.0,0.24,155.0,1987.82,0,MC1
15.0,22.0,0.02,0.0,17.0,0.24,155.0,1987.82,0,MC1
2.0,10.0,0.1,0.0,13.0,0.08,50.0,132.76,0,MC1
2.0,10.0,0.1,0.0,13.0,0.08,50.0,132.76,0,MC1
17.0,50.0,0.01,0.0,26.0,0.42,247.0,6506.72,0,MC1
17.0,50.0,0.01,0.0,26.0,0.42,247.0,6506.72,0,MC1
16.0,77.0,0.02,0.0,25.0,0.81,419.0,8186.78,0,MC1
16.0,77.0,0.02,0.0,25.0,0.81,419.0,8186.78,0,MC1
2.0,7.0,0.14,0.0,11.0,0.03,22.0,36.64,0,MC1
2.0,7.0,0.14,0.0,11.0,0.03,22.0,36.64,0,MC1
2.0,5.0,0.21,0.0,8.0,0.02,16.0,15.79,0,MC1
2.0,5.0,0.21,0.0,8.0,0.02,16.0,15.79,0,MC1
15.0,81.0,0.03,31.0,38.0,0.53,247.0,3333.24,0,MC1
15.0,81.0,0.03,31.0,38.0,0.53,247.0,3333.24,0,MC1
2.0,8.0,0.11,0.0,9.0,0.03,21.0,39.98,0,MC1
2.0,8.0,0.11,0.0,9.0,0.03,21.0,39.98,0,MC1
2.0,7.0,0.13,0.0,8.0,0.03,23.0,37.83,0,MC1
2.0,7.0,0.13,0.0,8.0,0.03,23.0,37.83,0,MC1
3.0,10.0,0.11,0.0,13.0,0.05,34.0,75.81,0,MC1
3.0,10.0,0.11,0.0,13.0,0.05,34.0,75.81,0,MC1
2.0,12.0,0.11,0.0,13.0,0.07,44.0,105.96,0,MC1
2.0,12.0,0.11,0.0,13.0,0.07,44.0,105.96,0,MC1
1.0,7.0,0.17,0.0,9.0,0.05,33.0,45.38,0,MC1
1.0,7.0,0.17,0.0,9.0,0.05,33.0,45.38,0,MC1
4.0,21.0,0.05,0.0,19.0,0.15,87.0,513.91,0,MC1
4.0,21.0,0.05,0.0,19.0,0.15,87.0,513.91,0,MC1
1.0,4.0,0.17,0.0,6.0,0.02,16.0,16.91,0,MC1
1.0,4.0,0.17,0.0,6.0,0.02,16.0,16.91,0,MC1
3.0,8.0,0.1,0.0,11.0,0.05,34.0,77.85,0,MC1
3.0,8.0,0.1,0.0,11.0,0.05,34.0,77.85,0,MC1
6.0,27.0,0.04,0.0,17.0,0.21,120.0,807.39,0,MC1
6.0,27.0,0.04,0.0,17.0,0.21,120.0,807.39,0,MC1
5.0,27.0,0.05,0.0,15.0,0.14,86.0,463.79,0,MC1
5.0,27.0,0.05,0.0,15.0,0.14,86.0,463.79,0,MC1
1.0,5.0,0.21,0.0,4.0,0.03,25.0,21.13,0,MC1
1.0,5.0,0.21,0.0,4.0,0.03,25.0,21.13,0,MC1
1.0,2.0,0.29,0.0,7.0,0.01,11.0,7.11,0,MC1
1.0,2.0,0.29,0.0,7.0,0.01,11.0,7.11,0,MC1
2.0,12.0,0.09,0.0,9.0,0.07,49.0,124.89,0,MC1
2.0,12.0,0.09,0.0,9.0,0.07,49.0,124.89,0,MC1
1.0,3.0,0.13,0.0,8.0,0.02,19.0,28.05,0,MC1
1.0,3.0,0.13,0.0,8.0,0.02,19.0,28.05,0,MC1
1.0,3.0,0.13,0.0,8.0,0.02,19.0,28.05,0,MC1
1.0,3.0,0.13,0.0,8.0,0.02,19.0,28.05,0,MC1
1.0,4.0,0.28,0.0,4.0,0.02,19.0,12.05,0,MC1
1.0,4.0,0.28,0.0,4.0,0.02,19.0,12.05,0,MC1
2.0,10.0,0.12,0.0,7.0,0.06,44.0,83.65,0,MC1
2.0,10.0,0.12,0.0,7.0,0.06,44.0,83.65,0,MC1
3.0,15.0,0.07,1.0,11.0,0.07,49.0,166.95,0,MC1
3.0,15.0,0.07,1.0,11.0,0.07,49.0,166.95,0,MC1
1.0,2.0,0.29,0.0,7.0,0.01,10.0,6.46,0,MC1
1.0,2.0,0.29,0.0,7.0,0.01,10.0,6.46,0,MC1
1.0,3.0,0.17,0.0,7.0,0.02,19.0,20.45,0,MC1
1.0,3.0,0.17,0.0,7.0,0.02,19.0,20.45,0,MC1
1.0,3.0,0.17,0.0,7.0,0.02,19.0,20.45,0,MC1
1.0,3.0,0.17,0.0,7.0,0.02,19.0,20.45,0,MC1
1.0,6.0,0.17,0.0,4.0,0.03,31.0,32.75,0,MC1
1.0,6.0,0.17,0.0,4.0,0.03,31.0,32.75,0,MC1
1.0,5.0,0.21,0.0,4.0,0.03,25.0,21.13,0,MC1
1.0,5.0,0.21,0.0,4.0,0.03,25.0,21.13,0,MC1
1.0,6.0,0.28,0.0,5.0,0.03,22.0,15.65,0,MC1
2.0,11.0,0.12,0.0,8.0,0.05,35.0,65.11,0,MC1
2.0,4.0,0.27,0.0,6.0,0.01,13.0,9.0,0,MC1
1.0,2.0,0.67,0.0,3.0,0.0,5.0,0.97,0,MC1
2.0,9.0,0.11,1.0,11.0,0.06,43.0,99.06,0,MC1
2.0,6.0,0.21,1.0,6.0,0.03,25.0,25.78,0,MC1
2.0,4.0,0.21,0.0,8.0,0.02,16.0,15.79,0,MC1
2.0,4.0,0.4,0.0,5.0,0.01,11.0,4.84,0,MC1
3.0,8.0,0.11,0.0,9.0,0.03,25.0,48.84,0,MC1
1.0,0.0,0.67,0.0,3.0,0.0,4.0,0.67,0,MC1
10.0,60.0,0.03,0.0,29.0,0.43,217.0,2144.73,0,MC1
10.0,60.0,0.03,0.0,29.0,0.43,217.0,2144.73,0,MC1
3.0,0.0,0.0,0.0,0.0,0.0,0.0,0.0,0,MC1
3.0,0.0,0.0,0.0,0.0,0.0,0.0,0.0,0,MC1
6.0,31.0,0.1,1.0,8.0,0.18,114.0,304.74,0,MC1
1.0,148.0,0.02,2.0,32.0,2.12,909.0,21874.14,1,MC1
1.0,4.0,0.5,0.0,4.0,0.01,11.0,3.67,0,MC1
1.0,0.0,0.67,0.0,3.0,0.0,5.0,0.97,0,MC1
1.0,0.0,0.67,0.0,3.0,0.0,5.0,0.97,0,MC1
1.0,0.0,0.67,0.0,3.0,0.0,5.0,0.97,0,MC1
1.0,0.0,0.67,0.0,3.0,0.0,5.0,0.97,0,MC1
6.0,138.0,0.05,47.0,16.0,1.74,753.0,5973.77,1,MC1
2.0,13.0,0.27,3.0,7.0,0.05,36.0,33.64,0,MC1
1.0,0.0,0.4,0.0,5.0,0.01,6.0,2.15,0,MC1
2.0,4.0,0.14,0.0,7.0,0.01,12.0,14.79,0,MC1
1.0,0.0,0.67,0.0,3.0,0.0,4.0,0.67,0,MC1
1.0,0.0,0.67,0.0,3.0,0.0,4.0,0.67,0,MC1
1.0,3.0,0.25,0.0,8.0,0.01,12.0,9.23,0,MC1
1.0,3.0,0.33,0.0,6.0,0.01,12.0,6.64,0,MC1
1.0,3.0,0.33,0.0,6.0,0.01,12.0,6.64,0,MC1
5.0,12.0,0.11,0.0,14.0,0.08,49.0,118.49,0,MC1
2.0,10.0,0.08,0.0,13.0,0.05,34.0,106.13,0,MC1
2.0,8.0,0.08,0.0,12.0,0.04,29.0,80.62,0,MC1
2.0,8.0,0.08,0.0,13.0,0.05,33.0,103.01,0,MC1
2.0,10.0,0.08,0.0,12.0,0.05,33.0,93.45,0,MC1
1.0,3.0,0.33,0.0,6.0,0.01,12.0,6.64,0,MC1
1.0,3.0,0.33,0.0,6.0,0.01,12.0,6.64,0,MC1
1.0,3.0,0.33,0.0,6.0,0.01,12.0,6.64,0,MC1
1.0,2.0,0.25,0.0,8.0,0.01,10.0,7.38,0,MC1
2.0,10.0,0.08,0.0,13.0,0.05,34.0,106.13,0,MC1
2.0,5.0,0.21,0.0,8.0,0.02,15.0,14.8,0,MC1
1.0,4.0,0.21,0.0,7.0,0.01,12.0,10.33,0,MC1
1.0,2.0,0.33,0.0,6.0,0.01,8.0,4.0,0,MC1
2.0,10.0,0.07,0.0,13.0,0.05,35.0,125.27,0,MC1
1.0,0.0,0.5,0.0,4.0,0.01,6.0,1.72,0,MC1
1.0,0.0,0.5,0.0,4.0,0.01,6.0,1.72,0,MC1
3.0,5.0,0.16,0.0,8.0,0.02,19.0,25.0,0,MC1
1.0,639.0,0.0,61.0,100.0,6.03,2205.0,202186.38,1,MC1
1.0,0.0,0.0,0.0,1.0,0.0,1.0,0.0,0,MC1
1.0,0.0,2.0,0.0,1.0,0.0,3.0,0.13,0,MC1
1.0,4.0,0.14,0.0,8.0,0.02,20.0,27.88,0,MC1
2.0,4.0,0.14,0.0,11.0,0.05,35.0,61.07,0,MC1
2.0,8.0,0.1,0.0,13.0,0.08,52.0,138.07,0,MC1
7.0,55.0,0.03,1.0,22.0,0.33,184.0,2232.3,0,MC1
1.0,0.0,0.15,0.0,8.0,0.02,16.0,20.5,0,MC1
3.0,23.0,0.05,0.0,17.0,0.13,80.0,441.16,0,MC1
1.0,0.0,0.13,0.0,9.0,0.02,18.0,26.89,0,MC1
3.0,19.0,0.09,0.0,12.0,0.07,46.0,126.11,0,MC1
2.0,12.0,0.11,0.0,11.0,0.04,31.0,65.39,0,MC1
5.0,12.0,0.06,0.0,13.0,0.1,63.0,265.51,0,MC1
1.0,4.0,0.38,0.0,4.0,0.01,9.0,3.74,0,MC1
3.0,13.0,0.14,0.0,9.0,0.04,29.0,45.57,0,MC1
3.0,13.0,0.13,0.0,10.0,0.04,31.0,53.86,0,MC1
2.0,4.0,0.15,0.0,8.0,0.03,21.0,29.61,0,MC1
1.0,0.0,0.33,0.0,6.0,0.01,7.0,3.28,0,MC1
2.0,0.0,0.13,0.0,9.0,0.02,14.0,20.91,0,MC1
1.0,0.0,0.4,0.0,5.0,0.01,7.0,2.73,0,MC1
2.0,0.0,0.2,0.0,8.0,0.02,13.0,12.95,0,MC1
1.0,6.0,0.2,0.0,7.0,0.03,23.0,24.32,0,MC1
2.0,0.0,0.5,0.0,4.0,0.01,6.0,1.72,0,MC1
2.0,0.0,0.4,0.0,5.0,0.01,7.0,2.73,0,MC1
4.0,11.0,0.06,0.0,14.0,0.07,45.0,175.69,0,MC1
2.0,3.0,0.25,0.0,8.0,0.02,15.0,12.69,0,MC1
1.0,0.0,0.0,0.0,1.0,0.0,1.0,0.0,0,MC1
1.0,2.0,0.5,0.0,4.0,0.01,9.0,3.0,0,MC1
1.0,0.0,0.5,0.0,4.0,0.01,6.0,1.72,0,MC1
1.0,0.0,0.5,0.0,4.0,0.01,6.0,1.72,0,MC1
1.0,0.0,0.5,0.0,4.0,0.01,6.0,1.72,0,MC1
1.0,0.0,0.67,0.0,3.0,0.0,5.0,0.97,0,MC1
1.0,1.0,0.67,0.0,3.0,0.0,5.0,0.97,0,MC1
1.0,0.0,0.5,0.0,4.0,0.0,5.0,1.29,0,MC1
1.0,2.0,0.5,0.0,4.0,0.01,6.0,1.72,0,MC1
1.0,1.0,0.0,0.0,1.0,0.0,1.0,0.0,0,MC1
1.0,2.0,0.5,0.0,4.0,0.01,6.0,1.72,0,MC1
1.0,0.0,0.4,0.0,5.0,0.01,9.0,3.23,0,MC1
1.0,0.0,0.5,0.0,4.0,0.01,6.0,1.72,0,MC1
1.0,0.0,0.21,0.0,7.0,0.02,15.0,12.92,0,MC1
3.0,7.0,0.08,0.0,14.0,0.05,35.0,113.81,0,MC1
2.0,5.0,0.24,0.0,7.0,0.02,19.0,15.95,0,MC1
2.0,4.0,0.18,0.0,9.0,0.02,17.0,19.66,0,MC1
1.0,0.0,0.0,0.0,0.0,0.0,0.0,0.0,0,MC1
1.0,0.0,0.67,0.0,3.0,0.0,4.0,0.67,0,MC1
1.0,0.0,0.67,0.0,3.0,0.0,4.0,0.67,0,MC1
1.0,0.0,0.67,0.0,3.0,0.0,5.0,0.97,0,MC1
1.0,0.0,0.4,0.0,5.0,0.01,6.0,2.15,0,MC1
1.0,0.0,0.29,0.0,7.0,0.01,12.0,8.07,0,MC1
1.0,0.0,0.0,0.0,0.0,0.0,0.0,0.0,0,MC1
1.0,0.0,0.0,0.0,0.0,0.0,0.0,0.0,0,MC1
1.0,0.0,0.0,0.0,0.0,0.0,0.0,0.0,0,MC1
1.0,0.0,0.0,0.0,0.0,0.0,0.0,0.0,0,MC1
2.0,0.0,0.0,0.0,0.0,0.0,0.0,0.0,0,MC1
1.0,0.0,0.0,0.0,0.0,0.0,0.0,0.0,0,MC1
1.0,0.0,0.0,0.0,0.0,0.0,0.0,0.0,0,MC1
1.0,0.0,0.22,0.0,6.0,0.01,11.0,8.25,0,MC1
2.0,8.0,0.1,0.0,12.0,0.05,34.0,79.6,0,MC1
1.0,0.0,0.4,0.0,5.0,0.01,8.0,3.33,0,MC1
1.0,0.0,0.5,0.0,4.0,0.01,6.0,1.72,0,MC1
1.0,0.0,0.29,0.0,7.0,0.01,8.0,4.67,0,MC1
1.0,0.0,0.5,0.0,4.0,0.01,6.0,1.72,0,MC1
1.0,0.0,0.67,0.0,3.0,0.0,5.0,0.97,0,MC1
1.0,0.0,0.67,0.0,3.0,0.0,4.0,0.67,0,MC1
1.0,0.0,0.67,0.0,3.0,0.0,4.0,0.67,0,MC1
1.0,0.0,0.17,0.0,8.0,0.02,15.0,16.61,0,MC1
1.0,0.0,0.17,0.0,8.0,0.02,15.0,16.61,0,MC1
1.0,0.0,0.17,0.0,8.0,0.02,15.0,16.61,0,MC1
1.0,3.0,0.33,0.0,6.0,0.01,9.0,4.75,0,MC1
2.0,5.0,0.29,0.0,7.0,0.02,15.0,10.46,0,MC1
2.0,4.0,0.18,0.0,7.0,0.02,17.0,18.96,0,MC1
1.0,0.0,0.67,0.0,3.0,0.0,5.0,0.97,0,MC1
1.0,2.0,0.13,0.0,8.0,0.02,17.0,26.14,0,MC1
1.0,0.0,0.4,0.0,5.0,0.01,10.0,4.4,0,MC1
1.0,0.0,0.67,0.0,3.0,0.0,5.0,0.97,0,MC1
1.0,0.0,0.5,0.0,4.0,0.01,6.0,1.72,0,MC1
1.0,0.0,0.5,0.0,4.0,0.01,6.0,1.72,0,MC1
1.0,0.0,0.5,0.0,4.0,0.01,6.0,1.72,0,MC1
1.0,0.0,0.5,0.0,4.0,0.01,6.0,1.72,0,MC1
1.0,2.0,0.11,0.0,9.0,0.02,19.0,35.15,0,MC1
1.0,0.0,0.5,0.0,4.0,0.01,6.0,1.72,0,MC1
1.0,0.0,0.5,0.0,4.0,0.01,6.0,1.72,0,MC1
1.0,0.0,0.5,0.0,4.0,0.01,6.0,1.72,0,MC1
1.0,0.0,0.5,0.0,4.0,0.01,6.0,1.72,0,MC1
2.0,0.0,0.5,0.0,4.0,0.01,6.0,1.72,0,MC1
1.0,0.0,0.5,0.0,4.0,0.0,5.0,1.29,0,MC1
2.0,0.0,0.5,0.0,4.0,0.01,6.0,1.72,0,MC1
1.0,0.0,0.33,0.0,6.0,0.01,11.0,6.09,0,MC1
1.0,0.0,0.5,0.0,4.0,0.01,6.0,1.72,0,MC1
1.0,0.0,0.5,0.0,4.0,0.01,6.0,1.72,0,MC1
1.0,0.0,0.5,0.0,4.0,0.01,6.0,1.72,0,MC1
1.0,0.0,0.5,0.0,4.0,0.0,5.0,1.29,0,MC1
1.0,0.0,0.5,0.0,4.0,0.01,6.0,1.72,0,MC1
1.0,2.0,0.4,0.0,5.0,0.01,8.0,3.12,0,MC1
1.0,2.0,0.67,0.0,3.0,0.0,4.0,0.67,0,MC1
1.0,0.0,0.67,0.0,3.0,0.0,4.0,0.67,0,MC1
1.0,2.0,0.67,0.0,3.0,0.0,4.0,0.67,0,MC1
1.0,2.0,0.67,0.0,3.0,0.0,4.0,0.67,0,MC1
1.0,3.0,0.4,0.0,5.0,0.01,10.0,4.17,0,MC1
1.0,0.0,0.4,0.0,5.0,0.01,7.0,2.73,0,MC1
1.0,0.0,0.33,0.0,6.0,0.01,7.0,3.28,0,MC1
1.0,0.0,0.33,0.0,6.0,0.01,7.0,3.28,0,MC1
1.0,2.0,0.4,0.0,5.0,0.01,8.0,3.12,0,MC1
1.0,2.0,0.67,0.0,3.0,0.0,4.0,0.67,0,MC1
1.0,0.0,0.67,0.0,3.0,0.0,4.0,0.67,0,MC1
1.0,2.0,0.67,0.0,3.0,0.0,4.0,0.67,0,MC1
1.0,2.0,0.67,0.0,3.0,0.0,4.0,0.67,0,MC1
1.0,0.0,0.67,0.0,3.0,0.0,4.0,0.67,0,MC1
1.0,0.0,0.67,0.0,3.0,0.0,4.0,0.67,0,MC1
1.0,0.0,0.5,0.0,4.0,0.01,6.0,1.72,0,MC1
1.0,0.0,0.33,0.0,6.0,0.01,9.0,4.5,0,MC1
1.0,0.0,0.17,0.0,8.0,0.02,15.0,16.61,0,MC1
1.0,0.0,0.33,0.0,6.0,0.01,9.0,4.75,0,MC1
1.0,0.0,0.33,0.0,6.0,0.01,9.0,4.75,0,MC1
1.0,0.0,0.33,0.0,6.0,0.01,9.0,4.75,0,MC1
1.0,0.0,0.33,0.0,6.0,0.01,9.0,4.75,0,MC1
2.0,4.0,0.17,0.0,10.0,0.03,21.0,27.35,0,MC1
1.0,0.0,0.5,0.0,4.0,0.01,7.0,2.18,0,MC1
1.0,0.0,0.0,0.0,1.0,0.0,1.0,0.0,0,MC1
1.0,0.0,0.67,0.0,3.0,0.0,4.0,0.67,0,MC1
2.0,4.0,0.27,0.0,6.0,0.01,13.0,9.0,0,MC1
1.0,0.0,0.0,0.0,1.0,0.0,1.0,0.0,0,MC1
1.0,4.0,0.14,0.0,8.0,0.02,20.0,27.88,0,MC1
2.0,4.0,0.14,0.0,11.0,0.05,35.0,61.07,0,MC1
2.0,8.0,0.1,0.0,13.0,0.08,52.0,138.07,0,MC1
7.0,55.0,0.03,1.0,22.0,0.33,184.0,2232.3,0,MC1
1.0,0.0,0.15,0.0,8.0,0.02,16.0,20.5,0,MC1
3.0,23.0,0.05,0.0,17.0,0.13,80.0,441.16,0,MC1
1.0,0.0,0.13,0.0,9.0,0.02,18.0,26.89,0,MC1
3.0,19.0,0.09,0.0,12.0,0.07,46.0,126.11,0,MC1
2.0,12.0,0.11,0.0,11.0,0.04,31.0,65.39,0,MC1
5.0,12.0,0.06,0.0,13.0,0.1,63.0,265.51,0,MC1
1.0,4.0,0.38,0.0,4.0,0.01,9.0,3.74,0,MC1
3.0,13.0,0.14,0.0,9.0,0.04,29.0,45.57,0,MC1
3.0,13.0,0.13,0.0,10.0,0.04,31.0,53.86,0,MC1
2.0,4.0,0.15,0.0,8.0,0.03,21.0,29.61,0,MC1
1.0,0.0,0.33,0.0,6.0,0.01,7.0,3.28,0,MC1
2.0,0.0,0.13,0.0,9.0,0.02,14.0,20.91,0,MC1
1.0,0.0,0.4,0.0,5.0,0.01,7.0,2.73,0,MC1
2.0,0.0,0.2,0.0,8.0,0.02,13.0,12.95,0,MC1
1.0,6.0,0.2,0.0,7.0,0.03,23.0,24.32,0,MC1
2.0,0.0,0.5,0.0,4.0,0.01,6.0,1.72,0,MC1
2.0,0.0,0.4,0.0,5.0,0.01,7.0,2.73,0,MC1
4.0,11.0,0.06,0.0,14.0,0.07,45.0,175.69,0,MC1
2.0,3.0,0.25,0.0,8.0,0.02,15.0,12.69,0,MC1
1.0,0.0,0.0,0.0,1.0,0.0,1.0,0.0,0,MC1
1.0,2.0,0.5,0.0,4.0,0.01,9.0,3.0,0,MC1
1.0,0.0,0.5,0.0,4.0,0.01,6.0,1.72,0,MC1
1.0,0.0,0.5,0.0,4.0,0.01,6.0,1.72,0,MC1
1.0,0.0,0.5,0.0,4.0,0.01,6.0,1.72,0,MC1
1.0,0.0,0.67,0.0,3.0,0.0,5.0,0.97,0,MC1
1.0,1.0,0.67,0.0,3.0,0.0,5.0,0.97,0,MC1
1.0,0.0,0.5,0.0,4.0,0.0,5.0,1.29,0,MC1
1.0,2.0,0.5,0.0,4.0,0.01,6.0,1.72,0,MC1
1.0,1.0,0.0,0.0,1.0,0.0,1.0,0.0,0,MC1
1.0,2.0,0.5,0.0,4.0,0.01,6.0,1.72,0,MC1
1.0,0.0,0.4,0.0,5.0,0.01,9.0,3.23,0,MC1
1.0,0.0,0.5,0.0,4.0,0.01,6.0,1.72,0,MC1
1.0,0.0,0.21,0.0,7.0,0.02,15.0,12.92,0,MC1
3.0,7.0,0.08,0.0,14.0,0.05,35.0,113.81,0,MC1
2.0,5.0,0.24,0.0,7.0,0.02,19.0,15.95,0,MC1
2.0,4.0,0.18,0.0,9.0,0.02,17.0,19.66,0,MC1
1.0,0.0,0.0,0.0,0.0,0.0,0.0,0.0,0,MC1
1.0,0.0,0.4,0.0,5.0,0.01,6.0,2.15,0,MC1
1.0,0.0,0.29,0.0,7.0,0.01,12.0,8.07,0,MC1
1.0,0.0,0.0,0.0,0.0,0.0,0.0,0.0,0,MC1
1.0,0.0,0.0,0.0,0.0,0.0,0.0,0.0,0,MC1
1.0,0.0,0.0,0.0,0.0,0.0,0.0,0.0,0,MC1
1.0,0.0,0.0,0.0,0.0,0.0,0.0,0.0,0,MC1
2.0,0.0,0.0,0.0,0.0,0.0,0.0,0.0,0,MC1
1.0,0.0,0.0,0.0,0.0,0.0,0.0,0.0,0,MC1
1.0,0.0,0.0,0.0,0.0,0.0,0.0,0.0,0,MC1
1.0,0.0,0.22,0.0,6.0,0.01,11.0,8.25,0,MC1
2.0,8.0,0.1,0.0,12.0,0.05,34.0,79.6,0,MC1
1.0,0.0,0.4,0.0,5.0,0.01,8.0,3.33,0,MC1
1.0,0.0,0.5,0.0,4.0,0.01,6.0,1.72,0,MC1
1.0,0.0,0.29,0.0,7.0,0.01,8.0,4.67,0,MC1
1.0,0.0,0.5,0.0,4.0,0.01,6.0,1.72,0,MC1
1.0,0.0,0.17,0.0,8.0,0.02,15.0,16.61,0,MC1
1.0,0.0,0.17,0.0,8.0,0.02,15.0,16.61,0,MC1
1.0,0.0,0.17,0.0,8.0,0.02,15.0,16.61,0,MC1
1.0,3.0,0.33,0.0,6.0,0.01,9.0,4.75,0,MC1
2.0,5.0,0.29,0.0,7.0,0.02,15.0,10.46,0,MC1
2.0,4.0,0.18,0.0,7.0,0.02,17.0,18.96,0,MC1
1.0,0.0,0.67,0.0,3.0,0.0,5.0,0.97,0,MC1
1.0,0.0,0.4,0.0,5.0,0.01,10.0,4.4,0,MC1
1.0,0.0,0.67,0.0,3.0,0.0,5.0,0.97,0,MC1
1.0,0.0,0.5,0.0,4.0,0.01,6.0,1.72,0,MC1
1.0,0.0,0.5,0.0,4.0,0.01,6.0,1.72,0,MC1
1.0,0.0,0.5,0.0,4.0,0.01,6.0,1.72,0,MC1
1.0,0.0,0.5,0.0,4.0,0.01,6.0,1.72,0,MC1
1.0,0.0,0.5,0.0,4.0,0.01,6.0,1.72,0,MC1
1.0,0.0,0.5,0.0,4.0,0.01,6.0,1.72,0,MC1
1.0,0.0,0.5,0.0,4.0,0.01,6.0,1.72,0,MC1
1.0,0.0,0.5,0.0,4.0,0.01,6.0,1.72,0,MC1
2.0,0.0,0.5,0.0,4.0,0.01,6.0,1.72,0,MC1
1.0,0.0,0.5,0.0,4.0,0.0,5.0,1.29,0,MC1
2.0,0.0,0.5,0.0,4.0,0.01,6.0,1.72,0,MC1
1.0,0.0,0.33,0.0,6.0,0.01,11.0,6.09,0,MC1
1.0,0.0,0.5,0.0,4.0,0.01,6.0,1.72,0,MC1
1.0,0.0,0.5,0.0,4.0,0.01,6.0,1.72,0,MC1
1.0,0.0,0.5,0.0,4.0,0.01,6.0,1.72,0,MC1
1.0,0.0,0.5,0.0,4.0,0.0,5.0,1.29,0,MC1
1.0,0.0,0.5,0.0,4.0,0.01,6.0,1.72,0,MC1
1.0,2.0,0.4,0.0,5.0,0.01,8.0,3.12,0,MC1
1.0,2.0,0.67,0.0,3.0,0.0,4.0,0.67,0,MC1
1.0,0.0,0.67,0.0,3.0,0.0,4.0,0.67,0,MC1
1.0,2.0,0.67,0.0,3.0,0.0,4.0,0.67,0,MC1
1.0,2.0,0.67,0.0,3.0,0.0,4.0,0.67,0,MC1
1.0,3.0,0.4,0.0,5.0,0.01,10.0,4.17,0,MC1
1.0,0.0,0.4,0.0,5.0,0.01,7.0,2.73,0,MC1
1.0,0.0,0.33,0.0,6.0,0.01,7.0,3.28,0,MC1
1.0,0.0,0.33,0.0,6.0,0.01,7.0,3.28,0,MC1
1.0,2.0,0.4,0.0,5.0,0.01,8.0,3.12,0,MC1
1.0,2.0,0.67,0.0,3.0,0.0,4.0,0.67,0,MC1
1.0,0.0,0.67,0.0,3.0,0.0,4.0,0.67,0,MC1
1.0,2.0,0.67,0.0,3.0,0.0,4.0,0.67,0,MC1
1.0,2.0,0.67,0.0,3.0,0.0,4.0,0.67,0,MC1
1.0,0.0,0.67,0.0,3.0,0.0,4.0,0.67,0,MC1
1.0,0.0,0.67,0.0,3.0,0.0,4.0,0.67,0,MC1
1.0,0.0,0.5,0.0,4.0,0.01,6.0,1.72,0,MC1
1.0,0.0,0.33,0.0,6.0,0.01,9.0,4.5,0,MC1
1.0,0.0,0.17,0.0,8.0,0.02,15.0,16.61,0,MC1
1.0,0.0,0.33,0.0,6.0,0.01,9.0,4.75,0,MC1
1.0,0.0,0.33,0.0,6.0,0.01,9.0,4.75,0,MC1
1.0,0.0,0.33,0.0,6.0,0.01,9.0,4.75,0,MC1
1.0,0.0,0.33,0.0,6.0,0.01,9.0,4.75,0,MC1
2.0,4.0,0.17,0.0,10.0,0.03,21.0,27.35,0,MC1
1.0,0.0,0.67,0.0,3.0,0.0,4.0,0.67,0,MC1
1.0,0.0,0.67,0.0,3.0,0.0,4.0,0.67,0,MC1
1.0,0.0,0.67,0.0,3.0,0.0,4.0,0.67,0,MC1
1.0,0.0,0.67,0.0,3.0,0.0,4.0,0.67,0,MC1
1.0,0.0,0.4,0.0,5.0,0.01,7.0,2.73,0,MC1
1.0,0.0,0.4,0.0,5.0,0.01,7.0,2.73,0,MC1
1.0,0.0,0.0,0.0,0.0,0.0,0.0,0.0,0,MC1
3.0,12.0,0.18,1.0,7.0,0.05,39.0,49.59,0,MC1
1.0,0.0,0.67,0.0,3.0,0.0,4.0,0.67,0,MC1
1.0,14.0,0.2,2.0,7.0,0.12,73.0,99.93,0,MC1
1.0,2.0,0.13,0.0,8.0,0.02,17.0,26.14,0,MC1
1.0,2.0,0.11,0.0,9.0,0.02,19.0,35.15,0,MC1
1.0,0.0,0.67,0.0,3.0,0.0,4.0,0.67,0,MC1
1.0,0.0,0.67,0.0,3.0,0.0,4.0,0.67,0,MC1
1.0,0.0,0.67,0.0,3.0,0.0,4.0,0.67,0,MC1
1.0,0.0,0.67,0.0,3.0,0.0,4.0,0.67,0,MC1
1.0,0.0,0.67,0.0,3.0,0.0,4.0,0.67,0,MC1
1.0,0.0,0.67,0.0,3.0,0.0,5.0,0.97,0,MC1
1.0,0.0,0.67,0.0,3.0,0.0,4.0,0.67,0,MC1
1.0,2.0,0.13,0.0,8.0,0.02,17.0,26.14,0,MC1
1.0,2.0,0.11,0.0,9.0,0.02,19.0,35.15,0,MC1
1.0,0.0,0.67,0.0,3.0,0.0,4.0,0.67,0,MC1
1.0,0.0,0.67,0.0,3.0,0.0,4.0,0.67,0,MC1
1.0,0.0,0.67,0.0,3.0,0.0,4.0,0.67,0,MC1
1.0,0.0,0.67,0.0,3.0,0.0,4.0,0.67,0,MC1
1.0,0.0,0.67,0.0,3.0,0.0,4.0,0.67,0,MC1
1.0,0.0,0.67,0.0,3.0,0.0,5.0,0.97,0,MC1
1.0,4.0,0.14,0.0,8.0,0.02,20.0,27.88,0,MC1
2.0,4.0,0.14,0.0,11.0,0.05,35.0,61.07,0,MC1
2.0,8.0,0.1,0.0,13.0,0.08,52.0,138.07,0,MC1
7.0,55.0,0.03,1.0,22.0,0.33,184.0,2232.3,0,MC1
1.0,0.0,0.15,0.0,8.0,0.02,16.0,20.5,0,MC1
3.0,23.0,0.05,0.0,17.0,0.13,80.0,441.16,0,MC1
1.0,0.0,0.13,0.0,9.0,0.02,18.0,26.89,0,MC1
3.0,19.0,0.09,0.0,12.0,0.07,46.0,126.11,0,MC1
2.0,12.0,0.11,0.0,11.0,0.04,31.0,65.39,0,MC1
5.0,12.0,0.06,0.0,13.0,0.1,63.0,265.51,0,MC1
1.0,4.0,0.38,0.0,4.0,0.01,9.0,3.74,0,MC1
3.0,13.0,0.14,0.0,9.0,0.04,29.0,45.57,0,MC1
3.0,13.0,0.13,0.0,10.0,0.04,31.0,53.86,0,MC1
2.0,4.0,0.15,0.0,8.0,0.03,21.0,29.61,0,MC1
1.0,0.0,0.33,0.0,6.0,0.01,7.0,3.28,0,MC1
2.0,0.0,0.13,0.0,9.0,0.02,14.0,20.91,0,MC1
1.0,0.0,0.4,0.0,5.0,0.01,7.0,2.73,0,MC1
2.0,0.0,0.2,0.0,8.0,0.02,13.0,12.95,0,MC1
1.0,6.0,0.2,0.0,7.0,0.03,23.0,24.32,0,MC1
2.0,0.0,0.5,0.0,4.0,0.01,6.0,1.72,0,MC1
2.0,0.0,0.4,0.0,5.0,0.01,7.0,2.73,0,MC1
4.0,11.0,0.06,0.0,14.0,0.07,45.0,175.69,0,MC1
2.0,3.0,0.25,0.0,8.0,0.02,15.0,12.69,0,MC1
1.0,0.0,0.0,0.0,1.0,0.0,1.0,0.0,0,MC1
1.0,2.0,0.5,0.0,4.0,0.01,9.0,3.0,0,MC1
1.0,0.0,0.5,0.0,4.0,0.01,6.0,1.72,0,MC1
1.0,0.0,0.5,0.0,4.0,0.01,6.0,1.72,0,MC1
1.0,0.0,0.5,0.0,4.0,0.01,6.0,1.72,0,MC1
1.0,0.0,0.67,0.0,3.0,0.0,5.0,0.97,0,MC1
1.0,1.0,0.67,0.0,3.0,0.0,5.0,0.97,0,MC1
1.0,0.0,0.5,0.0,4.0,0.0,5.0,1.29,0,MC1
1.0,2.0,0.5,0.0,4.0,0.01,6.0,1.72,0,MC1
1.0,1.0,0.0,0.0,1.0,0.0,1.0,0.0,0,MC1
1.0,2.0,0.5,0.0,4.0,0.01,6.0,1.72,0,MC1
1.0,0.0,0.4,0.0,5.0,0.01,9.0,3.23,0,MC1
1.0,0.0,0.5,0.0,4.0,0.01,6.0,1.72,0,MC1
1.0,0.0,0.21,0.0,7.0,0.02,15.0,12.92,0,MC1
3.0,7.0,0.08,0.0,14.0,0.05,35.0,113.81,0,MC1
2.0,5.0,0.24,0.0,7.0,0.02,19.0,15.95,0,MC1
2.0,4.0,0.18,0.0,9.0,0.02,17.0,19.66,0,MC1
1.0,0.0,0.0,0.0,0.0,0.0,0.0,0.0,0,MC1
1.0,0.0,0.4,0.0,5.0,0.01,6.0,2.15,0,MC1
1.0,0.0,0.29,0.0,7.0,0.01,12.0,8.07,0,MC1
1.0,0.0,0.0,0.0,0.0,0.0,0.0,0.0,0,MC1
1.0,0.0,0.0,0.0,0.0,0.0,0.0,0.0,0,MC1
1.0,0.0,0.0,0.0,0.0,0.0,0.0,0.0,0,MC1
1.0,0.0,0.0,0.0,0.0,0.0,0.0,0.0,0,MC1
2.0,0.0,0.0,0.0,0.0,0.0,0.0,0.0,0,MC1
1.0,0.0,0.0,0.0,0.0,0.0,0.0,0.0,0,MC1
1.0,0.0,0.0,0.0,0.0,0.0,0.0,0.0,0,MC1
1.0,0.0,0.22,0.0,6.0,0.01,11.0,8.25,0,MC1
2.0,8.0,0.1,0.0,12.0,0.05,34.0,79.6,0,MC1
1.0,0.0,0.4,0.0,5.0,0.01,8.0,3.33,0,MC1
1.0,0.0,0.5,0.0,4.0,0.01,6.0,1.72,0,MC1
1.0,0.0,0.29,0.0,7.0,0.01,8.0,4.67,0,MC1
1.0,0.0,0.5,0.0,4.0,0.01,6.0,1.72,0,MC1
1.0,0.0,0.17,0.0,8.0,0.02,15.0,16.61,0,MC1
1.0,0.0,0.17,0.0,8.0,0.02,15.0,16.61,0,MC1
1.0,0.0,0.17,0.0,8.0,0.02,15.0,16.61,0,MC1
1.0,3.0,0.33,0.0,6.0,0.01,9.0,4.75,0,MC1
2.0,5.0,0.29,0.0,7.0,0.02,15.0,10.46,0,MC1
2.0,4.0,0.18,0.0,7.0,0.02,17.0,18.96,0,MC1
1.0,0.0,0.67,0.0,3.0,0.0,5.0,0.97,0,MC1
1.0,0.0,0.4,0.0,5.0,0.01,10.0,4.4,0,MC1
1.0,0.0,0.67,0.0,3.0,0.0,5.0,0.97,0,MC1
1.0,0.0,0.5,0.0,4.0,0.01,6.0,1.72,0,MC1
1.0,0.0,0.5,0.0,4.0,0.01,6.0,1.72,0,MC1
1.0,0.0,0.5,0.0,4.0,0.01,6.0,1.72,0,MC1
1.0,0.0,0.5,0.0,4.0,0.01,6.0,1.72,0,MC1
1.0,0.0,0.5,0.0,4.0,0.01,6.0,1.72,0,MC1
1.0,0.0,0.5,0.0,4.0,0.01,6.0,1.72,0,MC1
1.0,0.0,0.5,0.0,4.0,0.01,6.0,1.72,0,MC1
1.0,0.0,0.5,0.0,4.0,0.01,6.0,1.72,0,MC1
2.0,0.0,0.5,0.0,4.0,0.01,6.0,1.72,0,MC1
1.0,0.0,0.5,0.0,4.0,0.0,5.0,1.29,0,MC1
2.0,0.0,0.5,0.0,4.0,0.01,6.0,1.72,0,MC1
1.0,0.0,0.33,0.0,6.0,0.01,11.0,6.09,0,MC1
1.0,0.0,0.5,0.0,4.0,0.01,6.0,1.72,0,MC1
1.0,0.0,0.5,0.0,4.0,0.01,6.0,1.72,0,MC1
1.0,0.0,0.5,0.0,4.0,0.01,6.0,1.72,0,MC1
1.0,0.0,0.5,0.0,4.0,0.0,5.0,1.29,0,MC1
1.0,0.0,0.5,0.0,4.0,0.01,6.0,1.72,0,MC1
1.0,2.0,0.4,0.0,5.0,0.01,8.0,3.12,0,MC1
1.0,2.0,0.67,0.0,3.0,0.0,4.0,0.67,0,MC1
1.0,0.0,0.67,0.0,3.0,0.0,4.0,0.67,0,MC1
1.0,2.0,0.67,0.0,3.0,0.0,4.0,0.67,0,MC1
1.0,2.0,0.67,0.0,3.0,0.0,4.0,0.67,0,MC1
1.0,3.0,0.4,0.0,5.0,0.01,10.0,4.17,0,MC1
1.0,0.0,0.4,0.0,5.0,0.01,7.0,2.73,0,MC1
1.0,0.0,0.33,0.0,6.0,0.01,7.0,3.28,0,MC1
1.0,0.0,0.33,0.0,6.0,0.01,7.0,3.28,0,MC1
1.0,2.0,0.4,0.0,5.0,0.01,8.0,3.12,0,MC1
1.0,2.0,0.67,0.0,3.0,0.0,4.0,0.67,0,MC1
1.0,0.0,0.67,0.0,3.0,0.0,4.0,0.67,0,MC1
1.0,2.0,0.67,0.0,3.0,0.0,4.0,0.67,0,MC1
1.0,2.0,0.67,0.0,3.0,0.0,4.0,0.67,0,MC1
1.0,0.0,0.67,0.0,3.0,0.0,4.0,0.67,0,MC1
1.0,0.0,0.67,0.0,3.0,0.0,4.0,0.67,0,MC1
1.0,0.0,0.5,0.0,4.0,0.01,6.0,1.72,0,MC1
1.0,0.0,0.33,0.0,6.0,0.01,9.0,4.5,0,MC1
1.0,0.0,0.17,0.0,8.0,0.02,15.0,16.61,0,MC1
1.0,0.0,0.33,0.0,6.0,0.01,9.0,4.75,0,MC1
1.0,0.0,0.33,0.0,6.0,0.01,9.0,4.75,0,MC1
1.0,0.0,0.33,0.0,6.0,0.01,9.0,4.75,0,MC1
1.0,0.0,0.33,0.0,6.0,0.01,9.0,4.75,0,MC1
2.0,4.0,0.17,0.0,10.0,0.03,21.0,27.35,0,MC1
1.0,1.0,0.0,0.0,1.0,0.0,1.0,0.0,0,MC1
1.0,0.0,0.67,0.0,3.0,0.01,9.0,2.25,0,MC1
1.0,2.0,1.0,0.0,2.0,0.0,6.0,0.77,0,MC1
1.0,0.0,0.5,0.0,4.0,0.0,5.0,1.29,0,MC1
1.0,0.0,0.5,0.0,4.0,0.0,5.0,1.29,0,MC1
1.0,2.0,1.0,1.0,2.0,0.0,3.0,0.26,0,MC1
1.0,0.0,0.67,0.0,3.0,0.0,4.0,0.67,0,MC1
1.0,0.0,0.67,0.0,3.0,0.0,4.0,0.67,0,MC1
1.0,0.0,0.67,0.0,3.0,0.0,4.0,0.67,0,MC1
2.0,4.0,0.27,0.0,6.0,0.01,13.0,9.0,0,MC1
1.0,0.0,0.67,0.0,3.0,0.0,4.0,0.67,0,MC1
1.0,0.0,0.5,0.0,4.0,0.0,5.0,1.29,0,MC1
1.0,30.0,0.11,0.0,9.0,0.37,191.0,570.12,0,MC1
1.0,0.0,0.0,0.0,1.0,0.0,1.0,0.0,0,MC1
1.0,2.0,0.67,0.0,3.0,0.0,4.0,0.67,0,MC1
1.0,18.0,0.08,0.0,10.0,0.21,129.0,439.78,0,MC1
2.0,6.0,0.29,0.0,7.0,0.02,16.0,11.85,0,MC1
1.0,0.0,0.67,0.0,3.0,0.0,4.0,0.67,0,MC1
1.0,0.0,0.67,0.0,3.0,0.0,4.0,0.67,0,MC1
1.0,0.0,0.67,0.0,3.0,0.01,9.0,2.25,0,MC1
1.0,0.0,0.5,0.0,4.0,0.0,5.0,1.29,0,MC1
1.0,0.0,0.5,0.0,4.0,0.0,5.0,1.29,0,MC1
1.0,2.0,1.0,1.0,2.0,0.0,3.0,0.26,0,MC1
1.0,0.0,0.67,0.0,3.0,0.0,4.0,0.67,0,MC1
1.0,0.0,0.67,0.0,3.0,0.0,4.0,0.67,0,MC1
1.0,0.0,0.67,0.0,3.0,0.0,4.0,0.67,0,MC1
2.0,4.0,0.27,0.0,6.0,0.01,13.0,9.0,0,MC1
1.0,0.0,0.67,0.0,3.0,0.0,4.0,0.67,0,MC1
1.0,0.0,0.5,0.0,4.0,0.0,5.0,1.29,0,MC1
1.0,0.0,0.0,0.0,1.0,0.0,1.0,0.0,0,MC1
1.0,4.0,0.14,0.0,8.0,0.02,20.0,27.88,0,MC1
2.0,4.0,0.14,0.0,11.0,0.05,35.0,61.07,0,MC1
2.0,8.0,0.1,0.0,13.0,0.08,52.0,138.07,0,MC1
7.0,55.0,0.03,1.0,22.0,0.33,184.0,2232.3,0,MC1
1.0,0.0,0.15,0.0,8.0,0.02,16.0,20.5,0,MC1
3.0,23.0,0.05,0.0,17.0,0.13,80.0,441.16,0,MC1
1.0,0.0,0.13,0.0,9.0,0.02,18.0,26.89,0,MC1
3.0,19.0,0.09,0.0,12.0,0.07,46.0,126.11,0,MC1
2.0,12.0,0.11,0.0,11.0,0.04,31.0,65.39,0,MC1
5.0,12.0,0.06,0.0,13.0,0.1,63.0,265.51,0,MC1
1.0,4.0,0.38,0.0,4.0,0.01,9.0,3.74,0,MC1
3.0,13.0,0.14,0.0,9.0,0.04,29.0,45.57,0,MC1
3.0,13.0,0.13,0.0,10.0,0.04,31.0,53.86,0,MC1
2.0,4.0,0.15,0.0,8.0,0.03,21.0,29.61,0,MC1
1.0,0.0,0.33,0.0,6.0,0.01,7.0,3.28,0,MC1
2.0,0.0,0.13,0.0,9.0,0.02,14.0,20.91,0,MC1
1.0,0.0,0.4,0.0,5.0,0.01,7.0,2.73,0,MC1
2.0,0.0,0.2,0.0,8.0,0.02,13.0,12.95,0,MC1
1.0,6.0,0.2,0.0,7.0,0.03,23.0,24.32,0,MC1
2.0,0.0,0.5,0.0,4.0,0.01,6.0,1.72,0,MC1
2.0,0.0,0.4,0.0,5.0,0.01,7.0,2.73,0,MC1
4.0,11.0,0.06,0.0,14.0,0.07,45.0,175.69,0,MC1
2.0,3.0,0.25,0.0,8.0,0.02,15.0,12.69,0,MC1
1.0,0.0,0.0,0.0,1.0,0.0,1.0,0.0,0,MC1
1.0,2.0,0.5,0.0,4.0,0.01,9.0,3.0,0,MC1
1.0,0.0,0.5,0.0,4.0,0.01,6.0,1.72,0,MC1
1.0,0.0,0.5,0.0,4.0,0.01,6.0,1.72,0,MC1
1.0,0.0,0.5,0.0,4.0,0.01,6.0,1.72,0,MC1
1.0,0.0,0.67,0.0,3.0,0.0,5.0,0.97,0,MC1
1.0,1.0,0.67,0.0,3.0,0.0,5.0,0.97,0,MC1
1.0,0.0,0.5,0.0,4.0,0.0,5.0,1.29,0,MC1
1.0,2.0,0.5,0.0,4.0,0.01,6.0,1.72,0,MC1
1.0,1.0,0.0,0.0,1.0,0.0,1.0,0.0,0,MC1
1.0,2.0,0.5,0.0,4.0,0.01,6.0,1.72,0,MC1
1.0,0.0,0.4,0.0,5.0,0.01,9.0,3.23,0,MC1
1.0,0.0,0.5,0.0,4.0,0.01,6.0,1.72,0,MC1
1.0,0.0,0.21,0.0,7.0,0.02,15.0,12.92,0,MC1
3.0,7.0,0.08,0.0,14.0,0.05,35.0,113.81,0,MC1
2.0,5.0,0.24,0.0,7.0,0.02,19.0,15.95,0,MC1
2.0,4.0,0.18,0.0,9.0,0.02,17.0,19.66,0,MC1
1.0,0.0,0.0,0.0,0.0,0.0,0.0,0.0,0,MC1
1.0,0.0,0.4,0.0,5.0,0.01,6.0,2.15,0,MC1
1.0,0.0,0.29,0.0,7.0,0.01,12.0,8.07,0,MC1
1.0,0.0,0.0,0.0,0.0,0.0,0.0,0.0,0,MC1
1.0,0.0,0.0,0.0,0.0,0.0,0.0,0.0,0,MC1
1.0,0.0,0.0,0.0,0.0,0.0,0.0,0.0,0,MC1
1.0,0.0,0.0,0.0,0.0,0.0,0.0,0.0,0,MC1
2.0,0.0,0.0,0.0,0.0,0.0,0.0,0.0,0,MC1
1.0,0.0,0.0,0.0,0.0,0.0,0.0,0.0,0,MC1
1.0,0.0,0.0,0.0,0.0,0.0,0.0,0.0,0,MC1
1.0,0.0,0.22,0.0,6.0,0.01,11.0,8.25,0,MC1
2.0,8.0,0.1,0.0,12.0,0.05,34.0,79.6,0,MC1
1.0,0.0,0.4,0.0,5.0,0.01,8.0,3.33,0,MC1
1.0,0.0,0.5,0.0,4.0,0.01,6.0,1.72,0,MC1
1.0,0.0,0.29,0.0,7.0,0.01,8.0,4.67,0,MC1
1.0,0.0,0.5,0.0,4.0,0.01,6.0,1.72,0,MC1
1.0,0.0,0.17,0.0,8.0,0.02,15.0,16.61,0,MC1
1.0,0.0,0.17,0.0,8.0,0.02,15.0,16.61,0,MC1
1.0,0.0,0.17,0.0,8.0,0.02,15.0,16.61,0,MC1
1.0,0.0,0.67,0.0,3.0,0.01,9.0,2.25,0,MC1
1.0,3.0,0.33,0.0,6.0,0.01,9.0,4.75,0,MC1
2.0,5.0,0.29,0.0,7.0,0.02,15.0,10.46,0,MC1
2.0,4.0,0.18,0.0,7.0,0.02,17.0,18.96,0,MC1
1.0,0.0,0.67,0.0,3.0,0.0,5.0,0.97,0,MC1
1.0,0.0,0.4,0.0,5.0,0.01,10.0,4.4,0,MC1
1.0,0.0,0.67,0.0,3.0,0.0,5.0,0.97,0,MC1
1.0,0.0,0.5,0.0,4.0,0.01,6.0,1.72,0,MC1
1.0,0.0,0.5,0.0,4.0,0.01,6.0,1.72,0,MC1
1.0,0.0,0.5,0.0,4.0,0.0,5.0,1.29,0,MC1
1.0,0.0,0.5,0.0,4.0,0.0,5.0,1.29,0,MC1
1.0,0.0,0.5,0.0,4.0,0.01,6.0,1.72,0,MC1
1.0,0.0,0.5,0.0,4.0,0.01,6.0,1.72,0,MC1
1.0,0.0,0.67,0.0,3.0,0.0,4.0,0.67,0,MC1
1.0,0.0,0.67,0.0,3.0,0.0,4.0,0.67,0,MC1
1.0,0.0,0.67,0.0,3.0,0.0,4.0,0.67,0,MC1
2.0,4.0,0.27,0.0,6.0,0.01,13.0,9.0,0,MC1
1.0,0.0,0.67,0.0,3.0,0.0,4.0,0.67,0,MC1
1.0,0.0,0.5,0.0,4.0,0.01,6.0,1.72,0,MC1
1.0,0.0,0.5,0.0,4.0,0.01,6.0,1.72,0,MC1
1.0,0.0,0.5,0.0,4.0,0.0,5.0,1.29,0,MC1
1.0,0.0,0.5,0.0,4.0,0.01,6.0,1.72,0,MC1
1.0,0.0,0.5,0.0,4.0,0.01,6.0,1.72,0,MC1
2.0,0.0,0.5,0.0,4.0,0.01,6.0,1.72,0,MC1
1.0,0.0,0.5,0.0,4.0,0.0,5.0,1.29,0,MC1
2.0,0.0,0.5,0.0,4.0,0.01,6.0,1.72,0,MC1
1.0,0.0,0.33,0.0,6.0,0.01,11.0,6.09,0,MC1
1.0,0.0,0.5,0.0,4.0,0.01,6.0,1.72,0,MC1
1.0,0.0,0.5,0.0,4.0,0.01,6.0,1.72,0,MC1
1.0,0.0,0.0,0.0,1.0,0.0,1.0,0.0,0,MC1
1.0,0.0,0.5,0.0,4.0,0.01,6.0,1.72,0,MC1
1.0,0.0,0.5,0.0,4.0,0.0,5.0,1.29,0,MC1
1.0,0.0,0.5,0.0,4.0,0.01,6.0,1.72,0,MC1
1.0,2.0,0.4,0.0,5.0,0.01,8.0,3.12,0,MC1
1.0,2.0,0.67,0.0,3.0,0.0,4.0,0.67,0,MC1
1.0,0.0,0.67,0.0,3.0,0.0,4.0,0.67,0,MC1
1.0,2.0,0.67,0.0,3.0,0.0,4.0,0.67,0,MC1
1.0,2.0,0.67,0.0,3.0,0.0,4.0,0.67,0,MC1
1.0,3.0,0.4,0.0,5.0,0.01,10.0,4.17,0,MC1
1.0,0.0,0.4,0.0,5.0,0.01,7.0,2.73,0,MC1
1.0,0.0,0.33,0.0,6.0,0.01,7.0,3.28,0,MC1
1.0,0.0,0.33,0.0,6.0,0.01,7.0,3.28,0,MC1
1.0,2.0,0.4,0.0,5.0,0.01,8.0,3.12,0,MC1
1.0,2.0,0.67,0.0,3.0,0.0,4.0,0.67,0,MC1
1.0,0.0,0.67,0.0,3.0,0.0,4.0,0.67,0,MC1
1.0,2.0,0.67,0.0,3.0,0.0,4.0,0.67,0,MC1
1.0,2.0,0.67,0.0,3.0,0.0,4.0,0.67,0,MC1
1.0,0.0,0.67,0.0,3.0,0.0,4.0,0.67,0,MC1
1.0,0.0,0.67,0.0,3.0,0.0,4.0,0.67,0,MC1
1.0,0.0,0.5,0.0,4.0,0.01,6.0,1.72,0,MC1
1.0,0.0,0.33,0.0,6.0,0.01,9.0,4.5,0,MC1
1.0,0.0,0.17,0.0,8.0,0.02,15.0,16.61,0,MC1
1.0,0.0,0.33,0.0,6.0,0.01,9.0,4.75,0,MC1
1.0,0.0,0.33,0.0,6.0,0.01,9.0,4.75,0,MC1
1.0,0.0,0.33,0.0,6.0,0.01,9.0,4.75,0,MC1
1.0,0.0,0.33,0.0,6.0,0.01,9.0,4.75,0,MC1
2.0,4.0,0.17,0.0,10.0,0.03,21.0,27.35,0,MC1
1.0,2.0,1.0,1.0,2.0,0.0,3.0,0.26,0,MC1
1.0,0.0,0.67,0.0,3.0,0.01,9.0,2.25,0,MC1
1.0,0.0,0.67,0.0,3.0,0.0,4.0,0.67,0,MC1
1.0,0.0,0.67,0.0,3.0,0.0,4.0,0.67,0,MC1
1.0,0.0,0.67,0.0,3.0,0.0,4.0,0.67,0,MC1
2.0,4.0,0.27,0.0,6.0,0.01,13.0,9.0,0,MC1
1.0,0.0,0.67,0.0,3.0,0.0,4.0,0.67,0,MC1
1.0,0.0,0.5,0.0,4.0,0.0,5.0,1.29,0,MC1
1.0,0.0,0.0,0.0,1.0,0.0,1.0,0.0,0,MC1
1.0,0.0,0.0,0.0,1.0,0.0,1.0,0.0,0,MC1
1.0,0.0,0.0,0.0,1.0,0.0,1.0,0.0,0,MC1
1.0,0.0,0.0,0.0,1.0,0.0,1.0,0.0,0,MC1
1.0,0.0,0.0,0.0,1.0,0.0,1.0,0.0,0,MC1
1.0,4.0,0.14,0.0,8.0,0.02,20.0,27.88,0,MC1
2.0,4.0,0.14,0.0,11.0,0.05,35.0,61.07,0,MC1
2.0,8.0,0.1,0.0,13.0,0.08,52.0,138.07,0,MC1
7.0,55.0,0.03,1.0,22.0,0.33,184.0,2232.3,0,MC1
1.0,0.0,0.15,0.0,8.0,0.02,16.0,20.5,0,MC1
3.0,23.0,0.05,0.0,17.0,0.13,80.0,441.16,0,MC1
1.0,0.0,0.13,0.0,9.0,0.02,18.0,26.89,0,MC1
3.0,19.0,0.09,0.0,12.0,0.07,46.0,126.11,0,MC1
2.0,12.0,0.11,0.0,11.0,0.04,31.0,65.39,0,MC1
5.0,12.0,0.06,0.0,13.0,0.1,63.0,265.51,0,MC1
1.0,4.0,0.38,0.0,4.0,0.01,9.0,3.74,0,MC1
3.0,13.0,0.14,0.0,9.0,0.04,29.0,45.57,0,MC1
3.0,13.0,0.13,0.0,10.0,0.04,31.0,53.86,0,MC1
2.0,4.0,0.15,0.0,8.0,0.03,21.0,29.61,0,MC1
1.0,0.0,0.33,0.0,6.0,0.01,7.0,3.28,0,MC1
2.0,0.0,0.13,0.0,9.0,0.02,14.0,20.91,0,MC1
1.0,0.0,0.4,0.0,5.0,0.01,7.0,2.73,0,MC1
2.0,0.0,0.2,0.0,8.0,0.02,13.0,12.95,0,MC1
1.0,6.0,0.2,0.0,7.0,0.03,23.0,24.32,0,MC1
2.0,0.0,0.5,0.0,4.0,0.01,6.0,1.72,0,MC1
2.0,0.0,0.4,0.0,5.0,0.01,7.0,2.73,0,MC1
4.0,11.0,0.06,0.0,14.0,0.07,45.0,175.69,0,MC1
2.0,3.0,0.25,0.0,8.0,0.02,15.0,12.69,0,MC1
1.0,0.0,0.0,0.0,1.0,0.0,1.0,0.0,0,MC1
1.0,2.0,0.5,0.0,4.0,0.01,9.0,3.0,0,MC1
1.0,0.0,0.5,0.0,4.0,0.01,6.0,1.72,0,MC1
1.0,0.0,0.5,0.0,4.0,0.01,6.0,1.72,0,MC1
1.0,0.0,0.5,0.0,4.0,0.01,6.0,1.72,0,MC1
1.0,0.0,0.67,0.0,3.0,0.0,5.0,0.97,0,MC1
1.0,1.0,0.67,0.0,3.0,0.0,5.0,0.97,0,MC1
1.0,0.0,0.5,0.0,4.0,0.0,5.0,1.29,0,MC1
1.0,2.0,0.5,0.0,4.0,0.01,6.0,1.72,0,MC1
1.0,1.0,0.0,0.0,1.0,0.0,1.0,0.0,0,MC1
1.0,2.0,0.5,0.0,4.0,0.01,6.0,1.72,0,MC1
1.0,0.0,0.4,0.0,5.0,0.01,9.0,3.23,0,MC1
1.0,0.0,0.5,0.0,4.0,0.01,6.0,1.72,0,MC1
1.0,0.0,0.21,0.0,7.0,0.02,15.0,12.92,0,MC1
3.0,7.0,0.08,0.0,14.0,0.05,35.0,113.81,0,MC1
2.0,5.0,0.24,0.0,7.0,0.02,19.0,15.95,0,MC1
2.0,4.0,0.18,0.0,9.0,0.02,17.0,19.66,0,MC1
1.0,0.0,0.0,0.0,0.0,0.0,0.0,0.0,0,MC1
1.0,0.0,0.4,0.0,5.0,0.01,6.0,2.15,0,MC1
1.0,0.0,0.29,0.0,7.0,0.01,12.0,8.07,0,MC1
1.0,0.0,0.0,0.0,0.0,0.0,0.0,0.0,0,MC1
1.0,0.0,0.0,0.0,0.0,0.0,0.0,0.0,0,MC1
1.0,0.0,0.0,0.0,0.0,0.0,0.0,0.0,0,MC1
1.0,0.0,0.0,0.0,0.0,0.0,0.0,0.0,0,MC1
2.0,0.0,0.0,0.0,0.0,0.0,0.0,0.0,0,MC1
1.0,0.0,0.0,0.0,0.0,0.0,0.0,0.0,0,MC1
1.0,0.0,0.0,0.0,0.0,0.0,0.0,0.0,0,MC1
1.0,0.0,0.22,0.0,6.0,0.01,11.0,8.25,0,MC1
2.0,8.0,0.1,0.0,12.0,0.05,34.0,79.6,0,MC1
1.0,0.0,0.4,0.0,5.0,0.01,8.0,3.33,0,MC1
1.0,0.0,0.5,0.0,4.0,0.01,6.0,1.72,0,MC1
1.0,0.0,0.29,0.0,7.0,0.01,8.0,4.67,0,MC1
1.0,0.0,0.5,0.0,4.0,0.01,6.0,1.72,0,MC1
1.0,0.0,0.17,0.0,8.0,0.02,15.0,16.61,0,MC1
1.0,0.0,0.17,0.0,8.0,0.02,15.0,16.61,0,MC1
1.0,0.0,0.17,0.0,8.0,0.02,15.0,16.61,0,MC1
1.0,1.0,0.0,0.0,1.0,0.0,1.0,0.0,0,MC1
1.0,2.0,0.5,0.0,2.0,0.0,5.0,0.88,0,MC1
2.0,6.0,0.4,0.0,5.0,0.01,10.0,4.4,0,MC1
2.0,6.0,0.4,0.0,5.0,0.01,10.0,4.4,0,MC1
2.0,9.0,0.22,0.0,6.0,0.02,15.0,11.25,0,MC1
2.0,9.0,0.22,0.0,6.0,0.02,15.0,11.25,0,MC1
1.0,7.0,0.2,0.0,7.0,0.04,29.0,32.58,0,MC1
1.0,7.0,0.2,0.0,7.0,0.04,29.0,32.58,0,MC1
2.0,9.0,0.22,0.0,6.0,0.02,15.0,11.25,0,MC1
2.0,9.0,0.22,0.0,6.0,0.02,15.0,11.25,0,MC1
1.0,3.0,0.33,0.0,6.0,0.01,9.0,4.75,0,MC1
2.0,5.0,0.29,0.0,7.0,0.02,15.0,10.46,0,MC1
2.0,4.0,0.18,0.0,7.0,0.02,17.0,18.96,0,MC1
1.0,0.0,0.67,0.0,3.0,0.0,5.0,0.97,0,MC1
1.0,0.0,0.4,0.0,5.0,0.01,10.0,4.4,0,MC1
1.0,0.0,0.67,0.0,3.0,0.0,5.0,0.97,0,MC1
1.0,0.0,0.5,0.0,4.0,0.01,6.0,1.72,0,MC1
1.0,0.0,0.5,0.0,4.0,0.01,6.0,1.72,0,MC1
1.0,0.0,0.5,0.0,4.0,0.01,6.0,1.72,0,MC1
1.0,0.0,0.5,0.0,4.0,0.01,6.0,1.72,0,MC1
2.0,7.0,0.14,0.0,9.0,0.04,28.0,46.49,0,MC1
1.0,0.0,0.5,0.0,4.0,0.01,6.0,1.72,0,MC1
1.0,0.0,0.5,0.0,4.0,0.01,6.0,1.72,0,MC1
1.0,0.0,0.5,0.0,4.0,0.01,6.0,1.72,0,MC1
1.0,0.0,0.5,0.0,4.0,0.01,6.0,1.72,0,MC1
2.0,0.0,0.5,0.0,4.0,0.01,6.0,1.72,0,MC1
1.0,0.0,0.5,0.0,4.0,0.0,5.0,1.29,0,MC1
2.0,0.0,0.5,0.0,4.0,0.01,6.0,1.72,0,MC1
1.0,0.0,0.33,0.0,6.0,0.01,11.0,6.09,0,MC1
1.0,0.0,0.5,0.0,4.0,0.01,6.0,1.72,0,MC1
1.0,0.0,0.5,0.0,4.0,0.01,6.0,1.72,0,MC1
1.0,0.0,0.5,0.0,4.0,0.01,6.0,1.72,0,MC1
1.0,0.0,0.5,0.0,4.0,0.0,5.0,1.29,0,MC1
1.0,0.0,0.5,0.0,4.0,0.01,6.0,1.72,0,MC1
1.0,2.0,0.4,0.0,5.0,0.01,8.0,3.12,0,MC1
1.0,2.0,0.67,0.0,3.0,0.0,4.0,0.67,0,MC1
1.0,0.0,0.67,0.0,3.0,0.0,4.0,0.67,0,MC1
1.0,2.0,0.67,0.0,3.0,0.0,4.0,0.67,0,MC1
1.0,2.0,0.67,0.0,3.0,0.0,4.0,0.67,0,MC1
1.0,3.0,0.4,0.0,5.0,0.01,10.0,4.17,0,MC1
1.0,0.0,0.4,0.0,5.0,0.01,7.0,2.73,0,MC1
1.0,0.0,0.33,0.0,6.0,0.01,7.0,3.28,0,MC1
1.0,0.0,0.33,0.0,6.0,0.01,7.0,3.28,0,MC1
1.0,2.0,0.4,0.0,5.0,0.01,8.0,3.12,0,MC1
1.0,2.0,0.67,0.0,3.0,0.0,4.0,0.67,0,MC1
1.0,0.0,0.67,0.0,3.0,0.0,4.0,0.67,0,MC1
1.0,2.0,0.67,0.0,3.0,0.0,4.0,0.67,0,MC1
1.0,2.0,0.67,0.0,3.0,0.0,4.0,0.67,0,MC1
1.0,0.0,0.67,0.0,3.0,0.0,4.0,0.67,0,MC1
1.0,0.0,0.67,0.0,3.0,0.0,4.0,0.67,0,MC1
1.0,0.0,0.5,0.0,4.0,0.01,6.0,1.72,0,MC1
1.0,0.0,0.33,0.0,6.0,0.01,9.0,4.5,0,MC1
1.0,0.0,0.17,0.0,8.0,0.02,15.0,16.61,0,MC1
1.0,0.0,0.33,0.0,6.0,0.01,9.0,4.75,0,MC1
1.0,0.0,0.33,0.0,6.0,0.01,9.0,4.75,0,MC1
1.0,0.0,0.33,0.0,6.0,0.01,9.0,4.75,0,MC1
1.0,0.0,0.33,0.0,6.0,0.01,9.0,4.75,0,MC1
2.0,4.0,0.17,0.0,10.0,0.03,21.0,27.35,0,MC1
1.0,0.0,0.67,0.0,3.0,0.0,4.0,0.67,0,MC1
1.0,0.0,0.67,0.0,3.0,0.0,4.0,0.67,0,MC1
1.0,4.0,0.14,0.0,8.0,0.02,20.0,27.88,0,MC1
2.0,4.0,0.14,0.0,11.0,0.05,35.0,61.07,0,MC1
2.0,8.0,0.1,0.0,13.0,0.08,52.0,138.07,0,MC1
7.0,55.0,0.03,1.0,22.0,0.33,184.0,2232.3,0,MC1
1.0,0.0,0.15,0.0,8.0,0.02,16.0,20.5,0,MC1
3.0,23.0,0.05,0.0,17.0,0.13,80.0,441.16,0,MC1
1.0,0.0,0.13,0.0,9.0,0.02,18.0,26.89,0,MC1
3.0,19.0,0.09,0.0,12.0,0.07,46.0,126.11,0,MC1
2.0,12.0,0.11,0.0,11.0,0.04,31.0,65.39,0,MC1
5.0,12.0,0.06,0.0,13.0,0.1,63.0,265.51,0,MC1
1.0,4.0,0.38,0.0,4.0,0.01,9.0,3.74,0,MC1
3.0,13.0,0.14,0.0,9.0,0.04,29.0,45.57,0,MC1
3.0,13.0,0.13,0.0,10.0,0.04,31.0,53.86,0,MC1
2.0,4.0,0.15,0.0,8.0,0.03,21.0,29.61,0,MC1
1.0,0.0,0.33,0.0,6.0,0.01,7.0,3.28,0,MC1
2.0,0.0,0.13,0.0,9.0,0.02,14.0,20.91,0,MC1
1.0,0.0,0.4,0.0,5.0,0.01,7.0,2.73,0,MC1
2.0,0.0,0.2,0.0,8.0,0.02,13.0,12.95,0,MC1
1.0,6.0,0.2,0.0,7.0,0.03,23.0,24.32,0,MC1
2.0,0.0,0.5,0.0,4.0,0.01,6.0,1.72,0,MC1
2.0,0.0,0.4,0.0,5.0,0.01,7.0,2.73,0,MC1
4.0,11.0,0.06,0.0,14.0,0.07,45.0,175.69,0,MC1
2.0,3.0,0.25,0.0,8.0,0.02,15.0,12.69,0,MC1
1.0,0.0,0.0,0.0,1.0,0.0,1.0,0.0,0,MC1
1.0,2.0,0.5,0.0,4.0,0.01,9.0,3.0,0,MC1
1.0,0.0,0.5,0.0,4.0,0.01,6.0,1.72,0,MC1
1.0,0.0,0.5,0.0,4.0,0.01,6.0,1.72,0,MC1
1.0,0.0,0.5,0.0,4.0,0.01,6.0,1.72,0,MC1
1.0,0.0,0.67,0.0,3.0,0.0,5.0,0.97,0,MC1
1.0,1.0,0.67,0.0,3.0,0.0,5.0,0.97,0,MC1
1.0,0.0,0.5,0.0,4.0,0.0,5.0,1.29,0,MC1
1.0,2.0,0.5,0.0,4.0,0.01,6.0,1.72,0,MC1
1.0,1.0,0.0,0.0,1.0,0.0,1.0,0.0,0,MC1
1.0,2.0,0.5,0.0,4.0,0.01,6.0,1.72,0,MC1
1.0,0.0,0.4,0.0,5.0,0.01,9.0,3.23,0,MC1
1.0,5.0,0.5,0.0,4.0,0.01,14.0,4.93,0,MC1
1.0,0.0,0.5,0.0,4.0,0.01,6.0,1.72,0,MC1
1.0,0.0,0.21,0.0,7.0,0.02,15.0,12.92,0,MC1
3.0,7.0,0.08,0.0,14.0,0.05,35.0,113.81,0,MC1
2.0,5.0,0.24,0.0,7.0,0.02,19.0,15.95,0,MC1
2.0,4.0,0.18,0.0,9.0,0.02,17.0,19.66,0,MC1
1.0,0.0,0.0,0.0,0.0,0.0,0.0,0.0,0,MC1
1.0,0.0,0.4,0.0,5.0,0.01,6.0,2.15,0,MC1
1.0,0.0,0.29,0.0,7.0,0.01,12.0,8.07,0,MC1
1.0,0.0,0.0,0.0,0.0,0.0,0.0,0.0,0,MC1
1.0,0.0,0.0,0.0,0.0,0.0,0.0,0.0,0,MC1
1.0,0.0,0.0,0.0,0.0,0.0,0.0,0.0,0,MC1
1.0,0.0,0.0,0.0,0.0,0.0,0.0,0.0,0,MC1
2.0,0.0,0.0,0.0,0.0,0.0,0.0,0.0,0,MC1
1.0,0.0,0.0,0.0,0.0,0.0,0.0,0.0,0,MC1
1.0,0.0,0.0,0.0,0.0,0.0,0.0,0.0,0,MC1
1.0,0.0,0.67,0.0,3.0,0.0,4.0,0.67,0,MC1
1.0,0.0,0.22,0.0,6.0,0.01,11.0,8.25,0,MC1
2.0,8.0,0.1,0.0,12.0,0.05,34.0,79.6,0,MC1
1.0,0.0,0.4,0.0,5.0,0.01,8.0,3.33,0,MC1
1.0,0.0,0.5,0.0,4.0,0.01,6.0,1.72,0,MC1
1.0,0.0,0.29,0.0,7.0,0.01,8.0,4.67,0,MC1
1.0,0.0,0.5,0.0,4.0,0.01,6.0,1.72,0,MC1
1.0,0.0,0.17,0.0,8.0,0.02,15.0,16.61,0,MC1
1.0,0.0,0.17,0.0,8.0,0.02,15.0,16.61,0,MC1
1.0,0.0,0.17,0.0,8.0,0.02,15.0,16.61,0,MC1
1.0,0.0,0.5,0.0,4.0,0.01,7.0,2.18,0,MC1
1.0,0.0,0.0,0.0,1.0,0.0,1.0,0.0,0,MC1
5.0,19.0,0.08,4.0,14.0,0.16,92.0,332.25,0,MC1
1.0,3.0,0.33,0.0,6.0,0.01,9.0,4.75,0,MC1
2.0,5.0,0.29,0.0,7.0,0.02,15.0,10.46,0,MC1
2.0,4.0,0.18,0.0,7.0,0.02,17.0,18.96,0,MC1
1.0,0.0,0.67,0.0,3.0,0.0,5.0,0.97,0,MC1
1.0,0.0,0.4,0.0,5.0,0.01,10.0,4.4,0,MC1
1.0,0.0,0.67,0.0,3.0,0.0,5.0,0.97,0,MC1
1.0,0.0,0.5,0.0,4.0,0.01,6.0,1.72,0,MC1
1.0,0.0,0.5,0.0,4.0,0.01,6.0,1.72,0,MC1
1.0,0.0,0.5,0.0,4.0,0.01,6.0,1.72,0,MC1
1.0,0.0,0.5,0.0,4.0,0.01,6.0,1.72,0,MC1
1.0,0.0,0.67,0.0,3.0,0.0,4.0,0.67,0,MC1
1.0,0.0,0.67,0.0,3.0,0.0,4.0,0.67,0,MC1
1.0,0.0,0.67,0.0,3.0,0.0,4.0,0.67,0,MC1
1.0,0.0,0.67,0.0,3.0,0.0,4.0,0.67,0,MC1
1.0,0.0,0.67,0.0,3.0,0.0,4.0,0.67,0,MC1
1.0,0.0,0.67,0.0,3.0,0.0,4.0,0.67,0,MC1
2.0,4.0,0.27,0.0,6.0,0.01,13.0,9.0,0,MC1
1.0,0.0,0.67,0.0,3.0,0.0,4.0,0.67,0,MC1
1.0,0.0,0.67,0.0,3.0,0.0,4.0,0.67,0,MC1
1.0,0.0,0.67,0.0,3.0,0.0,4.0,0.67,0,MC1
1.0,0.0,0.33,0.0,6.0,0.01,9.0,4.75,0,MC1
1.0,0.0,0.67,0.0,3.0,0.0,4.0,0.67,0,MC1
1.0,0.0,0.67,0.0,3.0,0.0,4.0,0.67,0,MC1
1.0,0.0,0.67,0.0,3.0,0.0,4.0,0.67,0,MC1
1.0,0.0,0.67,0.0,3.0,0.0,4.0,0.67,0,MC1
1.0,0.0,0.67,0.0,3.0,0.0,4.0,0.67,0,MC1
1.0,0.0,0.5,0.0,4.0,0.01,6.0,1.72,0,MC1
1.0,0.0,0.5,0.0,4.0,0.01,6.0,1.72,0,MC1
1.0,0.0,0.5,0.0,4.0,0.01,6.0,1.72,0,MC1
1.0,0.0,0.5,0.0,4.0,0.01,6.0,1.72,0,MC1
2.0,0.0,0.5,0.0,4.0,0.01,6.0,1.72,0,MC1
1.0,0.0,0.5,0.0,4.0,0.0,5.0,1.29,0,MC1
2.0,0.0,0.5,0.0,4.0,0.01,6.0,1.72,0,MC1
1.0,0.0,0.33,0.0,6.0,0.01,11.0,6.09,0,MC1
1.0,0.0,0.5,0.0,4.0,0.01,6.0,1.72,0,MC1
1.0,0.0,0.5,0.0,4.0,0.01,6.0,1.72,0,MC1
1.0,0.0,0.0,0.0,1.0,0.0,1.0,0.0,0,MC1
1.0,0.0,0.5,0.0,4.0,0.01,6.0,1.72,0,MC1
1.0,0.0,0.5,0.0,4.0,0.0,5.0,1.29,0,MC1
1.0,0.0,0.5,0.0,4.0,0.01,6.0,1.72,0,MC1
1.0,2.0,0.4,0.0,5.0,0.01,8.0,3.12,0,MC1
1.0,2.0,0.67,0.0,3.0,0.0,4.0,0.67,0,MC1
1.0,0.0,0.67,0.0,3.0,0.0,4.0,0.67,0,MC1
1.0,2.0,0.67,0.0,3.0,0.0,4.0,0.67,0,MC1
1.0,2.0,0.67,0.0,3.0,0.0,4.0,0.67,0,MC1
1.0,3.0,0.4,0.0,5.0,0.01,10.0,4.17,0,MC1
1.0,0.0,0.4,0.0,5.0,0.01,7.0,2.73,0,MC1
1.0,0.0,0.33,0.0,6.0,0.01,7.0,3.28,0,MC1
1.0,0.0,0.33,0.0,6.0,0.01,7.0,3.28,0,MC1
1.0,2.0,0.4,0.0,5.0,0.01,8.0,3.12,0,MC1
1.0,2.0,0.67,0.0,3.0,0.0,4.0,0.67,0,MC1
1.0,0.0,0.67,0.0,3.0,0.0,4.0,0.67,0,MC1
1.0,2.0,0.67,0.0,3.0,0.0,4.0,0.67,0,MC1
1.0,2.0,0.67,0.0,3.0,0.0,4.0,0.67,0,MC1
1.0,0.0,0.67,0.0,3.0,0.0,4.0,0.67,0,MC1
1.0,0.0,0.67,0.0,3.0,0.0,4.0,0.67,0,MC1
1.0,0.0,0.5,0.0,4.0,0.01,6.0,1.72,0,MC1
1.0,0.0,0.33,0.0,6.0,0.01,9.0,4.5,0,MC1
1.0,0.0,0.17,0.0,8.0,0.02,15.0,16.61,0,MC1
1.0,0.0,0.67,0.0,3.0,0.0,5.0,0.97,0,MC1
1.0,0.0,0.33,0.0,6.0,0.01,9.0,4.75,0,MC1
1.0,0.0,0.33,0.0,6.0,0.01,9.0,4.75,0,MC1
1.0,0.0,0.33,0.0,6.0,0.01,9.0,4.75,0,MC1
1.0,0.0,0.33,0.0,6.0,0.01,9.0,4.75,0,MC1
2.0,4.0,0.17,0.0,10.0,0.03,21.0,27.35,0,MC1
1.0,0.0,0.67,0.0,3.0,0.0,4.0,0.67,0,MC1
1.0,0.0,0.67,0.0,3.0,0.0,4.0,0.67,0,MC1
1.0,0.0,0.67,0.0,3.0,0.0,4.0,0.67,0,MC1
1.0,0.0,0.67,0.0,3.0,0.0,4.0,0.67,0,MC1
1.0,0.0,0.67,0.0,3.0,0.0,4.0,0.67,0,MC1
1.0,0.0,0.67,0.0,3.0,0.0,4.0,0.67,0,MC1
1.0,0.0,0.67,0.0,3.0,0.0,4.0,0.67,0,MC1
1.0,0.0,0.67,0.0,3.0,0.0,4.0,0.67,0,MC1
1.0,0.0,0.67,0.0,3.0,0.0,4.0,0.67,0,MC1
1.0,0.0,0.33,0.0,6.0,0.01,9.0,4.75,0,MC1
1.0,0.0,0.67,0.0,3.0,0.0,4.0,0.67,0,MC1
1.0,0.0,0.67,0.0,3.0,0.0,4.0,0.67,0,MC1
1.0,0.0,0.67,0.0,3.0,0.0,4.0,0.67,0,MC1
1.0,0.0,0.67,0.0,3.0,0.0,4.0,0.67,0,MC1
1.0,0.0,0.67,0.0,3.0,0.0,4.0,0.67,0,MC1
1.0,0.0,0.67,0.0,3.0,0.0,5.0,0.97,0,MC1
1.0,13.0,0.2,2.0,7.0,0.07,48.0,58.27,0,MC1
1.0,0.0,0.67,0.0,3.0,0.0,4.0,0.67,0,MC1
1.0,0.0,0.5,0.0,4.0,0.01,7.0,2.18,0,MC1
1.0,0.0,0.0,0.0,1.0,0.0,1.0,0.0,0,MC1
1.0,33.0,0.07,2.0,16.0,0.31,160.0,724.03,0,MC1
1.0,0.0,0.67,0.0,3.0,0.0,4.0,0.67,0,MC1
1.0,0.0,0.67,0.0,3.0,0.0,4.0,0.67,0,MC1
1.0,0.0,0.67,0.0,3.0,0.0,4.0,0.67,0,MC1
1.0,0.0,0.67,0.0,3.0,0.0,4.0,0.67,0,MC1
1.0,0.0,0.67,0.0,3.0,0.0,4.0,0.67,0,MC1
1.0,0.0,0.67,0.0,3.0,0.0,4.0,0.67,0,MC1
2.0,4.0,0.27,0.0,6.0,0.01,13.0,9.0,0,MC1
1.0,0.0,0.67,0.0,3.0,0.0,4.0,0.67,0,MC1
1.0,0.0,0.67,0.0,3.0,0.0,4.0,0.67,0,MC1
1.0,0.0,0.67,0.0,3.0,0.0,4.0,0.67,0,MC1
1.0,0.0,0.33,0.0,6.0,0.01,9.0,4.75,0,MC1
1.0,0.0,0.67,0.0,3.0,0.0,4.0,0.67,0,MC1
1.0,0.0,0.67,0.0,3.0,0.0,4.0,0.67,0,MC1
1.0,0.0,0.67,0.0,3.0,0.0,4.0,0.67,0,MC1
1.0,0.0,0.67,0.0,3.0,0.0,4.0,0.67,0,MC1
1.0,0.0,0.67,0.0,3.0,0.0,4.0,0.67,0,MC1
1.0,0.0,0.0,0.0,1.0,0.0,1.0,0.0,0,MC1
7.0,92.0,0.07,4.0,14.0,1.11,480.0,2572.63,0,MC1
1.0,0.0,0.67,0.0,3.0,0.0,5.0,0.97,0,MC1
1.0,2.0,0.5,0.0,4.0,0.0,5.0,1.29,0,MC1
1.0,0.0,0.67,0.0,3.0,0.0,4.0,0.67,0,MC1
1.0,0.0,0.5,0.0,4.0,0.01,7.0,2.18,0,MC1
1.0,0.0,0.0,0.0,1.0,0.0,1.0,0.0,0,MC1
1.0,0.0,0.67,0.0,3.0,0.0,4.0,0.67,0,MC1
1.0,0.0,0.67,0.0,3.0,0.0,4.0,0.67,0,MC1
1.0,0.0,0.67,0.0,3.0,0.0,4.0,0.67,0,MC1
1.0,0.0,0.67,0.0,3.0,0.0,4.0,0.67,0,MC1
1.0,0.0,0.67,0.0,3.0,0.0,4.0,0.67,0,MC1
1.0,0.0,0.67,0.0,3.0,0.0,4.0,0.67,0,MC1
2.0,4.0,0.27,0.0,6.0,0.01,13.0,9.0,0,MC1
1.0,0.0,0.67,0.0,3.0,0.0,4.0,0.67,0,MC1
1.0,0.0,0.67,0.0,3.0,0.0,4.0,0.67,0,MC1
1.0,0.0,0.67,0.0,3.0,0.0,4.0,0.67,0,MC1
1.0,0.0,0.33,0.0,6.0,0.01,9.0,4.75,0,MC1
1.0,0.0,0.67,0.0,3.0,0.0,4.0,0.67,0,MC1
1.0,0.0,0.67,0.0,3.0,0.0,4.0,0.67,0,MC1
1.0,0.0,0.67,0.0,3.0,0.0,4.0,0.67,0,MC1
1.0,0.0,0.67,0.0,3.0,0.0,4.0,0.67,0,MC1
1.0,0.0,0.67,0.0,3.0,0.0,4.0,0.67,0,MC1
1.0,0.0,0.0,0.0,1.0,0.0,1.0,0.0,0,MC1
1.0,0.0,0.67,0.0,3.0,0.0,5.0,0.97,0,MC1
2.0,12.0,0.2,0.0,7.0,0.04,31.0,34.83,0,MC1
1.0,0.0,0.67,0.0,3.0,0.0,4.0,0.67,0,MC1
4.0,10.0,0.12,0.0,9.0,0.05,34.0,65.14,0,MC1
3.0,15.0,0.16,0.0,9.0,0.07,49.0,78.63,0,MC1
1.0,0.0,0.5,0.0,4.0,0.01,7.0,2.18,0,MC1
1.0,0.0,0.0,0.0,1.0,0.0,1.0,0.0,0,MC1
1.0,0.0,0.67,0.0,3.0,0.0,4.0,0.67,0,MC1
1.0,0.0,0.67,0.0,3.0,0.0,4.0,0.67,0,MC1
1.0,0.0,0.67,0.0,3.0,0.0,4.0,0.67,0,MC1
1.0,0.0,0.67,0.0,3.0,0.0,4.0,0.67,0,MC1
1.0,0.0,0.67,0.0,3.0,0.0,4.0,0.67,0,MC1
1.0,0.0,0.67,0.0,3.0,0.0,4.0,0.67,0,MC1
2.0,4.0,0.27,0.0,6.0,0.01,13.0,9.0,0,MC1
1.0,0.0,0.67,0.0,3.0,0.0,4.0,0.67,0,MC1
1.0,0.0,0.67,0.0,3.0,0.0,4.0,0.67,0,MC1
1.0,0.0,0.67,0.0,3.0,0.0,4.0,0.67,0,MC1
1.0,0.0,0.33,0.0,6.0,0.01,9.0,4.75,0,MC1
1.0,0.0,0.67,0.0,3.0,0.0,4.0,0.67,0,MC1
1.0,0.0,0.67,0.0,3.0,0.0,4.0,0.67,0,MC1
1.0,0.0,0.67,0.0,3.0,0.0,4.0,0.67,0,MC1
1.0,0.0,0.67,0.0,3.0,0.0,4.0,0.67,0,MC1
1.0,0.0,0.67,0.0,3.0,0.0,4.0,0.67,0,MC1
2.0,8.0,0.12,0.0,10.0,0.05,34.0,64.0,0,MC1
1.0,0.0,0.0,0.0,1.0,0.0,1.0,0.0,0,MC1
1.0,0.0,0.67,0.0,3.0,0.0,5.0,0.97,0,MC1
3.0,14.0,0.19,1.0,8.0,0.07,45.0,60.31,0,MC1
1.0,4.0,0.14,0.0,8.0,0.02,20.0,27.88,0,MC1
2.0,4.0,0.14,0.0,11.0,0.05,35.0,61.07,0,MC1
2.0,8.0,0.1,0.0,13.0,0.08,52.0,138.07,0,MC1
7.0,55.0,0.03,1.0,22.0,0.33,184.0,2232.3,0,MC1
1.0,0.0,0.15,0.0,8.0,0.02,16.0,20.5,0,MC1
3.0,23.0,0.05,0.0,17.0,0.13,80.0,441.16,0,MC1
1.0,0.0,0.13,0.0,9.0,0.02,18.0,26.89,0,MC1
3.0,19.0,0.09,0.0,12.0,0.07,46.0,126.11,0,MC1
2.0,12.0,0.11,0.0,11.0,0.04,31.0,65.39,0,MC1
5.0,12.0,0.06,0.0,13.0,0.1,63.0,265.51,0,MC1
1.0,4.0,0.38,0.0,4.0,0.01,9.0,3.74,0,MC1
3.0,13.0,0.14,0.0,9.0,0.04,29.0,45.57,0,MC1
3.0,13.0,0.13,0.0,10.0,0.04,31.0,53.86,0,MC1
2.0,4.0,0.15,0.0,8.0,0.03,21.0,29.61,0,MC1
1.0,0.0,0.33,0.0,6.0,0.01,7.0,3.28,0,MC1
2.0,0.0,0.13,0.0,9.0,0.02,14.0,20.91,0,MC1
1.0,0.0,0.4,0.0,5.0,0.01,7.0,2.73,0,MC1
2.0,0.0,0.2,0.0,8.0,0.02,13.0,12.95,0,MC1
1.0,6.0,0.2,0.0,7.0,0.03,23.0,24.32,0,MC1
2.0,0.0,0.5,0.0,4.0,0.01,6.0,1.72,0,MC1
2.0,0.0,0.4,0.0,5.0,0.01,7.0,2.73,0,MC1
4.0,11.0,0.06,0.0,14.0,0.07,45.0,175.69,0,MC1
1.0,6.0,0.15,0.0,6.0,0.03,24.0,29.9,0,MC1
2.0,10.0,0.14,0.0,10.0,0.03,24.0,36.46,0,MC1
2.0,3.0,0.25,0.0,8.0,0.02,15.0,12.69,0,MC1
1.0,0.0,0.0,0.0,1.0,0.0,1.0,0.0,0,MC1
1.0,2.0,0.5,0.0,4.0,0.01,9.0,3.0,0,MC1
1.0,0.0,0.5,0.0,4.0,0.01,6.0,1.72,0,MC1
1.0,0.0,0.5,0.0,4.0,0.01,6.0,1.72,0,MC1
1.0,0.0,0.4,0.0,5.0,0.01,6.0,2.15,0,MC1
1.0,0.0,0.4,0.0,5.0,0.01,6.0,2.15,0,MC1
1.0,0.0,0.4,0.0,5.0,0.01,6.0,2.15,0,MC1
1.0,0.0,0.5,0.0,4.0,0.01,6.0,1.72,0,MC1
1.0,0.0,0.67,0.0,3.0,0.0,5.0,0.97,0,MC1
6.0,21.0,0.04,0.0,9.0,0.08,61.0,338.59,0,MC1
5.0,18.0,0.04,0.0,9.0,0.06,49.0,278.13,0,MC1
1.0,0.0,0.0,0.0,1.0,0.0,1.0,0.0,0,MC1
1.0,0.0,0.67,0.0,3.0,0.0,5.0,0.97,0,MC1
2.0,3.0,0.11,0.0,7.0,0.01,14.0,21.57,0,MC1
2.0,3.0,0.11,0.0,7.0,0.01,14.0,21.57,0,MC1
1.0,1.0,0.67,0.0,3.0,0.0,5.0,0.97,0,MC1
1.0,0.0,0.5,0.0,4.0,0.0,5.0,1.29,0,MC1
1.0,2.0,0.5,0.0,4.0,0.01,6.0,1.72,0,MC1
1.0,1.0,0.0,0.0,1.0,0.0,1.0,0.0,0,MC1
1.0,2.0,0.5,0.0,4.0,0.01,6.0,1.72,0,MC1
1.0,0.0,0.4,0.0,5.0,0.01,9.0,3.23,0,MC1
1.0,0.0,0.5,0.0,4.0,0.01,6.0,1.72,0,MC1
1.0,0.0,0.21,0.0,7.0,0.02,15.0,12.92,0,MC1
3.0,7.0,0.08,0.0,14.0,0.05,35.0,113.81,0,MC1
2.0,5.0,0.24,0.0,7.0,0.02,19.0,15.95,0,MC1
2.0,4.0,0.18,0.0,9.0,0.02,17.0,19.66,0,MC1
1.0,0.0,0.0,0.0,0.0,0.0,0.0,0.0,0,MC1
1.0,0.0,0.4,0.0,5.0,0.01,6.0,2.15,0,MC1
1.0,0.0,0.29,0.0,7.0,0.01,12.0,8.07,0,MC1
1.0,0.0,0.0,0.0,0.0,0.0,0.0,0.0,0,MC1
1.0,0.0,0.0,0.0,0.0,0.0,0.0,0.0,0,MC1
1.0,0.0,0.0,0.0,0.0,0.0,0.0,0.0,0,MC1
1.0,0.0,0.0,0.0,0.0,0.0,0.0,0.0,0,MC1
2.0,0.0,0.0,0.0,0.0,0.0,0.0,0.0,0,MC1
1.0,0.0,0.0,0.0,0.0,0.0,0.0,0.0,0,MC1
1.0,0.0,0.0,0.0,0.0,0.0,0.0,0.0,0,MC1
2.0,0.0,0.0,0.0,0.0,0.0,0.0,0.0,0,MC1
1.0,0.0,0.22,0.0,6.0,0.01,11.0,8.25,0,MC1
2.0,8.0,0.1,0.0,12.0,0.05,34.0,79.6,0,MC1
3.0,0.0,0.0,0.0,0.0,0.0,0.0,0.0,0,MC1
1.0,3.0,0.3,0.0,5.0,0.01,11.0,6.11,0,MC1
1.0,0.0,0.4,0.0,5.0,0.01,8.0,3.33,0,MC1
1.0,0.0,0.5,0.0,4.0,0.01,6.0,1.72,0,MC1
1.0,0.0,0.29,0.0,7.0,0.01,8.0,4.67,0,MC1
1.0,0.0,0.5,0.0,4.0,0.01,6.0,1.72,0,MC1
1.0,0.0,0.17,0.0,8.0,0.02,15.0,16.61,0,MC1
1.0,0.0,0.17,0.0,8.0,0.02,15.0,16.61,0,MC1
1.0,0.0,0.17,0.0,8.0,0.02,15.0,16.61,0,MC1
1.0,89.0,0.02,1.0,46.0,0.57,257.0,4015.18,0,MC1
1.0,3.0,0.33,0.0,6.0,0.01,9.0,4.75,0,MC1
2.0,5.0,0.29,0.0,7.0,0.02,15.0,10.46,0,MC1
1.0,0.0,0.33,0.0,6.0,0.01,7.0,3.28,0,MC1
1.0,0.0,0.33,0.0,6.0,0.01,7.0,3.28,0,MC1
1.0,0.0,0.33,0.0,6.0,0.01,7.0,3.28,0,MC1
1.0,0.0,0.5,0.0,4.0,0.0,5.0,1.29,0,MC1
2.0,4.0,0.18,0.0,7.0,0.02,17.0,18.96,0,MC1
1.0,0.0,0.67,0.0,3.0,0.0,5.0,0.97,0,MC1
1.0,0.0,0.4,0.0,5.0,0.01,10.0,4.4,0,MC1
1.0,0.0,0.67,0.0,3.0,0.0,5.0,0.97,0,MC1
1.0,0.0,0.5,0.0,4.0,0.01,6.0,1.72,0,MC1
1.0,0.0,0.5,0.0,4.0,0.01,6.0,1.72,0,MC1
1.0,0.0,0.5,0.0,4.0,0.01,6.0,1.72,0,MC1
1.0,0.0,0.5,0.0,4.0,0.01,6.0,1.72,0,MC1
12.0,44.0,0.02,0.0,33.0,0.31,158.0,2287.99,0,MC1
1.0,0.0,0.5,0.0,4.0,0.0,5.0,1.29,0,MC1
1.0,0.0,0.5,0.0,4.0,0.01,6.0,1.72,0,MC1
1.0,0.0,0.5,0.0,4.0,0.01,6.0,1.72,0,MC1
1.0,0.0,0.5,0.0,4.0,0.01,6.0,1.72,0,MC1
1.0,0.0,0.5,0.0,4.0,0.01,6.0,1.72,0,MC1
2.0,0.0,0.5,0.0,4.0,0.01,6.0,1.72,0,MC1
1.0,0.0,0.5,0.0,4.0,0.0,5.0,1.29,0,MC1
2.0,0.0,0.5,0.0,4.0,0.01,6.0,1.72,0,MC1
1.0,0.0,0.33,0.0,6.0,0.01,11.0,6.09,0,MC1
1.0,0.0,0.5,0.0,4.0,0.01,6.0,1.72,0,MC1
1.0,0.0,0.5,0.0,4.0,0.01,6.0,1.72,0,MC1
1.0,0.0,1.0,0.0,2.0,0.0,5.0,0.56,0,MC1
1.0,0.0,0.5,0.0,4.0,0.01,6.0,1.72,0,MC1
1.0,0.0,0.5,0.0,4.0,0.0,5.0,1.29,0,MC1
1.0,0.0,0.5,0.0,4.0,0.01,6.0,1.72,0,MC1
1.0,2.0,0.4,0.0,5.0,0.01,8.0,3.12,0,MC1
1.0,2.0,0.67,0.0,3.0,0.0,4.0,0.67,0,MC1
1.0,0.0,0.67,0.0,3.0,0.0,4.0,0.67,0,MC1
1.0,2.0,0.67,0.0,3.0,0.0,4.0,0.67,0,MC1
1.0,2.0,0.67,0.0,3.0,0.0,4.0,0.67,0,MC1
1.0,3.0,0.4,0.0,5.0,0.01,10.0,4.17,0,MC1
1.0,0.0,0.4,0.0,5.0,0.01,7.0,2.73,0,MC1
1.0,0.0,0.33,0.0,6.0,0.01,7.0,3.28,0,MC1
1.0,0.0,0.33,0.0,6.0,0.01,7.0,3.28,0,MC1
1.0,2.0,0.4,0.0,5.0,0.01,8.0,3.12,0,MC1
1.0,2.0,0.67,0.0,3.0,0.0,4.0,0.67,0,MC1
1.0,0.0,0.67,0.0,3.0,0.0,4.0,0.67,0,MC1
1.0,2.0,0.67,0.0,3.0,0.0,4.0,0.67,0,MC1
1.0,2.0,0.67,0.0,3.0,0.0,4.0,0.67,0,MC1
1.0,0.0,0.67,0.0,3.0,0.0,4.0,0.67,0,MC1
1.0,0.0,0.67,0.0,3.0,0.0,4.0,0.67,0,MC1
1.0,0.0,0.5,0.0,4.0,0.01,6.0,1.72,0,MC1
1.0,0.0,0.33,0.0,6.0,0.01,9.0,4.5,0,MC1
1.0,0.0,0.17,0.0,8.0,0.02,15.0,16.61,0,MC1
1.0,0.0,0.33,0.0,6.0,0.01,9.0,4.75,0,MC1
1.0,0.0,0.33,0.0,6.0,0.01,9.0,4.75,0,MC1
1.0,0.0,0.33,0.0,6.0,0.01,9.0,4.75,0,MC1
1.0,0.0,0.33,0.0,6.0,0.01,9.0,4.75,0,MC1
2.0,4.0,0.17,0.0,10.0,0.03,21.0,27.35,0,MC1
1.0,2.0,0.33,0.0,6.0,0.01,10.0,5.28,0,MC1
1.0,2.0,0.33,0.0,6.0,0.01,10.0,5.28,0,MC1
1.0,0.0,0.0,0.0,0.0,0.0,1.0,0.0,0,MC1
1.0,3.0,0.4,0.0,5.0,0.01,9.0,3.75,0,MC1
1.0,3.0,0.4,0.0,5.0,0.01,9.0,3.75,0,MC1
1.0,3.0,0.4,0.0,5.0,0.01,9.0,3.75,0,MC1
1.0,3.0,0.4,0.0,5.0,0.01,9.0,3.75,0,MC1
3.0,22.0,0.06,0.0,14.0,0.15,89.0,413.97,0,MC1
4.0,25.0,0.06,0.0,14.0,0.2,118.0,550.87,0,MC1
1.0,6.0,0.19,0.0,6.0,0.02,21.0,21.79,0,MC1
1.0,6.0,0.19,0.0,6.0,0.02,21.0,21.79,0,MC1
7.0,42.0,0.08,0.0,12.0,0.28,154.0,580.92,0,MC1
7.0,42.0,0.08,0.0,12.0,0.28,154.0,580.92,0,MC1
5.0,27.0,0.06,0.0,10.0,0.22,138.0,656.68,0,MC1
1.0,8.0,0.07,0.0,13.0,0.11,73.0,274.27,0,MC1
1.0,8.0,0.07,0.0,13.0,0.11,73.0,274.27,0,MC1
2.0,8.0,0.12,0.0,10.0,0.04,32.0,60.23,0,MC1
2.0,8.0,0.12,0.0,10.0,0.04,32.0,60.23,0,MC1
4.0,41.0,0.01,0.0,24.0,0.53,296.0,7448.59,0,MC1
4.0,41.0,0.01,0.0,24.0,0.53,296.0,7448.59,0,MC1
2.0,15.0,0.08,0.0,13.0,0.1,64.0,219.78,0,MC1
2.0,15.0,0.08,0.0,13.0,0.1,64.0,219.78,0,MC1
4.0,50.0,0.01,0.0,24.0,0.65,353.0,9630.92,0,MC1
4.0,50.0,0.01,0.0,24.0,0.65,353.0,9630.92,0,MC1
1.0,50.0,0.03,0.0,37.0,0.39,194.0,2569.9,0,MC1
1.0,50.0,0.03,0.0,37.0,0.39,194.0,2569.9,0,MC1
1.0,160.0,0.02,9.0,37.0,1.19,514.0,8998.36,0,MC1
1.0,160.0,0.02,9.0,37.0,1.19,514.0,9088.77,0,MC1
1.0,0.0,0.0,0.0,0.0,0.0,0.0,0.0,0,MC1
1.0,0.0,0.0,0.0,0.0,0.0,0.0,0.0,0,MC1
1.0,48.0,0.03,1.0,27.0,0.35,185.0,1864.6,0,MC1
1.0,48.0,0.03,1.0,27.0,0.35,185.0,1864.6,0,MC1
1.0,16.0,0.04,0.0,24.0,0.18,101.0,766.51,0,MC1
1.0,16.0,0.04,0.0,24.0,0.18,101.0,766.51,0,MC1
1.0,8.0,0.08,0.0,14.0,0.07,49.0,157.26,0,MC1
1.0,8.0,0.08,0.0,14.0,0.07,49.0,157.26,0,MC1
3.0,9.0,0.09,0.0,13.0,0.06,38.0,111.73,0,MC1
3.0,9.0,0.09,0.0,13.0,0.06,38.0,111.73,0,MC1
1.0,2.0,0.5,0.0,4.0,0.01,7.0,2.18,0,MC1
1.0,2.0,0.5,0.0,4.0,0.01,7.0,2.18,0,MC1
2.0,7.0,0.15,0.0,8.0,0.03,26.0,37.56,0,MC1
2.0,7.0,0.15,0.0,8.0,0.03,26.0,37.56,0,MC1
1.0,4.0,0.14,0.0,8.0,0.02,20.0,27.88,0,MC1
2.0,4.0,0.14,0.0,11.0,0.05,35.0,61.07,0,MC1
2.0,8.0,0.1,0.0,13.0,0.08,52.0,138.07,0,MC1
7.0,55.0,0.03,1.0,22.0,0.33,184.0,2232.3,0,MC1
1.0,0.0,0.15,0.0,8.0,0.02,16.0,20.5,0,MC1
3.0,23.0,0.05,0.0,17.0,0.13,80.0,441.16,0,MC1
1.0,0.0,0.13,0.0,9.0,0.02,18.0,26.89,0,MC1
3.0,19.0,0.09,0.0,12.0,0.07,46.0,126.11,0,MC1
2.0,12.0,0.11,0.0,11.0,0.04,31.0,65.39,0,MC1
5.0,12.0,0.06,0.0,13.0,0.1,63.0,265.51,0,MC1
1.0,4.0,0.38,0.0,4.0,0.01,9.0,3.74,0,MC1
3.0,13.0,0.14,0.0,9.0,0.04,29.0,45.57,0,MC1
3.0,13.0,0.13,0.0,10.0,0.04,31.0,53.86,0,MC1
2.0,4.0,0.15,0.0,8.0,0.03,21.0,29.61,0,MC1
1.0,0.0,0.33,0.0,6.0,0.01,7.0,3.28,0,MC1
2.0,0.0,0.13,0.0,9.0,0.02,14.0,20.91,0,MC1
1.0,0.0,0.4,0.0,5.0,0.01,7.0,2.73,0,MC1
2.0,0.0,0.2,0.0,8.0,0.02,13.0,12.95,0,MC1
1.0,6.0,0.2,0.0,7.0,0.03,23.0,24.32,0,MC1
2.0,0.0,0.5,0.0,4.0,0.01,6.0,1.72,0,MC1
2.0,0.0,0.4,0.0,5.0,0.01,7.0,2.73,0,MC1
4.0,11.0,0.06,0.0,14.0,0.07,45.0,175.69,0,MC1
2.0,3.0,0.25,0.0,8.0,0.02,15.0,12.69,0,MC1
1.0,0.0,0.0,0.0,1.0,0.0,1.0,0.0,0,MC1
1.0,2.0,0.5,0.0,4.0,0.01,9.0,3.0,0,MC1
1.0,0.0,0.5,0.0,4.0,0.01,6.0,1.72,0,MC1
1.0,0.0,0.5,0.0,4.0,0.01,6.0,1.72,0,MC1
1.0,0.0,0.5,0.0,4.0,0.01,6.0,1.72,0,MC1
1.0,0.0,0.67,0.0,3.0,0.0,5.0,0.97,0,MC1
1.0,1.0,0.67,0.0,3.0,0.0,5.0,0.97,0,MC1
1.0,0.0,0.5,0.0,4.0,0.0,5.0,1.29,0,MC1
1.0,2.0,0.5,0.0,4.0,0.01,6.0,1.72,0,MC1
1.0,1.0,0.0,0.0,1.0,0.0,1.0,0.0,0,MC1
1.0,2.0,0.5,0.0,4.0,0.01,6.0,1.72,0,MC1
1.0,0.0,0.4,0.0,5.0,0.01,9.0,3.23,0,MC1
1.0,0.0,0.5,0.0,4.0,0.01,6.0,1.72,0,MC1
1.0,0.0,0.21,0.0,7.0,0.02,15.0,12.92,0,MC1
3.0,7.0,0.08,0.0,14.0,0.05,35.0,113.81,0,MC1
2.0,5.0,0.24,0.0,7.0,0.02,19.0,15.95,0,MC1
2.0,4.0,0.18,0.0,9.0,0.02,17.0,19.66,0,MC1
1.0,0.0,0.0,0.0,0.0,0.0,0.0,0.0,0,MC1
1.0,0.0,0.4,0.0,5.0,0.01,6.0,2.15,0,MC1
1.0,0.0,0.29,0.0,7.0,0.01,12.0,8.07,0,MC1
1.0,0.0,0.0,0.0,0.0,0.0,0.0,0.0,0,MC1
1.0,0.0,0.0,0.0,0.0,0.0,0.0,0.0,0,MC1
1.0,0.0,0.0,0.0,0.0,0.0,0.0,0.0,0,MC1
1.0,0.0,0.0,0.0,0.0,0.0,0.0,0.0,0,MC1
2.0,0.0,0.0,0.0,0.0,0.0,0.0,0.0,0,MC1
1.0,0.0,0.0,0.0,0.0,0.0,0.0,0.0,0,MC1
1.0,0.0,0.0,0.0,0.0,0.0,0.0,0.0,0,MC1
1.0,0.0,0.22,0.0,6.0,0.01,11.0,8.25,0,MC1
2.0,8.0,0.1,0.0,12.0,0.05,34.0,79.6,0,MC1
1.0,0.0,0.4,0.0,5.0,0.01,8.0,3.33,0,MC1
1.0,0.0,0.5,0.0,4.0,0.01,6.0,1.72,0,MC1
1.0,0.0,0.29,0.0,7.0,0.01,8.0,4.67,0,MC1
1.0,0.0,0.5,0.0,4.0,0.01,6.0,1.72,0,MC1
1.0,2.0,0.4,0.0,5.0,0.01,6.0,2.15,0,MC1
1.0,0.0,0.17,0.0,8.0,0.02,15.0,16.61,0,MC1
1.0,0.0,0.17,0.0,8.0,0.02,15.0,16.61,0,MC1
1.0,0.0,0.17,0.0,8.0,0.02,15.0,16.61,0,MC1
1.0,0.0,0.5,0.0,4.0,0.01,6.0,1.72,0,MC1
1.0,0.0,0.5,0.0,4.0,0.01,6.0,1.72,0,MC1
1.0,2.0,0.5,0.0,4.0,0.0,5.0,1.29,0,MC1
1.0,2.0,0.67,0.0,3.0,0.0,4.0,0.67,0,MC1
1.0,2.0,0.5,0.0,4.0,0.0,5.0,1.29,0,MC1
1.0,2.0,0.67,0.0,3.0,0.0,4.0,0.67,0,MC1
1.0,2.0,0.67,0.0,3.0,0.0,4.0,0.67,0,MC1
1.0,5.0,0.09,0.0,9.0,0.03,28.0,64.76,0,MC1
1.0,3.0,0.27,0.0,5.0,0.01,11.0,7.26,0,MC1
3.0,13.0,0.05,0.0,15.0,0.09,58.0,277.12,0,MC1
1.0,2.0,0.67,0.0,3.0,0.0,4.0,0.67,0,MC1
1.0,2.0,0.67,0.0,3.0,0.0,5.0,0.97,0,MC1
3.0,5.0,0.15,0.0,10.0,0.03,21.0,31.11,0,MC1
1.0,2.0,0.67,0.0,3.0,0.0,5.0,0.97,0,MC1
1.0,3.0,0.33,0.0,6.0,0.01,9.0,4.75,0,MC1
2.0,5.0,0.29,0.0,7.0,0.02,15.0,10.46,0,MC1
2.0,4.0,0.18,0.0,7.0,0.02,17.0,18.96,0,MC1
1.0,0.0,0.67,0.0,3.0,0.0,5.0,0.97,0,MC1
1.0,0.0,0.4,0.0,5.0,0.01,10.0,4.4,0,MC1
1.0,0.0,0.67,0.0,3.0,0.0,5.0,0.97,0,MC1
1.0,0.0,0.5,0.0,4.0,0.01,6.0,1.72,0,MC1
1.0,0.0,0.5,0.0,4.0,0.01,6.0,1.72,0,MC1
1.0,0.0,0.5,0.0,4.0,0.01,6.0,1.72,0,MC1
1.0,0.0,0.5,0.0,4.0,0.01,6.0,1.72,0,MC1
1.0,0.0,0.5,0.0,4.0,0.01,6.0,1.72,0,MC1
1.0,0.0,0.5,0.0,4.0,0.01,6.0,1.72,0,MC1
2.0,0.0,0.5,0.0,4.0,0.01,6.0,1.72,0,MC1
1.0,0.0,0.5,0.0,4.0,0.0,5.0,1.29,0,MC1
2.0,0.0,0.5,0.0,4.0,0.01,6.0,1.72,0,MC1
1.0,0.0,0.33,0.0,6.0,0.01,11.0,6.09,0,MC1
1.0,0.0,0.5,0.0,4.0,0.01,6.0,1.72,0,MC1
1.0,0.0,0.5,0.0,4.0,0.01,6.0,1.72,0,MC1
1.0,0.0,0.5,0.0,4.0,0.01,6.0,1.72,0,MC1
1.0,0.0,0.5,0.0,4.0,0.0,5.0,1.29,0,MC1
1.0,0.0,0.5,0.0,4.0,0.01,6.0,1.72,0,MC1
1.0,2.0,0.4,0.0,5.0,0.01,8.0,3.12,0,MC1
1.0,2.0,0.67,0.0,3.0,0.0,4.0,0.67,0,MC1
1.0,0.0,0.67,0.0,3.0,0.0,4.0,0.67,0,MC1
1.0,2.0,0.67,0.0,3.0,0.0,4.0,0.67,0,MC1
1.0,2.0,0.67,0.0,3.0,0.0,4.0,0.67,0,MC1
1.0,3.0,0.4,0.0,5.0,0.01,10.0,4.17,0,MC1
1.0,0.0,0.4,0.0,5.0,0.01,7.0,2.73,0,MC1
1.0,0.0,0.33,0.0,6.0,0.01,7.0,3.28,0,MC1
1.0,0.0,0.33,0.0,6.0,0.01,7.0,3.28,0,MC1
1.0,2.0,0.4,0.0,5.0,0.01,8.0,3.12,0,MC1
1.0,2.0,0.67,0.0,3.0,0.0,4.0,0.67,0,MC1
1.0,0.0,0.67,0.0,3.0,0.0,4.0,0.67,0,MC1
1.0,2.0,0.67,0.0,3.0,0.0,4.0,0.67,0,MC1
1.0,2.0,0.67,0.0,3.0,0.0,4.0,0.67,0,MC1
1.0,0.0,0.67,0.0,3.0,0.0,4.0,0.67,0,MC1
1.0,0.0,0.67,0.0,3.0,0.0,4.0,0.67,0,MC1
1.0,0.0,0.5,0.0,4.0,0.01,6.0,1.72,0,MC1
1.0,2.0,0.4,0.0,5.0,0.01,6.0,2.15,0,MC1
1.0,0.0,0.33,0.0,6.0,0.01,9.0,4.5,0,MC1
1.0,0.0,0.17,0.0,8.0,0.02,15.0,16.61,0,MC1
1.0,2.0,0.67,0.0,3.0,0.0,4.0,0.67,0,MC1
1.0,0.0,0.33,0.0,6.0,0.01,9.0,4.75,0,MC1
1.0,0.0,0.33,0.0,6.0,0.01,9.0,4.75,0,MC1
1.0,0.0,0.33,0.0,6.0,0.01,9.0,4.75,0,MC1
1.0,0.0,0.33,0.0,6.0,0.01,9.0,4.75,0,MC1
2.0,4.0,0.17,0.0,10.0,0.03,21.0,27.35,0,MC1
1.0,2.0,0.25,0.0,8.0,0.01,12.0,8.86,0,MC1
1.0,2.0,0.4,0.0,5.0,0.01,7.0,2.73,0,MC1
1.0,2.0,0.4,0.0,5.0,0.01,6.0,2.15,0,MC1
1.0,4.0,0.23,0.0,7.0,0.01,13.0,10.93,0,MC1
2.0,20.0,0.09,0.0,11.0,0.12,78.0,229.15,0,MC1
1.0,2.0,0.67,0.0,3.0,0.0,5.0,0.97,0,MC1
1.0,2.0,0.67,0.0,3.0,0.0,5.0,0.97,0,MC1
1.0,2.0,0.5,0.0,4.0,0.0,5.0,1.29,0,MC1
1.0,2.0,0.5,0.0,4.0,0.0,5.0,1.29,0,MC1
1.0,36.0,0.06,0.0,19.0,0.25,132.0,651.93,0,MC1
1.0,36.0,0.06,0.0,19.0,0.25,132.0,651.93,0,MC1
1.0,0.0,0.0,0.0,0.0,0.0,0.0,0.0,0,MC1
1.0,0.0,0.0,0.0,0.0,0.0,0.0,0.0,0,MC1
1.0,3.0,0.5,1.0,4.0,0.01,8.0,2.5,0,MC1
1.0,3.0,0.5,1.0,4.0,0.01,8.0,2.5,0,MC1
2.0,9.0,0.17,0.0,8.0,0.03,24.0,30.46,0,MC1
2.0,9.0,0.17,0.0,8.0,0.03,24.0,30.46,0,MC1
2.0,8.0,0.16,0.0,8.0,0.02,20.0,26.31,0,MC1
2.0,8.0,0.16,0.0,8.0,0.02,20.0,26.31,0,MC1
1.0,0.0,0.67,0.0,3.0,0.0,4.0,0.67,0,MC1
1.0,0.0,0.67,0.0,3.0,0.0,4.0,0.67,0,MC1
3.0,11.0,0.21,1.0,7.0,0.05,36.0,39.8,0,MC1
3.0,11.0,0.21,1.0,7.0,0.05,36.0,39.8,0,MC1
4.0,15.0,0.16,1.0,8.0,0.07,46.0,69.95,0,MC1
4.0,15.0,0.16,1.0,8.0,0.07,46.0,69.95,0,MC1
3.0,8.0,0.18,0.0,7.0,0.03,23.0,25.65,0,MC1
3.0,8.0,0.18,0.0,7.0,0.03,23.0,25.65,0,MC1
1.0,0.0,0.67,0.0,3.0,0.0,4.0,0.67,0,MC1
1.0,0.0,0.67,0.0,3.0,0.0,4.0,0.67,0,MC1
1.0,0.0,0.67,0.0,3.0,0.0,4.0,0.67,0,MC1
1.0,0.0,0.67,0.0,3.0,0.0,4.0,0.67,0,MC1
1.0,3.0,0.5,0.0,4.0,0.01,8.0,2.5,0,MC1
1.0,3.0,0.5,0.0,4.0,0.01,8.0,2.5,0,MC1
1.0,3.0,0.5,0.0,4.0,0.01,8.0,2.5,0,MC1
1.0,3.0,0.5,0.0,4.0,0.01,8.0,2.5,0,MC1
3.0,12.0,0.1,0.0,11.0,0.05,39.0,89.3,0,MC1
1.0,3.0,0.38,0.0,4.0,0.01,9.0,3.74,0,MC1
2.0,6.0,0.22,0.0,6.0,0.02,17.0,14.12,0,MC1
1.0,5.0,0.31,0.0,4.0,0.02,21.0,11.83,0,MC1
2.0,13.0,0.03,0.0,11.0,0.06,51.0,375.76,0,MC1
2.0,14.0,0.06,0.0,10.0,0.07,54.0,210.0,0,MC1
1.0,2.0,0.23,0.0,5.0,0.02,19.0,14.64,0,MC1
1.0,2.0,0.33,0.0,6.0,0.01,12.0,6.64,0,MC1
5.0,22.0,0.04,0.0,11.0,0.12,82.0,469.25,0,MC1
2.0,14.0,0.14,0.0,9.0,0.13,76.0,148.7,0,MC1
3.0,23.0,0.1,0.0,11.0,0.17,99.0,278.81,0,MC1
4.0,39.0,0.1,6.0,12.0,0.26,138.0,425.81,0,MC1
6.0,38.0,0.05,1.0,20.0,0.34,177.0,1189.7,0,MC1
3.0,16.0,0.21,0.0,7.0,0.06,43.0,49.71,0,MC1
2.0,14.0,0.14,0.0,9.0,0.13,76.0,154.03,0,MC1
3.0,23.0,0.1,0.0,11.0,0.17,99.0,278.81,0,MC1
2.0,2.0,0.4,0.0,5.0,0.01,8.0,3.33,0,MC1
2.0,2.0,0.4,0.0,5.0,0.01,8.0,3.33,0,MC1
1.0,7.0,0.44,0.0,3.0,0.03,25.0,10.81,0,MC1
1.0,7.0,0.5,0.0,3.0,0.03,25.0,9.96,0,MC1
1.0,0.0,0.67,0.0,3.0,0.0,4.0,0.67,0,MC1
1.0,0.0,0.67,0.0,3.0,0.0,4.0,0.67,0,MC1
1.0,0.0,0.67,0.0,3.0,0.0,4.0,0.67,0,MC1
1.0,0.0,0.67,0.0,3.0,0.0,4.0,0.67,0,MC1
6.0,30.0,0.09,0.0,12.0,0.16,99.0,301.16,0,MC1
6.0,30.0,0.09,0.0,12.0,0.16,99.0,301.16,0,MC1
3.0,3.0,0.17,0.0,8.0,0.02,15.0,17.92,0,MC1
3.0,3.0,0.17,0.0,8.0,0.02,15.0,17.92,0,MC1
14.0,56.0,0.02,18.0,29.0,0.36,186.0,2432.14,0,MC1
14.0,56.0,0.03,18.0,28.0,0.32,170.0,2041.34,0,MC1
14.0,56.0,0.03,18.0,28.0,0.32,170.0,2041.34,0,MC1
14.0,56.0,0.02,18.0,29.0,0.36,186.0,2432.14,0,MC1
14.0,56.0,0.03,18.0,28.0,0.32,170.0,2041.34,0,MC1
14.0,56.0,0.02,18.0,29.0,0.36,186.0,2432.14,0,MC1
2.0,9.0,0.13,6.0,8.0,0.05,38.0,65.2,0,MC1
2.0,9.0,0.13,6.0,8.0,0.05,38.0,65.2,0,MC1
2.0,9.0,0.13,6.0,8.0,0.05,38.0,65.2,0,MC1
2.0,9.0,0.13,6.0,8.0,0.05,38.0,65.2,0,MC1
2.0,9.0,0.13,6.0,8.0,0.05,38.0,65.2,0,MC1
2.0,9.0,0.13,6.0,8.0,0.05,38.0,65.2,0,MC1
1.0,4.0,0.19,2.0,8.0,0.01,13.0,13.33,0,MC1
1.0,4.0,0.19,2.0,8.0,0.01,13.0,13.33,0,MC1
1.0,4.0,0.19,2.0,8.0,0.01,13.0,13.33,0,MC1
1.0,4.0,0.19,2.0,8.0,0.01,13.0,13.33,0,MC1
1.0,4.0,0.19,2.0,8.0,0.01,13.0,13.33,0,MC1
1.0,4.0,0.19,2.0,8.0,0.01,13.0,13.33,0,MC1
2.0,8.0,0.1,1.0,6.0,0.02,17.0,29.75,0,MC1
2.0,8.0,0.1,1.0,6.0,0.02,17.0,29.75,0,MC1
1.0,10.0,0.32,0.0,4.0,0.05,39.0,27.44,0,MC1
1.0,10.0,0.44,0.0,3.0,0.05,37.0,18.07,0,MC1
1.0,0.0,0.67,0.0,3.0,0.0,4.0,0.67,0,MC1
1.0,0.0,0.67,0.0,3.0,0.0,4.0,0.67,0,MC1
1.0,0.0,0.67,0.0,3.0,0.0,5.0,0.97,0,MC1
1.0,0.0,0.67,0.0,3.0,0.0,5.0,0.97,0,MC1
1.0,0.0,0.67,0.0,3.0,0.0,4.0,0.67,0,MC1
2.0,4.0,0.27,0.0,6.0,0.01,13.0,9.0,0,MC1
1.0,0.0,0.0,0.0,1.0,0.0,1.0,0.0,0,MC1
1.0,0.0,0.67,0.0,3.0,0.0,4.0,0.67,0,MC1
1.0,0.0,0.67,0.0,3.0,0.0,5.0,0.97,0,MC1
1.0,0.0,0.67,0.0,3.0,0.0,4.0,0.67,0,MC1
1.0,0.0,0.67,0.0,3.0,0.0,5.0,0.97,0,MC1
1.0,0.0,0.67,0.0,3.0,0.0,4.0,0.67,0,MC1
1.0,0.0,0.67,0.0,3.0,0.0,5.0,0.97,0,MC1
1.0,0.0,0.67,0.0,3.0,0.0,4.0,0.67,0,MC1
1.0,0.0,0.67,0.0,3.0,0.0,5.0,0.97,0,MC1
2.0,17.0,0.1,0.0,10.0,0.09,58.0,142.46,0,MC1
2.0,17.0,0.1,0.0,10.0,0.09,58.0,142.46,0,MC1
2.0,7.0,0.18,2.0,6.0,0.03,25.0,28.63,0,MC1
2.0,7.0,0.23,2.0,6.0,0.03,25.0,23.51,0,MC1
1.0,4.0,0.5,1.0,4.0,0.01,13.0,4.8,0,MC1
1.0,4.0,0.5,1.0,4.0,0.01,13.0,4.8,0,MC1
17.0,56.0,0.04,16.0,23.0,0.25,138.0,1058.68,0,MC1
9.0,32.0,0.09,8.0,15.0,0.12,74.0,224.66,0,MC1
2.0,18.0,0.15,10.0,6.0,0.08,57.0,86.92,0,MC1
1.0,7.0,0.25,0.0,5.0,0.03,27.0,22.55,0,MC1
13.0,56.0,0.03,27.0,19.0,0.37,202.0,2206.86,0,MC1
6.0,26.0,0.05,14.0,13.0,0.16,98.0,505.01,0,MC1
1.0,4.0,0.14,0.0,8.0,0.02,20.0,27.88,0,MC1
1.0,4.0,0.14,0.0,8.0,0.02,20.0,27.88,0,MC1
2.0,4.0,0.14,0.0,11.0,0.05,35.0,61.07,0,MC1
2.0,4.0,0.14,0.0,11.0,0.05,35.0,61.07,0,MC1
2.0,8.0,0.1,0.0,13.0,0.08,52.0,138.07,0,MC1
2.0,8.0,0.1,0.0,13.0,0.08,52.0,138.07,0,MC1
7.0,55.0,0.03,1.0,22.0,0.33,184.0,2232.3,0,MC1
7.0,55.0,0.03,1.0,22.0,0.33,184.0,2232.3,0,MC1
1.0,0.0,0.15,0.0,8.0,0.02,16.0,20.5,0,MC1
1.0,0.0,0.15,0.0,8.0,0.02,16.0,20.5,0,MC1
3.0,23.0,0.05,0.0,17.0,0.13,80.0,441.16,0,MC1
3.0,23.0,0.05,0.0,17.0,0.13,80.0,441.16,0,MC1
1.0,0.0,0.13,0.0,9.0,0.02,18.0,26.89,0,MC1
1.0,0.0,0.13,0.0,9.0,0.02,18.0,26.89,0,MC1
3.0,19.0,0.09,0.0,12.0,0.07,46.0,126.11,0,MC1
3.0,19.0,0.09,0.0,12.0,0.07,46.0,126.11,0,MC1
2.0,12.0,0.11,0.0,11.0,0.04,31.0,65.39,0,MC1
2.0,12.0,0.11,0.0,11.0,0.04,31.0,65.39,0,MC1
5.0,12.0,0.06,0.0,13.0,0.1,63.0,265.51,0,MC1
5.0,12.0,0.06,0.0,13.0,0.1,63.0,265.51,0,MC1
1.0,4.0,0.38,0.0,4.0,0.01,9.0,3.74,0,MC1
1.0,4.0,0.38,0.0,4.0,0.01,9.0,3.74,0,MC1
3.0,13.0,0.14,0.0,9.0,0.04,29.0,45.57,0,MC1
3.0,13.0,0.14,0.0,9.0,0.04,29.0,45.57,0,MC1
3.0,13.0,0.13,0.0,10.0,0.04,31.0,53.86,0,MC1
3.0,13.0,0.13,0.0,10.0,0.04,31.0,53.86,0,MC1
2.0,4.0,0.15,0.0,8.0,0.03,21.0,29.61,0,MC1
2.0,4.0,0.15,0.0,8.0,0.03,21.0,29.61,0,MC1
1.0,0.0,0.33,0.0,6.0,0.01,7.0,3.28,0,MC1
1.0,0.0,0.33,0.0,6.0,0.01,7.0,3.28,0,MC1
2.0,0.0,0.13,0.0,9.0,0.02,14.0,20.91,0,MC1
2.0,0.0,0.13,0.0,9.0,0.02,14.0,20.91,0,MC1
1.0,0.0,0.4,0.0,5.0,0.01,7.0,2.73,0,MC1
1.0,0.0,0.4,0.0,5.0,0.01,7.0,2.73,0,MC1
2.0,0.0,0.2,0.0,8.0,0.02,13.0,12.95,0,MC1
2.0,0.0,0.2,0.0,8.0,0.02,13.0,12.95,0,MC1
1.0,6.0,0.2,0.0,7.0,0.03,23.0,24.32,0,MC1
1.0,6.0,0.2,0.0,7.0,0.03,23.0,24.32,0,MC1
2.0,0.0,0.5,0.0,4.0,0.01,6.0,1.72,0,MC1
2.0,0.0,0.5,0.0,4.0,0.01,6.0,1.72,0,MC1
2.0,0.0,0.4,0.0,5.0,0.01,7.0,2.73,0,MC1
2.0,0.0,0.4,0.0,5.0,0.01,7.0,2.73,0,MC1
4.0,11.0,0.06,0.0,14.0,0.07,45.0,175.69,0,MC1
4.0,11.0,0.06,0.0,14.0,0.07,45.0,175.69,0,MC1
1.0,6.0,0.15,0.0,6.0,0.03,24.0,29.9,0,MC1
1.0,6.0,0.15,0.0,6.0,0.03,24.0,29.9,0,MC1
2.0,10.0,0.14,0.0,10.0,0.03,24.0,36.46,0,MC1
2.0,10.0,0.14,0.0,10.0,0.03,24.0,36.46,0,MC1
2.0,3.0,0.25,0.0,8.0,0.02,15.0,12.69,0,MC1
2.0,3.0,0.25,0.0,8.0,0.02,15.0,12.69,0,MC1
1.0,0.0,0.0,0.0,1.0,0.0,1.0,0.0,0,MC1
1.0,0.0,0.0,0.0,1.0,0.0,1.0,0.0,0,MC1
1.0,2.0,0.5,0.0,4.0,0.01,9.0,3.0,0,MC1
1.0,2.0,0.5,0.0,4.0,0.01,9.0,3.0,0,MC1
1.0,0.0,0.5,0.0,4.0,0.01,6.0,1.72,0,MC1
1.0,0.0,0.5,0.0,4.0,0.01,6.0,1.72,0,MC1
1.0,0.0,0.5,0.0,4.0,0.01,6.0,1.72,0,MC1
1.0,0.0,0.5,0.0,4.0,0.01,6.0,1.72,0,MC1
1.0,0.0,0.4,0.0,5.0,0.01,6.0,2.15,0,MC1
1.0,0.0,0.4,0.0,5.0,0.01,6.0,2.15,0,MC1
1.0,0.0,0.4,0.0,5.0,0.01,6.0,2.15,0,MC1
1.0,0.0,0.4,0.0,5.0,0.01,6.0,2.15,0,MC1
1.0,0.0,0.4,0.0,5.0,0.01,6.0,2.15,0,MC1
1.0,0.0,0.4,0.0,5.0,0.01,6.0,2.15,0,MC1
1.0,0.0,0.5,0.0,4.0,0.01,6.0,1.72,0,MC1
1.0,0.0,0.5,0.0,4.0,0.01,6.0,1.72,0,MC1
1.0,0.0,0.67,0.0,3.0,0.0,5.0,0.97,0,MC1
1.0,0.0,0.67,0.0,3.0,0.0,5.0,0.97,0,MC1
6.0,21.0,0.04,0.0,9.0,0.08,61.0,338.59,0,MC1
6.0,21.0,0.04,0.0,9.0,0.08,61.0,338.59,0,MC1
5.0,18.0,0.04,0.0,9.0,0.06,49.0,278.13,0,MC1
5.0,18.0,0.04,0.0,9.0,0.06,49.0,278.13,0,MC1
1.0,0.0,0.0,0.0,1.0,0.0,1.0,0.0,0,MC1
1.0,0.0,0.0,0.0,1.0,0.0,1.0,0.0,0,MC1
1.0,0.0,0.67,0.0,3.0,0.0,5.0,0.97,0,MC1
1.0,0.0,0.67,0.0,3.0,0.0,5.0,0.97,0,MC1
2.0,3.0,0.11,0.0,7.0,0.01,14.0,21.57,0,MC1
2.0,3.0,0.11,0.0,7.0,0.01,14.0,21.57,0,MC1
2.0,3.0,0.11,0.0,7.0,0.01,14.0,21.57,0,MC1
2.0,3.0,0.11,0.0,7.0,0.01,14.0,21.57,0,MC1
1.0,1.0,0.67,0.0,3.0,0.0,5.0,0.97,0,MC1
1.0,1.0,0.67,0.0,3.0,0.0,5.0,0.97,0,MC1
1.0,0.0,0.5,0.0,4.0,0.0,5.0,1.29,0,MC1
1.0,0.0,0.5,0.0,4.0,0.0,5.0,1.29,0,MC1
1.0,2.0,0.5,0.0,4.0,0.01,6.0,1.72,0,MC1
1.0,2.0,0.5,0.0,4.0,0.01,6.0,1.72,0,MC1
1.0,1.0,0.0,0.0,1.0,0.0,1.0,0.0,0,MC1
1.0,1.0,0.0,0.0,1.0,0.0,1.0,0.0,0,MC1
1.0,2.0,0.5,0.0,4.0,0.01,6.0,1.72,0,MC1
1.0,2.0,0.5,0.0,4.0,0.01,6.0,1.72,0,MC1
1.0,0.0,0.4,0.0,5.0,0.01,9.0,3.23,0,MC1
1.0,0.0,0.4,0.0,5.0,0.01,9.0,3.23,0,MC1
1.0,0.0,0.5,0.0,4.0,0.01,6.0,1.72,0,MC1
1.0,0.0,0.5,0.0,4.0,0.01,6.0,1.72,0,MC1
1.0,0.0,0.21,0.0,7.0,0.02,15.0,12.92,0,MC1
1.0,0.0,0.21,0.0,7.0,0.02,15.0,12.92,0,MC1
3.0,7.0,0.08,0.0,14.0,0.05,35.0,113.81,0,MC1
3.0,7.0,0.08,0.0,14.0,0.05,35.0,113.81,0,MC1
2.0,5.0,0.24,0.0,7.0,0.02,19.0,15.95,0,MC1
2.0,5.0,0.24,0.0,7.0,0.02,19.0,15.95,0,MC1
2.0,4.0,0.18,0.0,9.0,0.02,17.0,19.66,0,MC1
2.0,4.0,0.18,0.0,9.0,0.02,17.0,19.66,0,MC1
1.0,0.0,0.0,0.0,0.0,0.0,0.0,0.0,0,MC1
1.0,0.0,0.0,0.0,0.0,0.0,0.0,0.0,0,MC1
1.0,2.0,1.0,0.0,2.0,0.0,4.0,0.44,0,MC1
1.0,2.0,1.0,0.0,2.0,0.0,4.0,0.44,0,MC1
1.0,2.0,1.0,0.0,2.0,0.0,4.0,0.44,0,MC1
1.0,2.0,1.0,0.0,2.0,0.0,4.0,0.44,0,MC1
1.0,2.0,1.0,0.0,2.0,0.0,4.0,0.44,0,MC1
1.0,2.0,1.0,0.0,2.0,0.0,4.0,0.44,0,MC1
1.0,2.0,1.0,0.0,2.0,0.0,4.0,0.44,0,MC1
1.0,2.0,1.0,0.0,2.0,0.0,4.0,0.44,0,MC1
1.0,2.0,1.0,0.0,2.0,0.0,4.0,0.44,0,MC1
1.0,2.0,1.0,0.0,2.0,0.0,4.0,0.44,0,MC1
1.0,0.0,0.4,0.0,5.0,0.01,6.0,2.15,0,MC1
1.0,0.0,0.4,0.0,5.0,0.01,6.0,2.15,0,MC1
1.0,0.0,0.29,0.0,7.0,0.01,12.0,8.07,0,MC1
1.0,0.0,0.29,0.0,7.0,0.01,12.0,8.07,0,MC1
1.0,0.0,0.0,0.0,0.0,0.0,0.0,0.0,0,MC1
1.0,0.0,0.0,0.0,0.0,0.0,0.0,0.0,0,MC1
1.0,0.0,0.0,0.0,0.0,0.0,0.0,0.0,0,MC1
1.0,0.0,0.0,0.0,0.0,0.0,0.0,0.0,0,MC1
1.0,0.0,0.0,0.0,0.0,0.0,0.0,0.0,0,MC1
1.0,0.0,0.0,0.0,0.0,0.0,0.0,0.0,0,MC1
1.0,0.0,0.0,0.0,0.0,0.0,0.0,0.0,0,MC1
1.0,0.0,0.0,0.0,0.0,0.0,0.0,0.0,0,MC1
2.0,0.0,0.0,0.0,0.0,0.0,0.0,0.0,0,MC1
2.0,0.0,0.0,0.0,0.0,0.0,0.0,0.0,0,MC1
1.0,0.0,0.0,0.0,0.0,0.0,0.0,0.0,0,MC1
1.0,0.0,0.0,0.0,0.0,0.0,0.0,0.0,0,MC1
1.0,0.0,0.0,0.0,0.0,0.0,0.0,0.0,0,MC1
1.0,0.0,0.0,0.0,0.0,0.0,0.0,0.0,0,MC1
2.0,0.0,0.0,0.0,0.0,0.0,0.0,0.0,0,MC1
2.0,0.0,0.0,0.0,0.0,0.0,0.0,0.0,0,MC1
1.0,0.0,0.22,0.0,6.0,0.01,11.0,8.25,0,MC1
1.0,0.0,0.22,0.0,6.0,0.01,11.0,8.25,0,MC1
2.0,8.0,0.1,0.0,12.0,0.05,34.0,79.6,0,MC1
2.0,8.0,0.1,0.0,12.0,0.05,34.0,79.6,0,MC1
1.0,3.0,0.3,0.0,5.0,0.01,11.0,6.11,0,MC1
1.0,3.0,0.3,0.0,5.0,0.01,11.0,6.11,0,MC1
1.0,0.0,0.4,0.0,5.0,0.01,8.0,3.33,0,MC1
1.0,0.0,0.4,0.0,5.0,0.01,8.0,3.33,0,MC1
1.0,0.0,0.5,0.0,4.0,0.01,6.0,1.72,0,MC1
1.0,0.0,0.5,0.0,4.0,0.01,6.0,1.72,0,MC1
1.0,1.0,0.0,0.0,1.0,0.0,1.0,0.0,0,MC1
1.0,1.0,0.0,0.0,1.0,0.0,1.0,0.0,0,MC1
1.0,2.0,1.0,0.0,1.0,0.0,3.0,0.17,0,MC1
1.0,2.0,1.0,0.0,1.0,0.0,3.0,0.17,0,MC1
4.0,12.0,0.11,0.0,13.0,0.08,52.0,125.23,0,MC1
4.0,12.0,0.11,0.0,13.0,0.08,52.0,125.23,0,MC1
1.0,1.0,0.0,0.0,1.0,0.0,1.0,0.0,0,MC1
1.0,1.0,0.0,0.0,1.0,0.0,1.0,0.0,0,MC1
1.0,3.0,0.5,0.0,4.0,0.01,11.0,4.05,0,MC1
1.0,3.0,0.5,0.0,4.0,0.01,11.0,4.05,0,MC1
1.0,2.0,0.4,0.0,5.0,0.01,6.0,2.15,0,MC1
1.0,2.0,0.4,0.0,5.0,0.01,6.0,2.15,0,MC1
1.0,2.0,0.4,0.0,5.0,0.01,6.0,2.15,0,MC1
1.0,2.0,0.4,0.0,5.0,0.01,6.0,2.15,0,MC1
1.0,2.0,0.4,0.0,5.0,0.01,6.0,2.15,0,MC1
1.0,2.0,0.4,0.0,5.0,0.01,6.0,2.15,0,MC1
1.0,0.0,0.29,0.0,7.0,0.01,8.0,4.67,0,MC1
1.0,0.0,0.29,0.0,7.0,0.01,8.0,4.67,0,MC1
1.0,0.0,0.5,0.0,4.0,0.01,6.0,1.72,0,MC1
1.0,0.0,0.5,0.0,4.0,0.01,6.0,1.72,0,MC1
1.0,0.0,0.17,0.0,8.0,0.02,15.0,16.61,0,MC1
1.0,0.0,0.17,0.0,8.0,0.02,15.0,16.61,0,MC1
1.0,0.0,0.17,0.0,8.0,0.02,15.0,16.61,0,MC1
1.0,0.0,0.17,0.0,8.0,0.02,15.0,16.61,0,MC1
1.0,0.0,0.17,0.0,8.0,0.02,15.0,16.61,0,MC1
1.0,0.0,0.17,0.0,8.0,0.02,15.0,16.61,0,MC1
1.0,0.0,0.5,0.0,4.0,0.0,5.0,1.29,0,MC1
1.0,0.0,0.5,0.0,4.0,0.0,5.0,1.29,0,MC1
1.0,0.0,0.5,0.0,4.0,0.01,6.0,1.72,0,MC1
1.0,0.0,0.5,0.0,4.0,0.01,6.0,1.72,0,MC1
1.0,0.0,0.5,0.0,4.0,0.01,6.0,1.72,0,MC1
1.0,0.0,0.5,0.0,4.0,0.01,6.0,1.72,0,MC1
1.0,3.0,0.33,0.0,6.0,0.01,9.0,4.75,0,MC1
1.0,3.0,0.33,0.0,6.0,0.01,9.0,4.75,0,MC1
2.0,5.0,0.29,0.0,7.0,0.02,15.0,10.46,0,MC1
2.0,5.0,0.29,0.0,7.0,0.02,15.0,10.46,0,MC1
1.0,0.0,0.33,0.0,6.0,0.01,7.0,3.28,0,MC1
1.0,0.0,0.33,0.0,6.0,0.01,7.0,3.28,0,MC1
1.0,0.0,0.33,0.0,6.0,0.01,7.0,3.28,0,MC1
1.0,0.0,0.33,0.0,6.0,0.01,7.0,3.28,0,MC1
1.0,0.0,0.33,0.0,6.0,0.01,7.0,3.28,0,MC1
1.0,0.0,0.33,0.0,6.0,0.01,7.0,3.28,0,MC1
1.0,0.0,0.5,0.0,4.0,0.0,5.0,1.29,0,MC1
1.0,0.0,0.5,0.0,4.0,0.0,5.0,1.29,0,MC1
2.0,4.0,0.18,0.0,7.0,0.02,17.0,18.96,0,MC1
2.0,4.0,0.18,0.0,7.0,0.02,17.0,18.96,0,MC1
1.0,0.0,0.67,0.0,3.0,0.0,5.0,0.97,0,MC1
1.0,0.0,0.67,0.0,3.0,0.0,5.0,0.97,0,MC1
1.0,0.0,0.4,0.0,5.0,0.01,10.0,4.4,0,MC1
1.0,0.0,0.4,0.0,5.0,0.01,10.0,4.4,0,MC1
1.0,0.0,0.67,0.0,3.0,0.0,5.0,0.97,0,MC1
1.0,0.0,0.67,0.0,3.0,0.0,5.0,0.97,0,MC1
1.0,0.0,0.5,0.0,4.0,0.01,6.0,1.72,0,MC1
1.0,0.0,0.5,0.0,4.0,0.01,6.0,1.72,0,MC1
1.0,0.0,0.5,0.0,4.0,0.01,6.0,1.72,0,MC1
1.0,0.0,0.5,0.0,4.0,0.01,6.0,1.72,0,MC1
1.0,0.0,0.5,0.0,4.0,0.01,6.0,1.72,0,MC1
1.0,0.0,0.5,0.0,4.0,0.01,6.0,1.72,0,MC1
1.0,0.0,0.5,0.0,4.0,0.01,6.0,1.72,0,MC1
1.0,0.0,0.5,0.0,4.0,0.01,6.0,1.72,0,MC1
2.0,7.0,0.14,0.0,9.0,0.04,28.0,46.49,0,MC1
2.0,7.0,0.14,0.0,9.0,0.04,28.0,46.49,0,MC1
1.0,0.0,0.5,0.0,4.0,0.01,6.0,1.72,0,MC1
1.0,0.0,0.5,0.0,4.0,0.01,6.0,1.72,0,MC1
1.0,0.0,0.5,0.0,4.0,0.01,6.0,1.72,0,MC1
1.0,0.0,0.5,0.0,4.0,0.01,6.0,1.72,0,MC1
2.0,0.0,0.5,0.0,4.0,0.01,6.0,1.72,0,MC1
2.0,0.0,0.5,0.0,4.0,0.01,6.0,1.72,0,MC1
1.0,0.0,0.5,0.0,4.0,0.0,5.0,1.29,0,MC1
1.0,0.0,0.5,0.0,4.0,0.0,5.0,1.29,0,MC1
2.0,0.0,0.5,0.0,4.0,0.01,6.0,1.72,0,MC1
2.0,0.0,0.5,0.0,4.0,0.01,6.0,1.72,0,MC1
1.0,0.0,0.33,0.0,6.0,0.01,11.0,6.09,0,MC1
1.0,0.0,0.33,0.0,6.0,0.01,11.0,6.09,0,MC1
1.0,0.0,0.5,0.0,4.0,0.01,6.0,1.72,0,MC1
1.0,0.0,0.5,0.0,4.0,0.01,6.0,1.72,0,MC1
1.0,0.0,0.5,0.0,4.0,0.01,6.0,1.72,0,MC1
1.0,0.0,0.5,0.0,4.0,0.01,6.0,1.72,0,MC1
1.0,0.0,0.5,0.0,4.0,0.01,6.0,1.72,0,MC1
1.0,0.0,0.5,0.0,4.0,0.01,6.0,1.72,0,MC1
1.0,0.0,1.0,0.0,2.0,0.0,5.0,0.56,0,MC1
1.0,0.0,1.0,0.0,2.0,0.0,5.0,0.56,0,MC1
1.0,0.0,0.5,0.0,4.0,0.0,5.0,1.29,0,MC1
1.0,0.0,0.5,0.0,4.0,0.0,5.0,1.29,0,MC1
1.0,0.0,0.5,0.0,4.0,0.01,6.0,1.72,0,MC1
1.0,0.0,0.5,0.0,4.0,0.01,6.0,1.72,0,MC1
1.0,2.0,0.4,0.0,5.0,0.01,8.0,3.12,0,MC1
1.0,2.0,0.4,0.0,5.0,0.01,8.0,3.12,0,MC1
1.0,2.0,0.67,0.0,3.0,0.0,4.0,0.67,0,MC1
1.0,2.0,0.67,0.0,3.0,0.0,4.0,0.67,0,MC1
1.0,0.0,0.67,0.0,3.0,0.0,4.0,0.67,0,MC1
1.0,0.0,0.67,0.0,3.0,0.0,4.0,0.67,0,MC1
1.0,2.0,0.67,0.0,3.0,0.0,4.0,0.67,0,MC1
1.0,2.0,0.67,0.0,3.0,0.0,4.0,0.67,0,MC1
1.0,2.0,0.67,0.0,3.0,0.0,4.0,0.67,0,MC1
1.0,2.0,0.67,0.0,3.0,0.0,4.0,0.67,0,MC1
1.0,3.0,0.4,0.0,5.0,0.01,10.0,4.17,0,MC1
1.0,3.0,0.4,0.0,5.0,0.01,10.0,4.17,0,MC1
1.0,0.0,0.4,0.0,5.0,0.01,7.0,2.73,0,MC1
1.0,0.0,0.4,0.0,5.0,0.01,7.0,2.73,0,MC1
1.0,0.0,0.33,0.0,6.0,0.01,7.0,3.28,0,MC1
1.0,0.0,0.33,0.0,6.0,0.01,7.0,3.28,0,MC1
1.0,0.0,0.33,0.0,6.0,0.01,7.0,3.28,0,MC1
1.0,0.0,0.33,0.0,6.0,0.01,7.0,3.28,0,MC1
1.0,2.0,0.4,0.0,5.0,0.01,8.0,3.12,0,MC1
1.0,2.0,0.4,0.0,5.0,0.01,8.0,3.12,0,MC1
1.0,2.0,0.67,0.0,3.0,0.0,4.0,0.67,0,MC1
1.0,2.0,0.67,0.0,3.0,0.0,4.0,0.67,0,MC1
1.0,0.0,0.67,0.0,3.0,0.0,4.0,0.67,0,MC1
1.0,0.0,0.67,0.0,3.0,0.0,4.0,0.67,0,MC1
1.0,2.0,0.67,0.0,3.0,0.0,4.0,0.67,0,MC1
1.0,2.0,0.67,0.0,3.0,0.0,4.0,0.67,0,MC1
1.0,2.0,0.67,0.0,3.0,0.0,4.0,0.67,0,MC1
1.0,2.0,0.67,0.0,3.0,0.0,4.0,0.67,0,MC1
1.0,0.0,0.67,0.0,3.0,0.0,4.0,0.67,0,MC1
1.0,0.0,0.67,0.0,3.0,0.0,4.0,0.67,0,MC1
1.0,0.0,0.67,0.0,3.0,0.0,4.0,0.67,0,MC1
1.0,0.0,0.67,0.0,3.0,0.0,4.0,0.67,0,MC1
1.0,0.0,0.5,0.0,4.0,0.01,6.0,1.72,0,MC1
1.0,0.0,0.5,0.0,4.0,0.01,6.0,1.72,0,MC1
1.0,0.0,0.33,0.0,6.0,0.01,9.0,4.5,0,MC1
1.0,0.0,0.33,0.0,6.0,0.01,9.0,4.5,0,MC1
1.0,0.0,0.17,0.0,8.0,0.02,15.0,16.61,0,MC1
1.0,0.0,0.17,0.0,8.0,0.02,15.0,16.61,0,MC1
1.0,0.0,1.0,0.0,2.0,0.0,5.0,0.56,0,MC1
1.0,0.0,1.0,0.0,2.0,0.0,5.0,0.56,0,MC1
1.0,0.0,0.33,0.0,6.0,0.01,9.0,4.75,0,MC1
1.0,0.0,0.33,0.0,6.0,0.01,9.0,4.75,0,MC1
1.0,0.0,0.33,0.0,6.0,0.01,9.0,4.75,0,MC1
1.0,0.0,0.33,0.0,6.0,0.01,9.0,4.75,0,MC1
1.0,0.0,0.33,0.0,6.0,0.01,9.0,4.75,0,MC1
1.0,0.0,0.33,0.0,6.0,0.01,9.0,4.75,0,MC1
1.0,0.0,0.33,0.0,6.0,0.01,9.0,4.75,0,MC1
1.0,0.0,0.33,0.0,6.0,0.01,9.0,4.75,0,MC1
2.0,4.0,0.17,0.0,10.0,0.03,21.0,27.35,0,MC1
2.0,4.0,0.17,0.0,10.0,0.03,21.0,27.35,0,MC1
1.0,4.0,0.14,0.0,8.0,0.02,20.0,27.88,0,MC1
2.0,4.0,0.14,0.0,11.0,0.05,35.0,61.07,0,MC1
2.0,8.0,0.1,0.0,13.0,0.08,52.0,138.07,0,MC1
7.0,55.0,0.03,1.0,22.0,0.33,184.0,2232.3,0,MC1
1.0,0.0,0.15,0.0,8.0,0.02,16.0,20.5,0,MC1
3.0,23.0,0.05,0.0,17.0,0.13,80.0,441.16,0,MC1
1.0,0.0,0.13,0.0,9.0,0.02,18.0,26.89,0,MC1
3.0,19.0,0.09,0.0,12.0,0.07,46.0,126.11,0,MC1
2.0,12.0,0.11,0.0,11.0,0.04,31.0,65.39,0,MC1
5.0,12.0,0.06,0.0,13.0,0.1,63.0,265.51,0,MC1
1.0,4.0,0.38,0.0,4.0,0.01,9.0,3.74,0,MC1
3.0,13.0,0.14,0.0,9.0,0.04,29.0,45.57,0,MC1
3.0,13.0,0.13,0.0,10.0,0.04,31.0,53.86,0,MC1
2.0,4.0,0.15,0.0,8.0,0.03,21.0,29.61,0,MC1
1.0,0.0,0.33,0.0,6.0,0.01,7.0,3.28,0,MC1
2.0,0.0,0.13,0.0,9.0,0.02,14.0,20.91,0,MC1
1.0,0.0,0.4,0.0,5.0,0.01,7.0,2.73,0,MC1
2.0,0.0,0.2,0.0,8.0,0.02,13.0,12.95,0,MC1
1.0,6.0,0.2,0.0,7.0,0.03,23.0,24.32,0,MC1
2.0,0.0,0.5,0.0,4.0,0.01,6.0,1.72,0,MC1
2.0,0.0,0.4,0.0,5.0,0.01,7.0,2.73,0,MC1
4.0,11.0,0.06,0.0,14.0,0.07,45.0,175.69,0,MC1
2.0,3.0,0.25,0.0,8.0,0.02,15.0,12.69,0,MC1
1.0,0.0,0.0,0.0,1.0,0.0,1.0,0.0,0,MC1
1.0,2.0,0.5,0.0,4.0,0.01,9.0,3.0,0,MC1
1.0,0.0,0.5,0.0,4.0,0.01,6.0,1.72,0,MC1
1.0,0.0,0.5,0.0,4.0,0.01,6.0,1.72,0,MC1
1.0,0.0,0.5,0.0,4.0,0.01,6.0,1.72,0,MC1
1.0,0.0,0.67,0.0,3.0,0.0,5.0,0.97,0,MC1
1.0,1.0,0.67,0.0,3.0,0.0,5.0,0.97,0,MC1
1.0,0.0,0.5,0.0,4.0,0.0,5.0,1.29,0,MC1
1.0,2.0,0.5,0.0,4.0,0.01,6.0,1.72,0,MC1
1.0,1.0,0.0,0.0,1.0,0.0,1.0,0.0,0,MC1
1.0,2.0,0.5,0.0,4.0,0.01,6.0,1.72,0,MC1
1.0,0.0,0.4,0.0,5.0,0.01,9.0,3.23,0,MC1
1.0,0.0,0.5,0.0,4.0,0.01,6.0,1.72,0,MC1
1.0,0.0,0.21,0.0,7.0,0.02,15.0,12.92,0,MC1
3.0,7.0,0.08,0.0,14.0,0.05,35.0,113.81,0,MC1
2.0,5.0,0.24,0.0,7.0,0.02,19.0,15.95,0,MC1
2.0,4.0,0.18,0.0,9.0,0.02,17.0,19.66,0,MC1
1.0,0.0,0.0,0.0,0.0,0.0,0.0,0.0,0,MC1
1.0,0.0,0.4,0.0,5.0,0.01,6.0,2.15,0,MC1
1.0,0.0,0.29,0.0,7.0,0.01,12.0,8.07,0,MC1
1.0,0.0,0.0,0.0,0.0,0.0,0.0,0.0,0,MC1
1.0,0.0,0.0,0.0,0.0,0.0,0.0,0.0,0,MC1
1.0,0.0,0.0,0.0,0.0,0.0,0.0,0.0,0,MC1
1.0,0.0,0.0,0.0,0.0,0.0,0.0,0.0,0,MC1
2.0,0.0,0.0,0.0,0.0,0.0,0.0,0.0,0,MC1
1.0,0.0,0.0,0.0,0.0,0.0,0.0,0.0,0,MC1
1.0,0.0,0.0,0.0,0.0,0.0,0.0,0.0,0,MC1
1.0,0.0,0.22,0.0,6.0,0.01,11.0,8.25,0,MC1
2.0,8.0,0.1,0.0,12.0,0.05,34.0,79.6,0,MC1
1.0,0.0,0.4,0.0,5.0,0.01,8.0,3.33,0,MC1
1.0,0.0,0.5,0.0,4.0,0.01,6.0,1.72,0,MC1
1.0,0.0,0.29,0.0,7.0,0.01,8.0,4.67,0,MC1
1.0,0.0,0.5,0.0,4.0,0.01,6.0,1.72,0,MC1
1.0,2.0,0.4,0.0,5.0,0.01,6.0,2.15,0,MC1
1.0,0.0,0.17,0.0,8.0,0.02,15.0,16.61,0,MC1
1.0,0.0,0.17,0.0,8.0,0.02,15.0,16.61,0,MC1
1.0,0.0,0.17,0.0,8.0,0.02,15.0,16.61,0,MC1
1.0,0.0,0.5,0.0,4.0,0.01,6.0,1.72,0,MC1
1.0,0.0,0.5,0.0,4.0,0.01,6.0,1.72,0,MC1
1.0,2.0,0.5,0.0,4.0,0.0,5.0,1.29,0,MC1
1.0,2.0,0.67,0.0,3.0,0.0,4.0,0.67,0,MC1
1.0,2.0,0.67,0.0,3.0,0.0,4.0,0.67,0,MC1
1.0,2.0,0.67,0.0,3.0,0.0,4.0,0.67,0,MC1
1.0,2.0,0.67,0.0,3.0,0.0,4.0,0.67,0,MC1
1.0,2.0,0.67,0.0,3.0,0.0,5.0,0.97,0,MC1
1.0,2.0,0.67,0.0,3.0,0.0,5.0,0.97,0,MC1
1.0,3.0,0.33,0.0,6.0,0.01,9.0,4.75,0,MC1
2.0,5.0,0.29,0.0,7.0,0.02,15.0,10.46,0,MC1
2.0,4.0,0.18,0.0,7.0,0.02,17.0,18.96,0,MC1
1.0,0.0,0.67,0.0,3.0,0.0,5.0,0.97,0,MC1
1.0,0.0,0.4,0.0,5.0,0.01,10.0,4.4,0,MC1
1.0,0.0,0.67,0.0,3.0,0.0,5.0,0.97,0,MC1
1.0,0.0,0.5,0.0,4.0,0.01,6.0,1.72,0,MC1
1.0,0.0,0.5,0.0,4.0,0.01,6.0,1.72,0,MC1
1.0,0.0,0.5,0.0,4.0,0.01,6.0,1.72,0,MC1
1.0,0.0,0.5,0.0,4.0,0.01,6.0,1.72,0,MC1
1.0,0.0,0.5,0.0,4.0,0.01,6.0,1.72,0,MC1
1.0,0.0,0.5,0.0,4.0,0.01,6.0,1.72,0,MC1
2.0,0.0,0.5,0.0,4.0,0.01,6.0,1.72,0,MC1
1.0,0.0,0.5,0.0,4.0,0.0,5.0,1.29,0,MC1
2.0,0.0,0.5,0.0,4.0,0.01,6.0,1.72,0,MC1
1.0,0.0,0.33,0.0,6.0,0.01,11.0,6.09,0,MC1
1.0,0.0,0.5,0.0,4.0,0.01,6.0,1.72,0,MC1
1.0,0.0,0.5,0.0,4.0,0.01,6.0,1.72,0,MC1
1.0,0.0,0.5,0.0,4.0,0.01,6.0,1.72,0,MC1
1.0,0.0,0.5,0.0,4.0,0.0,5.0,1.29,0,MC1
1.0,0.0,0.5,0.0,4.0,0.01,6.0,1.72,0,MC1
1.0,2.0,0.4,0.0,5.0,0.01,8.0,3.12,0,MC1
1.0,2.0,0.67,0.0,3.0,0.0,4.0,0.67,0,MC1
1.0,0.0,0.67,0.0,3.0,0.0,4.0,0.67,0,MC1
1.0,2.0,0.67,0.0,3.0,0.0,4.0,0.67,0,MC1
1.0,2.0,0.67,0.0,3.0,0.0,4.0,0.67,0,MC1
1.0,3.0,0.4,0.0,5.0,0.01,10.0,4.17,0,MC1
1.0,0.0,0.4,0.0,5.0,0.01,7.0,2.73,0,MC1
1.0,0.0,0.33,0.0,6.0,0.01,7.0,3.28,0,MC1
1.0,0.0,0.33,0.0,6.0,0.01,7.0,3.28,0,MC1
1.0,2.0,0.4,0.0,5.0,0.01,8.0,3.12,0,MC1
1.0,2.0,0.67,0.0,3.0,0.0,4.0,0.67,0,MC1
1.0,0.0,0.67,0.0,3.0,0.0,4.0,0.67,0,MC1
1.0,2.0,0.67,0.0,3.0,0.0,4.0,0.67,0,MC1
1.0,2.0,0.67,0.0,3.0,0.0,4.0,0.67,0,MC1
1.0,0.0,0.67,0.0,3.0,0.0,4.0,0.67,0,MC1
1.0,0.0,0.67,0.0,3.0,0.0,4.0,0.67,0,MC1
1.0,0.0,0.5,0.0,4.0,0.01,6.0,1.72,0,MC1
1.0,2.0,0.4,0.0,5.0,0.01,6.0,2.15,0,MC1
1.0,0.0,0.33,0.0,6.0,0.01,9.0,4.5,0,MC1
1.0,0.0,0.17,0.0,8.0,0.02,15.0,16.61,0,MC1
1.0,2.0,0.67,0.0,3.0,0.0,4.0,0.67,0,MC1
1.0,0.0,0.33,0.0,6.0,0.01,9.0,4.75,0,MC1
1.0,0.0,0.33,0.0,6.0,0.01,9.0,4.75,0,MC1
1.0,0.0,0.33,0.0,6.0,0.01,9.0,4.75,0,MC1
1.0,0.0,0.33,0.0,6.0,0.01,9.0,4.75,0,MC1
2.0,4.0,0.17,0.0,10.0,0.03,21.0,27.35,0,MC1
1.0,2.0,0.25,0.0,8.0,0.01,12.0,8.86,0,MC1
1.0,2.0,0.4,0.0,5.0,0.01,7.0,2.73,0,MC1
1.0,2.0,0.4,0.0,5.0,0.01,6.0,2.15,0,MC1
4.0,17.0,0.08,3.0,7.0,0.08,61.0,162.19,0,MC1
1.0,3.0,0.5,1.0,4.0,0.01,8.0,2.5,0,MC1
1.0,23.0,0.2,2.0,7.0,0.19,106.0,153.19,0,MC1
1.0,0.0,0.67,0.0,3.0,0.0,4.0,0.67,0,MC1
1.0,0.0,0.67,0.0,3.0,0.0,4.0,0.67,0,MC1
1.0,0.0,0.67,0.0,3.0,0.0,4.0,0.67,0,MC1
5.0,28.0,0.12,0.0,11.0,0.19,107.0,277.2,0,MC1
1.0,95.0,0.01,25.0,30.0,1.29,615.0,16549.02,0,MC1
1.0,3.0,0.5,0.0,4.0,0.01,8.0,2.5,0,MC1
1.0,3.0,0.5,0.0,4.0,0.01,8.0,2.5,0,MC1
1.0,2.0,0.4,0.0,5.0,0.01,8.0,3.33,0,MC1
3.0,14.0,0.15,0.0,9.0,0.06,42.0,69.18,0,MC1
1.0,2.0,0.4,0.0,5.0,0.01,8.0,3.33,0,MC1
2.0,10.0,0.21,0.0,7.0,0.04,28.0,29.04,0,MC1
7.0,15.0,0.02,0.0,18.0,0.24,142.0,1623.62,0,MC1
1.0,2.0,0.33,0.0,6.0,0.01,10.0,5.28,0,MC1
21.0,123.0,0.02,11.0,26.0,1.12,526.0,9644.74,0,MC1
9.0,61.0,0.02,3.0,34.0,0.48,233.0,3430.05,0,MC1
1.0,6.0,0.11,4.0,10.0,0.06,44.0,95.08,0,MC1
1.0,1.0,0.0,0.0,1.0,0.0,1.0,0.0,0,MC1
4.0,20.0,0.1,0.0,13.0,0.11,66.0,184.76,0,MC1
1.0,4.0,0.38,0.0,4.0,0.02,17.0,8.37,0,MC1
1.0,6.0,0.3,1.0,6.0,0.03,23.0,16.87,0,MC1
1.0,4.0,0.14,0.0,8.0,0.02,20.0,27.88,0,MC1
2.0,4.0,0.14,0.0,11.0,0.05,35.0,61.07,0,MC1
2.0,8.0,0.1,0.0,13.0,0.08,52.0,138.07,0,MC1
7.0,55.0,0.03,1.0,22.0,0.33,184.0,2232.3,0,MC1
1.0,0.0,0.15,0.0,8.0,0.02,16.0,20.5,0,MC1
3.0,23.0,0.05,0.0,17.0,0.13,80.0,441.16,0,MC1
1.0,0.0,0.13,0.0,9.0,0.02,18.0,26.89,0,MC1
3.0,19.0,0.09,0.0,12.0,0.07,46.0,126.11,0,MC1
3.0,19.0,0.1,0.0,12.0,0.07,48.0,128.38,0,MC1
2.0,12.0,0.11,0.0,11.0,0.04,31.0,65.39,0,MC1
5.0,12.0,0.06,0.0,13.0,0.1,63.0,265.51,0,MC1
1.0,4.0,0.38,0.0,4.0,0.01,9.0,3.74,0,MC1
3.0,13.0,0.14,0.0,9.0,0.04,29.0,45.57,0,MC1
3.0,13.0,0.13,0.0,10.0,0.04,31.0,53.86,0,MC1
2.0,4.0,0.15,0.0,8.0,0.03,21.0,29.61,0,MC1
1.0,0.0,0.33,0.0,6.0,0.01,7.0,3.28,0,MC1
2.0,0.0,0.13,0.0,9.0,0.02,14.0,20.91,0,MC1
1.0,0.0,0.4,0.0,5.0,0.01,7.0,2.73,0,MC1
2.0,0.0,0.2,0.0,8.0,0.02,13.0,12.95,0,MC1
1.0,0.0,0.33,0.0,6.0,0.01,7.0,3.28,0,MC1
2.0,0.0,0.13,0.0,9.0,0.02,14.0,20.91,0,MC1
1.0,0.0,0.4,0.0,5.0,0.01,7.0,2.73,0,MC1
2.0,0.0,0.2,0.0,8.0,0.02,13.0,12.95,0,MC1
1.0,6.0,0.2,0.0,7.0,0.03,23.0,24.32,0,MC1
2.0,0.0,0.5,0.0,4.0,0.01,6.0,1.72,0,MC1
2.0,0.0,0.4,0.0,5.0,0.01,7.0,2.73,0,MC1
4.0,11.0,0.06,0.0,14.0,0.07,45.0,175.69,0,MC1
4.0,11.0,0.06,0.0,14.0,0.07,45.0,175.69,0,MC1
2.0,3.0,0.25,0.0,8.0,0.02,15.0,12.69,0,MC1
1.0,0.0,0.5,0.0,4.0,0.01,6.0,1.72,0,MC1
1.0,0.0,0.5,0.0,4.0,0.01,6.0,1.72,0,MC1
1.0,0.0,0.0,0.0,1.0,0.0,1.0,0.0,0,MC1
1.0,2.0,0.5,0.0,4.0,0.01,9.0,3.0,0,MC1
1.0,0.0,0.5,0.0,4.0,0.01,6.0,1.72,0,MC1
1.0,0.0,0.5,0.0,4.0,0.01,6.0,1.72,0,MC1
1.0,0.0,0.5,0.0,4.0,0.01,7.0,2.18,0,MC1
1.0,0.0,0.5,0.0,4.0,0.01,7.0,2.18,0,MC1
1.0,0.0,0.5,0.0,4.0,0.01,6.0,1.72,0,MC1
1.0,0.0,0.67,0.0,3.0,0.0,5.0,0.97,0,MC1
1.0,1.0,0.67,0.0,3.0,0.0,5.0,0.97,0,MC1
1.0,0.0,0.5,0.0,4.0,0.0,5.0,1.29,0,MC1
1.0,2.0,0.5,0.0,4.0,0.01,6.0,1.72,0,MC1
1.0,1.0,0.0,0.0,1.0,0.0,1.0,0.0,0,MC1
1.0,2.0,0.5,0.0,4.0,0.01,6.0,1.72,0,MC1
1.0,0.0,0.4,0.0,5.0,0.01,9.0,3.23,0,MC1
1.0,0.0,0.5,0.0,4.0,0.01,6.0,1.72,0,MC1
4.0,10.0,0.11,0.0,11.0,0.08,53.0,128.91,0,MC1
4.0,10.0,0.11,0.0,11.0,0.08,53.0,128.91,0,MC1
1.0,19.0,0.08,1.0,12.0,0.14,88.0,295.87,0,MC1
1.0,19.0,0.08,1.0,12.0,0.14,88.0,295.87,0,MC1
1.0,0.0,0.21,0.0,7.0,0.02,15.0,12.92,0,MC1
3.0,7.0,0.08,0.0,14.0,0.05,35.0,113.81,0,MC1
3.0,7.0,0.08,0.0,14.0,0.05,35.0,113.81,0,MC1
2.0,5.0,0.24,0.0,7.0,0.02,19.0,15.95,0,MC1
2.0,4.0,0.18,0.0,9.0,0.02,17.0,19.66,0,MC1
1.0,0.0,0.0,0.0,0.0,0.0,0.0,0.0,0,MC1
1.0,0.0,0.4,0.0,5.0,0.01,6.0,2.15,0,MC1
1.0,0.0,0.0,0.0,1.0,0.0,1.0,0.0,0,MC1
1.0,0.0,0.0,0.0,0.0,0.0,0.0,0.0,0,MC1
1.0,0.0,0.0,0.0,3.0,0.0,3.0,0.0,0,MC1
1.0,0.0,0.0,0.0,2.0,0.0,2.0,0.0,0,MC1
1.0,0.0,0.67,0.0,3.0,0.0,4.0,0.67,0,MC1
1.0,0.0,0.67,0.0,3.0,0.0,4.0,0.67,0,MC1
1.0,0.0,0.29,0.0,7.0,0.01,12.0,8.07,0,MC1
1.0,0.0,0.0,0.0,0.0,0.0,0.0,0.0,0,MC1
1.0,0.0,0.0,0.0,0.0,0.0,0.0,0.0,0,MC1
1.0,0.0,0.0,0.0,0.0,0.0,0.0,0.0,0,MC1
1.0,0.0,0.0,0.0,0.0,0.0,0.0,0.0,0,MC1
2.0,0.0,0.0,0.0,0.0,0.0,0.0,0.0,0,MC1
1.0,0.0,0.0,0.0,0.0,0.0,0.0,0.0,0,MC1
1.0,0.0,0.0,0.0,0.0,0.0,0.0,0.0,0,MC1
1.0,0.0,0.0,0.0,1.0,0.0,1.0,0.0,0,MC1
1.0,0.0,0.0,0.0,0.0,0.0,0.0,0.0,0,MC1
1.0,0.0,0.22,0.0,6.0,0.01,11.0,8.25,0,MC1
2.0,8.0,0.1,0.0,12.0,0.05,34.0,79.6,0,MC1
2.0,8.0,0.1,0.0,12.0,0.05,34.0,79.6,0,MC1
1.0,0.0,0.0,0.0,1.0,0.0,1.0,0.0,0,MC1
1.0,0.0,0.0,0.0,0.0,0.0,0.0,0.0,0,MC1
1.0,0.0,0.67,0.0,3.0,0.0,5.0,0.97,0,MC1
1.0,0.0,0.4,0.0,5.0,0.01,8.0,3.33,0,MC1
1.0,0.0,0.5,0.0,4.0,0.01,6.0,1.72,0,MC1
1.0,0.0,0.5,0.0,4.0,0.01,6.0,1.72,0,MC1
1.0,0.0,0.29,0.0,7.0,0.01,8.0,4.67,0,MC1
1.0,0.0,0.67,0.0,3.0,0.0,5.0,0.97,0,MC1
1.0,0.0,0.5,0.0,4.0,0.01,6.0,1.72,0,MC1
1.0,0.0,0.5,0.0,4.0,0.01,6.0,1.72,0,MC1
1.0,9.0,0.1,0.0,11.0,0.06,39.0,94.91,0,MC1
1.0,9.0,0.1,0.0,11.0,0.06,39.0,94.91,0,MC1
1.0,0.0,0.17,0.0,8.0,0.02,15.0,16.61,0,MC1
1.0,0.0,0.17,0.0,8.0,0.02,15.0,16.61,0,MC1
1.0,0.0,0.17,0.0,8.0,0.02,15.0,16.61,0,MC1
1.0,0.0,0.67,0.0,3.0,0.0,4.0,0.67,0,MC1
1.0,0.0,0.67,0.0,3.0,0.0,4.0,0.67,0,MC1
1.0,0.0,0.67,0.0,3.0,0.0,4.0,0.67,0,MC1
1.0,0.0,0.67,0.0,3.0,0.0,4.0,0.67,0,MC1
1.0,0.0,0.67,0.0,3.0,0.0,4.0,0.67,0,MC1
1.0,0.0,0.67,0.0,3.0,0.0,4.0,0.67,0,MC1
1.0,0.0,0.67,0.0,3.0,0.0,4.0,0.67,0,MC1
1.0,0.0,0.67,0.0,3.0,0.0,4.0,0.67,0,MC1
1.0,0.0,0.67,0.0,3.0,0.0,4.0,0.67,0,MC1
1.0,0.0,0.67,0.0,3.0,0.0,4.0,0.67,0,MC1
1.0,0.0,0.67,0.0,3.0,0.0,4.0,0.67,0,MC1
1.0,0.0,0.67,0.0,3.0,0.0,4.0,0.67,0,MC1
1.0,0.0,0.5,0.0,4.0,0.01,6.0,1.72,0,MC1
1.0,0.0,0.5,0.0,4.0,0.01,6.0,1.72,0,MC1
1.0,0.0,0.5,0.0,4.0,0.01,6.0,1.72,0,MC1
1.0,0.0,0.5,0.0,4.0,0.01,6.0,1.72,0,MC1
2.0,4.0,0.17,0.0,7.0,0.02,15.0,16.14,0,MC1
2.0,4.0,0.17,0.0,7.0,0.02,15.0,16.14,0,MC1
3.0,8.0,0.1,0.0,10.0,0.05,36.0,80.0,0,MC1
3.0,8.0,0.1,0.0,10.0,0.05,36.0,80.0,0,MC1
1.0,3.0,0.33,0.0,6.0,0.01,9.0,4.75,0,MC1
1.0,3.0,0.33,0.0,6.0,0.01,9.0,4.75,0,MC1
2.0,5.0,0.29,0.0,7.0,0.02,15.0,10.46,0,MC1
2.0,5.0,0.29,0.0,7.0,0.02,15.0,10.46,0,MC1
2.0,4.0,0.18,0.0,7.0,0.02,17.0,18.96,0,MC1
2.0,4.0,0.18,0.0,7.0,0.02,17.0,18.96,0,MC1
1.0,0.0,0.67,0.0,3.0,0.0,5.0,0.97,0,MC1
1.0,0.0,0.67,0.0,3.0,0.0,5.0,0.97,0,MC1
1.0,2.0,0.13,0.0,8.0,0.02,17.0,26.14,0,MC1
1.0,0.0,0.4,0.0,5.0,0.01,10.0,4.4,0,MC1
1.0,0.0,0.4,0.0,5.0,0.01,10.0,4.4,0,MC1
1.0,0.0,0.67,0.0,3.0,0.0,5.0,0.97,0,MC1
1.0,0.0,0.67,0.0,3.0,0.0,5.0,0.97,0,MC1
1.0,0.0,0.5,0.0,4.0,0.01,6.0,1.72,0,MC1
1.0,0.0,0.5,0.0,4.0,0.01,6.0,1.72,0,MC1
1.0,0.0,0.5,0.0,4.0,0.01,6.0,1.72,0,MC1
1.0,0.0,0.5,0.0,4.0,0.01,6.0,1.72,0,MC1
1.0,0.0,0.5,0.0,4.0,0.01,6.0,1.72,0,MC1
1.0,0.0,0.5,0.0,4.0,0.01,6.0,1.72,0,MC1
1.0,0.0,0.5,0.0,4.0,0.01,6.0,1.72,0,MC1
1.0,0.0,0.5,0.0,4.0,0.01,6.0,1.72,0,MC1
1.0,2.0,0.11,0.0,9.0,0.02,19.0,35.15,0,MC1
1.0,0.0,0.5,0.0,4.0,0.01,6.0,1.72,0,MC1
1.0,0.0,0.5,0.0,4.0,0.01,6.0,1.72,0,MC1
1.0,0.0,0.5,0.0,4.0,0.01,6.0,1.72,0,MC1
1.0,0.0,0.5,0.0,4.0,0.01,6.0,1.72,0,MC1
1.0,0.0,0.67,0.0,3.0,0.0,5.0,0.97,0,MC1
1.0,0.0,0.67,0.0,3.0,0.0,4.0,0.67,0,MC1
2.0,0.0,0.5,0.0,4.0,0.01,6.0,1.72,0,MC1
2.0,0.0,0.5,0.0,4.0,0.01,6.0,1.72,0,MC1
1.0,0.0,0.5,0.0,4.0,0.0,5.0,1.29,0,MC1
1.0,0.0,0.5,0.0,4.0,0.0,5.0,1.29,0,MC1
2.0,0.0,0.5,0.0,4.0,0.01,6.0,1.72,0,MC1
2.0,0.0,0.5,0.0,4.0,0.01,6.0,1.72,0,MC1
1.0,0.0,0.33,0.0,6.0,0.01,11.0,6.09,0,MC1
1.0,0.0,0.5,0.0,4.0,0.01,6.0,1.72,0,MC1
1.0,0.0,0.5,0.0,4.0,0.01,6.0,1.72,0,MC1
1.0,0.0,0.5,0.0,4.0,0.01,6.0,1.72,0,MC1
1.0,0.0,0.5,0.0,4.0,0.01,6.0,1.72,0,MC1
1.0,0.0,0.5,0.0,4.0,0.01,6.0,1.72,0,MC1
1.0,0.0,0.5,0.0,4.0,0.01,6.0,1.72,0,MC1
1.0,0.0,0.5,0.0,4.0,0.0,5.0,1.29,0,MC1
1.0,0.0,0.5,0.0,4.0,0.0,5.0,1.29,0,MC1
1.0,0.0,0.5,0.0,4.0,0.01,6.0,1.72,0,MC1
1.0,0.0,0.5,0.0,4.0,0.01,6.0,1.72,0,MC1
1.0,2.0,0.4,0.0,5.0,0.01,8.0,3.12,0,MC1
1.0,2.0,0.4,0.0,5.0,0.01,8.0,3.12,0,MC1
1.0,2.0,0.67,0.0,3.0,0.0,4.0,0.67,0,MC1
1.0,0.0,0.67,0.0,3.0,0.0,4.0,0.67,0,MC1
1.0,2.0,0.67,0.0,3.0,0.0,4.0,0.67,0,MC1
1.0,2.0,0.67,0.0,3.0,0.0,4.0,0.67,0,MC1
1.0,2.0,0.67,0.0,3.0,0.0,4.0,0.67,0,MC1
1.0,3.0,0.4,0.0,5.0,0.01,10.0,4.17,0,MC1
1.0,0.0,0.4,0.0,5.0,0.01,7.0,2.73,0,MC1
1.0,0.0,0.33,0.0,6.0,0.01,7.0,3.28,0,MC1
1.0,0.0,0.33,0.0,6.0,0.01,7.0,3.28,0,MC1
1.0,2.0,0.4,0.0,5.0,0.01,8.0,3.12,0,MC1
1.0,2.0,0.4,0.0,5.0,0.01,8.0,3.12,0,MC1
1.0,2.0,0.67,0.0,3.0,0.0,4.0,0.67,0,MC1
1.0,0.0,0.67,0.0,3.0,0.0,4.0,0.67,0,MC1
1.0,2.0,0.67,0.0,3.0,0.0,4.0,0.67,0,MC1
1.0,2.0,0.67,0.0,3.0,0.0,4.0,0.67,0,MC1
1.0,2.0,0.67,0.0,3.0,0.0,4.0,0.67,0,MC1
1.0,0.0,0.67,0.0,3.0,0.0,4.0,0.67,0,MC1
1.0,0.0,0.67,0.0,3.0,0.0,4.0,0.67,0,MC1
1.0,0.0,0.4,0.0,5.0,0.01,7.0,2.73,0,MC1
1.0,0.0,0.0,0.0,3.0,0.0,3.0,0.0,0,MC1
1.0,0.0,0.5,0.0,4.0,0.01,6.0,1.72,0,MC1
1.0,0.0,0.5,0.0,4.0,0.01,6.0,1.72,0,MC1
1.0,3.0,0.5,0.0,4.0,0.01,8.0,2.5,0,MC1
1.0,3.0,0.5,0.0,4.0,0.01,8.0,2.5,0,MC1
1.0,0.0,0.67,0.0,3.0,0.0,6.0,1.16,0,MC1
1.0,0.0,0.67,0.0,3.0,0.0,6.0,1.16,0,MC1
1.0,27.0,0.07,0.0,13.0,0.16,94.0,357.31,0,MC1
1.0,27.0,0.07,0.0,13.0,0.16,94.0,357.31,0,MC1
1.0,20.0,0.05,0.0,18.0,0.13,77.0,403.98,0,MC1
1.0,20.0,0.05,0.0,18.0,0.13,77.0,403.98,0,MC1
1.0,27.0,0.07,0.0,13.0,0.16,94.0,357.31,0,MC1
1.0,27.0,0.07,0.0,13.0,0.16,94.0,357.31,0,MC1
1.0,0.0,0.67,0.0,3.0,0.0,6.0,1.16,0,MC1
1.0,0.0,0.5,0.0,4.0,0.01,8.0,2.5,0,MC1
1.0,0.0,0.67,0.0,3.0,0.0,6.0,1.16,0,MC1
1.0,0.0,0.5,0.0,4.0,0.01,8.0,2.5,0,MC1
1.0,0.0,0.33,0.0,6.0,0.01,9.0,4.5,0,MC1
1.0,0.0,0.33,0.0,6.0,0.01,9.0,4.5,0,MC1
1.0,0.0,0.17,0.0,8.0,0.02,15.0,16.61,0,MC1
1.0,0.0,0.67,0.0,3.0,0.0,5.0,0.97,0,MC1
1.0,0.0,0.67,0.0,3.0,0.0,5.0,0.97,0,MC1
1.0,0.0,0.67,0.0,3.0,0.0,5.0,0.97,0,MC1
1.0,0.0,0.67,0.0,3.0,0.0,5.0,0.97,0,MC1
1.0,0.0,0.67,0.0,3.0,0.0,5.0,0.97,0,MC1
1.0,0.0,0.67,0.0,3.0,0.0,5.0,0.97,0,MC1
1.0,0.0,0.33,0.0,6.0,0.01,9.0,4.75,0,MC1
1.0,0.0,0.33,0.0,6.0,0.01,9.0,4.75,0,MC1
1.0,0.0,0.33,0.0,6.0,0.01,9.0,4.75,0,MC1
1.0,0.0,0.33,0.0,6.0,0.01,9.0,4.75,0,MC1
2.0,4.0,0.17,0.0,10.0,0.03,21.0,27.35,0,MC1
11.0,40.0,0.04,4.0,13.0,0.45,245.0,1713.9,0,MC1
11.0,40.0,0.04,4.0,13.0,0.45,245.0,1713.9,0,MC1
1.0,0.0,0.67,0.0,3.0,0.0,5.0,0.97,0,MC1
1.0,0.0,0.67,0.0,3.0,0.0,4.0,0.67,0,MC1
5.0,11.0,0.11,0.0,11.0,0.07,46.0,98.78,0,MC1
24.0,106.0,0.02,4.0,38.0,1.06,485.0,10857.29,0,MC1
1.0,2.0,0.5,1.0,4.0,0.01,6.0,1.72,0,MC1
1.0,2.0,0.5,1.0,4.0,0.01,6.0,1.72,0,MC1
5.0,25.0,0.03,2.0,17.0,0.32,189.0,1772.71,0,MC1
5.0,25.0,0.03,2.0,17.0,0.32,189.0,1772.71,0,MC1
1.0,2.0,0.5,1.0,4.0,0.01,6.0,1.72,0,MC1
1.0,2.0,0.5,1.0,4.0,0.01,6.0,1.72,0,MC1
9.0,25.0,0.02,0.0,20.0,0.31,185.0,2407.04,0,MC1
9.0,25.0,0.02,0.0,20.0,0.31,185.0,2407.04,0,MC1
6.0,14.0,0.06,0.0,11.0,0.11,72.0,309.22,0,MC1
6.0,14.0,0.06,0.0,11.0,0.11,72.0,309.22,0,MC1
5.0,7.0,0.06,0.0,15.0,0.1,63.0,267.46,0,MC1
5.0,7.0,0.06,0.0,15.0,0.1,63.0,267.46,0,MC1
2.0,9.0,0.04,0.0,13.0,0.11,75.0,402.67,0,MC1
2.0,9.0,0.04,0.0,13.0,0.11,75.0,402.67,0,MC1
4.0,11.0,0.05,1.0,14.0,0.13,85.0,448.59,0,MC1
4.0,11.0,0.05,1.0,14.0,0.13,85.0,448.59,0,MC1
7.0,23.0,0.03,0.0,19.0,0.26,155.0,1486.03,0,MC1
7.0,23.0,0.03,0.0,19.0,0.26,155.0,1486.03,0,MC1
6.0,20.0,0.03,0.0,19.0,0.24,144.0,1491.69,0,MC1
6.0,20.0,0.03,0.0,19.0,0.24,144.0,1491.69,0,MC1
1.0,32.0,0.03,1.0,17.0,0.43,236.0,2208.35,0,MC1
1.0,32.0,0.03,1.0,17.0,0.43,236.0,2208.35,0,MC1
3.0,15.0,0.08,1.0,12.0,0.07,49.0,147.77,0,MC1
3.0,15.0,0.08,1.0,12.0,0.07,49.0,147.77,0,MC1
4.0,19.0,0.07,1.0,12.0,0.09,60.0,213.96,0,MC1
4.0,19.0,0.07,1.0,12.0,0.09,60.0,213.96,0,MC1
1.0,1.0,0.0,0.0,1.0,0.0,1.0,0.0,0,MC1
1.0,1.0,0.0,0.0,1.0,0.0,1.0,0.0,0,MC1
1.0,22.0,0.06,0.0,16.0,0.19,108.0,533.54,0,MC1
1.0,22.0,0.06,0.0,16.0,0.19,108.0,533.54,0,MC1
1.0,30.0,0.04,0.0,16.0,0.38,214.0,1716.14,0,MC1
1.0,30.0,0.04,0.0,16.0,0.38,214.0,1716.14,0,MC1
1.0,17.0,0.03,0.0,16.0,0.5,277.0,2672.13,0,MC1
1.0,17.0,0.03,0.0,16.0,0.5,277.0,2672.13,0,MC1
1.0,86.0,0.01,2.0,27.0,0.95,511.0,15288.83,0,MC1
1.0,86.0,0.01,2.0,27.0,0.95,511.0,15288.83,0,MC1
7.0,44.0,0.03,4.0,19.0,0.44,245.0,2660.41,0,MC1
7.0,44.0,0.03,4.0,19.0,0.44,245.0,2660.41,0,MC1
4.0,34.0,0.05,2.0,15.0,0.38,215.0,1341.54,0,MC1
4.0,34.0,0.05,2.0,15.0,0.38,215.0,1341.54,0,MC1
15.0,79.0,0.02,0.0,29.0,0.72,357.0,6398.53,0,MC1
15.0,79.0,0.02,0.0,29.0,0.72,357.0,6398.53,0,MC1
5.0,29.0,0.04,0.0,21.0,0.22,123.0,863.82,0,MC1
5.0,29.0,0.04,0.0,21.0,0.22,123.0,863.82,0,MC1
1.0,44.0,0.02,0.0,22.0,0.57,313.0,5239.04,0,MC1
1.0,44.0,0.02,0.0,22.0,0.57,313.0,5239.04,0,MC1
7.0,34.0,0.03,0.0,19.0,0.3,171.0,1802.25,0,MC1
7.0,34.0,0.03,0.0,19.0,0.3,171.0,1802.25,0,MC1
5.0,22.0,0.05,3.0,14.0,0.17,103.0,508.91,0,MC1
5.0,22.0,0.05,3.0,14.0,0.17,103.0,508.91,0,MC1
7.0,24.0,0.03,0.0,18.0,0.16,100.0,851.95,0,MC1
7.0,24.0,0.03,0.0,18.0,0.16,100.0,851.95,0,MC1
3.0,16.0,0.05,2.0,16.0,0.09,61.0,315.36,0,MC1
3.0,16.0,0.05,2.0,16.0,0.09,61.0,315.36,0,MC1
4.0,22.0,0.04,0.0,18.0,0.17,107.0,779.71,0,MC1
4.0,22.0,0.04,0.0,18.0,0.17,107.0,779.71,0,MC1
3.0,6.0,0.09,0.0,12.0,0.05,32.0,84.15,0,MC1
3.0,6.0,0.09,0.0,12.0,0.05,32.0,84.15,0,MC1
2.0,5.0,0.08,2.0,9.0,0.03,24.0,57.36,0,MC1
2.0,5.0,0.08,2.0,9.0,0.03,24.0,57.36,0,MC1
1.0,17.0,0.04,2.0,21.0,0.21,116.0,781.89,0,MC1
1.0,17.0,0.04,2.0,21.0,0.21,116.0,781.89,0,MC1
4.0,8.0,0.07,0.0,12.0,0.05,38.0,123.17,0,MC1
4.0,8.0,0.07,0.0,12.0,0.05,38.0,123.17,0,MC1
1.0,25.0,0.2,0.0,4.0,0.31,155.0,251.06,0,MC1
1.0,25.0,0.2,0.0,4.0,0.31,155.0,251.06,0,MC1
1.0,3.0,0.29,0.0,5.0,0.02,15.0,9.69,0,MC1
1.0,3.0,0.29,0.0,5.0,0.02,15.0,9.69,0,MC1
1.0,65.0,0.02,1.0,24.0,0.66,353.0,6735.93,0,MC1
1.0,65.0,0.02,1.0,24.0,0.66,353.0,6735.93,0,MC1
2.0,8.0,0.08,0.0,11.0,0.07,48.0,139.79,0,MC1
2.0,8.0,0.08,0.0,11.0,0.07,48.0,139.79,0,MC1
1.0,1.0,0.0,0.0,1.0,0.0,1.0,0.0,0,MC1
1.0,1.0,0.0,0.0,1.0,0.0,1.0,0.0,0,MC1
14.0,46.0,0.02,0.0,21.0,0.71,381.0,6022.4,0,MC1
14.0,46.0,0.02,0.0,21.0,0.71,381.0,6022.4,0,MC1
2.0,9.0,0.05,1.0,13.0,0.11,72.0,328.33,0,MC1
2.0,9.0,0.05,1.0,13.0,0.11,72.0,328.33,0,MC1
1.0,2.0,0.5,1.0,4.0,0.01,6.0,1.72,0,MC1
1.0,2.0,0.5,1.0,4.0,0.01,6.0,1.72,0,MC1
5.0,25.0,0.03,1.0,17.0,0.32,187.0,1664.87,0,MC1
5.0,25.0,0.03,1.0,17.0,0.32,187.0,1664.87,0,MC1
1.0,2.0,0.5,1.0,4.0,0.01,6.0,1.72,0,MC1
1.0,2.0,0.5,1.0,4.0,0.01,6.0,1.72,0,MC1
4.0,7.0,0.04,0.0,18.0,0.09,56.0,329.03,0,MC1
4.0,7.0,0.04,0.0,18.0,0.09,56.0,329.03,0,MC1
13.0,32.0,0.03,0.0,22.0,0.26,153.0,1657.33,0,MC1
13.0,32.0,0.03,0.0,22.0,0.26,153.0,1657.33,0,MC1
2.0,8.0,0.06,0.0,13.0,0.08,59.0,241.35,0,MC1
1.0,8.0,0.07,0.0,13.0,0.08,58.0,206.9,0,MC1
1.0,7.0,0.07,0.0,11.0,0.05,38.0,113.41,0,MC1
1.0,7.0,0.09,0.0,11.0,0.05,37.0,90.44,0,MC1
1.0,10.0,0.07,0.0,14.0,0.12,76.0,286.98,0,MC1
4.0,10.0,0.06,0.0,15.0,0.12,80.0,356.03,0,MC1
1.0,12.0,0.08,1.0,14.0,0.08,56.0,186.08,0,MC1
2.0,12.0,0.07,1.0,14.0,0.08,56.0,194.23,0,MC1
3.0,16.0,0.05,1.0,15.0,0.17,110.0,617.47,0,MC1
1.0,16.0,0.05,1.0,15.0,0.17,109.0,571.03,0,MC1
1.0,3.0,0.4,0.0,5.0,0.01,9.0,3.75,0,MC1
1.0,3.0,0.5,0.0,4.0,0.01,8.0,2.5,0,MC1
3.0,10.0,0.07,0.0,11.0,0.06,43.0,136.64,0,MC1
1.0,10.0,0.08,0.0,11.0,0.06,42.0,113.65,0,MC1
1.0,1.0,0.0,0.0,1.0,0.0,1.0,0.0,0,MC1
1.0,1.0,0.0,0.0,1.0,0.0,1.0,0.0,0,MC1
1.0,20.0,0.05,4.0,14.0,0.16,105.0,511.83,0,MC1
2.0,20.0,0.05,4.0,14.0,0.17,107.0,544.57,0,MC1
19.0,104.0,0.02,4.0,32.0,0.76,365.0,6485.7,0,MC1
19.0,104.0,0.02,4.0,32.0,0.76,365.0,6485.7,0,MC1
2.0,17.0,0.04,0.0,16.0,0.15,95.0,610.01,0,MC1
2.0,17.0,0.04,0.0,16.0,0.15,95.0,610.01,0,MC1
1.0,27.0,0.02,1.0,20.0,0.37,217.0,3116.32,0,MC1
1.0,27.0,0.02,1.0,20.0,0.37,217.0,3116.32,0,MC1
11.0,54.0,0.02,6.0,23.0,0.53,288.0,5391.0,0,MC1
11.0,54.0,0.02,6.0,23.0,0.53,288.0,5391.0,0,MC1
1.0,75.0,0.01,4.0,26.0,0.99,516.0,13892.94,0,MC1
1.0,75.0,0.01,4.0,26.0,0.99,516.0,13892.94,0,MC1
2.0,13.0,0.06,0.0,15.0,0.11,71.0,328.67,0,MC1
2.0,13.0,0.06,0.0,15.0,0.11,71.0,328.67,0,MC1
5.0,24.0,0.02,2.0,16.0,0.19,122.0,1367.34,0,MC1
5.0,24.0,0.02,2.0,16.0,0.19,122.0,1367.34,0,MC1
4.0,22.0,0.03,0.0,17.0,0.19,117.0,941.7,0,MC1
4.0,22.0,0.03,0.0,17.0,0.19,117.0,941.7,0,MC1
8.0,30.0,0.03,0.0,19.0,0.25,148.0,1261.79,0,MC1
8.0,30.0,0.03,0.0,19.0,0.25,148.0,1261.79,0,MC1
3.0,25.0,0.03,2.0,14.0,0.17,116.0,854.97,0,MC1
3.0,25.0,0.03,2.0,14.0,0.17,116.0,854.97,0,MC1
1.0,2.0,0.5,0.0,4.0,0.01,6.0,1.72,0,MC1
1.0,2.0,0.5,0.0,4.0,0.01,6.0,1.72,0,MC1
3.0,21.0,0.04,0.0,15.0,0.26,163.0,1249.05,0,MC1
3.0,21.0,0.04,0.0,15.0,0.26,163.0,1249.05,0,MC1
3.0,16.0,0.09,1.0,10.0,0.08,55.0,151.87,0,MC1
3.0,16.0,0.09,1.0,10.0,0.08,55.0,151.87,0,MC1
5.0,31.0,0.03,2.0,18.0,0.43,240.0,2554.53,0,MC1
5.0,31.0,0.03,2.0,18.0,0.43,240.0,2554.53,0,MC1
3.0,21.0,0.06,1.0,13.0,0.13,81.0,337.77,0,MC1
3.0,21.0,0.06,1.0,13.0,0.13,81.0,337.77,0,MC1
1.0,29.0,0.05,1.0,17.0,0.19,109.0,658.27,0,MC1
1.0,29.0,0.05,1.0,17.0,0.19,109.0,658.27,0,MC1
1.0,2.0,0.5,1.0,4.0,0.01,6.0,1.72,0,MC1
1.0,2.0,0.5,1.0,4.0,0.01,6.0,1.72,0,MC1
1.0,29.0,0.02,0.0,19.0,0.25,148.0,1652.35,0,MC1
1.0,29.0,0.02,0.0,19.0,0.25,148.0,1652.35,0,MC1
1.0,4.0,0.3,0.0,4.0,0.01,15.0,7.8,0,MC1
1.0,4.0,0.3,0.0,4.0,0.01,15.0,7.8,0,MC1
1.0,60.0,0.02,3.0,23.0,0.65,345.0,5760.3,0,MC1
1.0,60.0,0.02,3.0,23.0,0.65,345.0,5760.3,0,MC1
10.0,24.0,0.03,0.0,22.0,0.22,129.0,1336.87,0,MC1
10.0,24.0,0.03,0.0,22.0,0.22,129.0,1336.87,0,MC1
5.0,10.0,0.05,0.0,14.0,0.06,43.0,198.9,0,MC1
5.0,10.0,0.05,0.0,14.0,0.06,43.0,198.9,0,MC1
1.0,4.0,0.22,0.0,6.0,0.02,17.0,14.12,0,MC1
1.0,4.0,0.22,0.0,6.0,0.02,17.0,14.12,0,MC1
11.0,34.0,0.03,0.0,23.0,0.31,170.0,1835.34,0,MC1
11.0,34.0,0.03,0.0,23.0,0.31,170.0,1835.34,0,MC1
1.0,4.0,0.17,0.0,9.0,0.03,24.0,30.86,0,MC1
1.0,4.0,0.21,0.0,7.0,0.02,20.0,19.19,0,MC1
1.0,3.0,0.25,1.0,4.0,0.01,13.0,7.47,0,MC1
1.0,3.0,0.25,1.0,4.0,0.01,13.0,7.47,0,MC1
1.0,15.0,0.11,4.0,7.0,0.1,72.0,148.6,0,MC1
1.0,15.0,0.11,4.0,7.0,0.1,72.0,148.6,0,MC1
3.0,74.0,0.02,24.0,13.0,1.08,582.0,9356.65,0,MC1
3.0,74.0,0.02,24.0,13.0,1.08,582.0,9356.65,0,MC1
3.0,74.0,0.02,24.0,14.0,1.2,652.0,12648.53,0,MC1
3.0,74.0,0.02,24.0,14.0,1.2,652.0,12648.53,0,MC1
1.0,86.0,0.01,20.0,15.0,1.89,1026.0,30773.37,0,MC1
1.0,86.0,0.01,20.0,15.0,1.89,1026.0,30773.37,0,MC1
4.0,113.0,0.01,18.0,23.0,2.14,1045.0,38396.53,0,MC1
4.0,113.0,0.01,18.0,23.0,2.14,1045.0,38396.53,0,MC1
5.0,129.0,0.01,22.0,21.0,2.36,1178.0,45640.65,0,MC1
5.0,129.0,0.01,22.0,21.0,2.36,1178.0,45640.65,0,MC1
1.0,150.0,0.01,23.0,22.0,3.02,1520.0,83653.15,0,MC1
1.0,150.0,0.01,23.0,22.0,3.02,1520.0,83653.15,0,MC1
1.0,8.0,0.1,0.0,13.0,0.1,65.0,173.02,0,MC1
1.0,8.0,0.1,0.0,13.0,0.1,65.0,173.02,0,MC1
1.0,57.0,0.01,11.0,24.0,1.09,571.0,16766.74,0,MC1
1.0,57.0,0.01,11.0,24.0,1.09,571.0,16766.74,0,MC1
1.0,90.0,0.01,19.0,24.0,1.83,937.0,38960.63,0,MC1
1.0,90.0,0.01,19.0,24.0,1.83,937.0,38960.63,0,MC1
1.0,2.0,0.5,0.0,4.0,0.01,6.0,1.72,0,MC1
1.0,2.0,0.5,0.0,4.0,0.01,6.0,1.72,0,MC1
3.0,6.0,0.11,0.0,11.0,0.09,62.0,138.24,0,MC1
3.0,6.0,0.11,0.0,11.0,0.09,62.0,138.24,0,MC1
3.0,6.0,0.11,0.0,11.0,0.09,62.0,138.24,0,MC1
3.0,6.0,0.11,0.0,11.0,0.09,62.0,138.24,0,MC1
1.0,2.0,0.67,0.0,3.0,0.0,5.0,0.97,0,MC1
1.0,2.0,0.67,0.0,3.0,0.0,5.0,0.97,0,MC1
1.0,2.0,0.67,0.0,3.0,0.0,5.0,0.97,0,MC1
1.0,2.0,0.67,0.0,3.0,0.0,5.0,0.97,0,MC1
1.0,2.0,0.4,0.0,5.0,0.01,7.0,2.73,0,MC1
1.0,2.0,0.4,0.0,5.0,0.01,7.0,2.73,0,MC1
1.0,2.0,0.4,0.0,5.0,0.01,7.0,2.73,0,MC1
1.0,2.0,0.4,0.0,5.0,0.01,7.0,2.73,0,MC1
1.0,2.0,0.4,0.0,5.0,0.01,8.0,3.12,0,MC1
1.0,2.0,0.4,0.0,5.0,0.01,8.0,3.12,0,MC1
1.0,2.0,0.67,1.0,3.0,0.0,4.0,0.67,0,MC1
1.0,2.0,0.67,1.0,3.0,0.0,4.0,0.67,0,MC1
1.0,1.0,0.0,0.0,1.0,0.0,1.0,0.0,0,MC1
1.0,1.0,0.0,0.0,1.0,0.0,1.0,0.0,0,MC1
2.0,6.0,0.11,0.0,12.0,0.08,53.0,123.51,0,MC1
2.0,6.0,0.11,0.0,12.0,0.08,53.0,123.51,0,MC1
1.0,6.0,0.1,0.0,12.0,0.07,50.0,126.06,0,MC1
1.0,6.0,0.1,0.0,12.0,0.07,50.0,126.06,0,MC1
1.0,4.0,0.12,2.0,10.0,0.06,44.0,82.82,0,MC1
1.0,4.0,0.12,2.0,10.0,0.06,44.0,82.82,0,MC1
1.0,6.0,0.1,0.0,12.0,0.08,52.0,126.89,0,MC1
1.0,6.0,0.1,0.0,12.0,0.08,52.0,126.89,0,MC1
6.0,23.0,0.03,1.0,22.0,0.29,164.0,1459.16,0,MC1
6.0,23.0,0.03,1.0,22.0,0.29,164.0,1459.16,0,MC1
2.0,6.0,0.22,0.0,9.0,0.02,17.0,16.18,0,MC1
2.0,6.0,0.22,0.0,9.0,0.02,17.0,16.18,0,MC1
4.0,20.0,0.05,2.0,19.0,0.22,125.0,749.68,0,MC1
4.0,20.0,0.05,2.0,19.0,0.22,125.0,749.68,0,MC1
2.0,16.0,0.07,1.0,17.0,0.28,156.0,690.68,0,MC1
2.0,16.0,0.07,1.0,17.0,0.28,156.0,690.68,0,MC1
4.0,8.0,0.09,1.0,12.0,0.11,72.0,207.26,0,MC1
4.0,8.0,0.09,1.0,12.0,0.11,72.0,207.26,0,MC1
3.0,19.0,0.05,1.0,17.0,0.2,116.0,626.01,0,MC1
3.0,19.0,0.05,1.0,17.0,0.2,116.0,626.01,0,MC1
8.0,21.0,0.06,5.0,17.0,0.18,104.0,537.27,0,MC1
8.0,21.0,0.06,5.0,17.0,0.17,100.0,513.97,0,MC1
2.0,16.0,0.07,1.0,17.0,0.28,156.0,690.68,0,MC1
2.0,16.0,0.07,1.0,17.0,0.28,156.0,690.68,0,MC1
4.0,8.0,0.09,1.0,12.0,0.11,72.0,207.26,0,MC1
4.0,8.0,0.09,1.0,12.0,0.11,72.0,207.26,0,MC1
3.0,21.0,0.05,1.0,17.0,0.23,133.0,817.96,0,MC1
3.0,21.0,0.05,1.0,17.0,0.23,133.0,817.96,0,MC1
1.0,2.0,0.67,0.0,3.0,0.0,5.0,0.97,0,MC1
1.0,2.0,0.67,0.0,3.0,0.0,5.0,0.97,0,MC1
1.0,2.0,0.4,0.0,5.0,0.01,7.0,2.73,0,MC1
1.0,2.0,0.4,0.0,5.0,0.01,7.0,2.73,0,MC1
1.0,2.0,0.4,0.0,5.0,0.01,8.0,3.12,0,MC1
1.0,3.0,0.5,2.0,4.0,0.01,8.0,2.5,0,MC1
1.0,3.0,0.5,2.0,4.0,0.01,8.0,2.5,0,MC1
1.0,1.0,0.0,0.0,1.0,0.0,1.0,0.0,0,MC1
1.0,1.0,0.0,0.0,1.0,0.0,1.0,0.0,0,MC1
4.0,8.0,0.08,0.0,12.0,0.09,59.0,175.4,0,MC1
4.0,8.0,0.08,0.0,12.0,0.09,59.0,175.4,0,MC1
1.0,2.0,0.5,0.0,4.0,0.01,6.0,1.72,0,MC1
1.0,2.0,0.5,0.0,4.0,0.01,6.0,1.72,0,MC1
3.0,6.0,0.11,0.0,11.0,0.09,62.0,138.24,0,MC1
3.0,6.0,0.11,0.0,11.0,0.09,62.0,138.24,0,MC1
3.0,6.0,0.11,0.0,11.0,0.09,62.0,138.24,0,MC1
3.0,6.0,0.11,0.0,11.0,0.09,62.0,138.24,0,MC1
1.0,2.0,1.0,0.0,2.0,0.0,4.0,0.44,0,MC1
1.0,2.0,1.0,0.0,2.0,0.0,4.0,0.44,0,MC1
1.0,2.0,1.0,0.0,2.0,0.0,4.0,0.44,0,MC1
1.0,2.0,1.0,0.0,2.0,0.0,4.0,0.44,0,MC1
1.0,2.0,0.4,0.0,5.0,0.01,7.0,2.73,0,MC1
1.0,2.0,0.4,0.0,5.0,0.01,7.0,2.73,0,MC1
1.0,2.0,0.4,0.0,5.0,0.01,7.0,2.73,0,MC1
1.0,2.0,0.4,0.0,5.0,0.01,7.0,2.73,0,MC1
6.0,12.0,0.05,1.0,13.0,0.09,59.0,269.86,0,MC1
6.0,12.0,0.05,1.0,13.0,0.09,59.0,269.86,0,MC1
1.0,2.0,0.5,0.0,4.0,0.0,5.0,1.29,0,MC1
1.0,2.0,0.5,0.0,4.0,0.0,5.0,1.29,0,MC1
1.0,1.0,0.0,0.0,1.0,0.0,1.0,0.0,0,MC1
2.0,6.0,0.11,0.0,12.0,0.08,53.0,123.51,0,MC1
6.0,29.0,0.03,0.0,24.0,0.26,146.0,1651.13,0,MC1
6.0,29.0,0.03,0.0,24.0,0.26,146.0,1651.13,0,MC1
6.0,21.0,0.03,4.0,23.0,0.25,140.0,1359.16,0,MC1
6.0,21.0,0.03,4.0,23.0,0.25,140.0,1359.16,0,MC1
6.0,29.0,0.03,0.0,24.0,0.26,146.0,1651.13,0,MC1
6.0,29.0,0.03,0.0,24.0,0.26,146.0,1651.13,0,MC1
13.0,50.0,0.02,9.0,29.0,0.49,258.0,5306.34,0,MC1
13.0,50.0,0.02,9.0,29.0,0.49,258.0,5306.34,0,MC1
14.0,77.0,0.01,5.0,22.0,0.67,378.0,9151.94,0,MC1
14.0,77.0,0.01,5.0,22.0,0.67,378.0,9151.94,0,MC1
2.0,16.0,0.05,4.0,16.0,0.15,91.0,468.53,0,MC1
2.0,16.0,0.05,4.0,16.0,0.15,91.0,468.53,0,MC1
2.0,16.0,0.05,4.0,16.0,0.15,91.0,468.53,0,MC1
2.0,16.0,0.05,4.0,16.0,0.15,91.0,468.53,0,MC1
1.0,2.0,0.67,0.0,3.0,0.0,5.0,0.97,0,MC1
1.0,2.0,0.67,0.0,3.0,0.0,5.0,0.97,0,MC1
1.0,2.0,0.4,0.0,5.0,0.01,7.0,2.73,0,MC1
1.0,2.0,0.4,0.0,5.0,0.01,7.0,2.73,0,MC1
1.0,2.0,0.67,0.0,3.0,0.0,4.0,0.67,0,MC1
1.0,2.0,0.67,1.0,3.0,0.0,4.0,0.67,0,MC1
1.0,1.0,0.0,0.0,1.0,0.0,1.0,0.0,0,MC1
1.0,2.0,0.11,0.0,9.0,0.02,17.0,29.41,0,MC1
1.0,2.0,0.11,0.0,9.0,0.02,17.0,29.41,0,MC1
1.0,19.0,0.06,0.0,18.0,0.15,89.0,447.34,0,MC1
1.0,19.0,0.06,0.0,18.0,0.15,89.0,447.34,0,MC1
1.0,2.0,0.25,0.0,8.0,0.02,20.0,16.45,0,MC1
1.0,2.0,0.25,0.0,8.0,0.02,20.0,16.45,0,MC1
2.0,11.0,0.1,0.0,13.0,0.07,48.0,120.74,0,MC1
2.0,11.0,0.1,0.0,13.0,0.07,48.0,120.74,0,MC1
1.0,2.0,0.21,0.0,7.0,0.01,11.0,9.47,0,MC1
1.0,2.0,0.21,0.0,7.0,0.01,11.0,9.47,0,MC1
1.0,3.0,0.14,0.0,7.0,0.02,15.0,19.38,0,MC1
1.0,3.0,0.14,0.0,7.0,0.02,15.0,19.38,0,MC1
1.0,2.0,0.4,0.0,5.0,0.01,11.0,4.84,0,MC1
1.0,2.0,0.4,0.0,5.0,0.01,11.0,4.84,0,MC1
7.0,39.0,0.05,1.0,20.0,0.36,185.0,1251.67,0,MC1
19.0,122.0,0.02,8.0,30.0,0.95,437.0,6820.45,0,MC1
3.0,20.0,0.12,0.0,10.0,0.14,82.0,196.72,0,MC1
3.0,31.0,0.07,0.0,14.0,0.33,171.0,742.28,0,MC1
3.0,22.0,0.11,0.0,11.0,0.16,93.0,244.83,0,MC1
3.0,20.0,0.11,0.0,11.0,0.15,87.0,227.26,0,MC1
3.0,20.0,0.12,0.0,10.0,0.14,82.0,189.83,0,MC1
3.0,22.0,0.1,0.0,12.0,0.17,95.0,281.24,0,MC1
2.0,17.0,0.08,3.0,17.0,0.16,89.0,340.37,0,MC1
2.0,16.0,0.08,4.0,16.0,0.14,81.0,297.79,0,MC1
2.0,16.0,0.07,3.0,16.0,0.17,98.0,400.36,0,MC1
2.0,15.0,0.08,3.0,16.0,0.13,78.0,280.76,0,MC1
2.0,17.0,0.08,3.0,16.0,0.15,87.0,313.6,0,MC1
2.0,15.0,0.08,3.0,16.0,0.13,78.0,280.76,0,MC1
2.0,15.0,0.08,3.0,16.0,0.13,78.0,280.76,0,MC1
2.0,14.0,0.08,3.0,16.0,0.14,80.0,273.43,0,MC1
2.0,17.0,0.08,3.0,16.0,0.15,87.0,313.6,0,MC1
2.0,20.0,0.07,4.0,16.0,0.22,123.0,549.33,0,MC1
3.0,21.0,0.12,0.0,10.0,0.15,88.0,205.63,0,MC1
1.0,27.0,0.1,0.0,12.0,0.2,111.0,321.94,0,MC1
2.0,17.0,0.3,0.0,5.0,0.08,51.0,42.74,0,MC1
1.0,11.0,0.15,6.0,10.0,0.07,47.0,81.24,0,MC1
3.0,11.0,0.26,0.0,6.0,0.04,28.0,24.27,0,MC1
1.0,9.0,0.29,6.0,7.0,0.03,24.0,19.46,0,MC1
1.0,3.0,0.25,0.0,4.0,0.02,21.0,14.79,0,MC1
1.0,7.0,0.5,6.0,4.0,0.02,14.0,5.38,0,MC1
1.0,2.0,0.67,0.0,3.0,0.0,5.0,0.97,0,MC1
3.0,20.0,0.12,0.0,10.0,0.14,82.0,189.83,0,MC1
3.0,20.0,0.12,0.0,10.0,0.14,82.0,189.83,0,MC1
3.0,20.0,0.12,0.0,10.0,0.14,82.0,189.83,0,MC1
3.0,20.0,0.12,0.0,10.0,0.14,82.0,189.83,0,MC1
2.0,26.0,0.06,3.0,17.0,0.31,164.0,807.25,0,MC1
3.0,22.0,0.09,0.0,12.0,0.18,102.0,315.68,0,MC1
3.0,21.0,0.12,0.0,10.0,0.15,86.0,202.56,0,MC1
3.0,23.0,0.07,0.0,16.0,0.21,113.0,485.05,0,MC1
3.0,21.0,0.11,0.0,11.0,0.16,94.0,255.41,0,MC1
3.0,23.0,0.1,0.0,12.0,0.18,100.0,300.16,0,MC1
3.0,21.0,0.11,0.0,11.0,0.16,94.0,255.41,0,MC1
3.0,21.0,0.11,0.0,11.0,0.16,94.0,255.41,0,MC1
3.0,23.0,0.1,0.0,12.0,0.18,100.0,300.16,0,MC1
3.0,20.0,0.12,0.0,10.0,0.14,82.0,189.83,0,MC1
3.0,20.0,0.12,0.0,10.0,0.14,83.0,197.21,0,MC1
1.0,11.0,0.13,0.0,8.0,0.1,65.0,119.63,0,MC1
1.0,31.0,0.1,0.0,11.0,0.24,130.0,388.67,0,MC1
3.0,17.0,0.07,3.0,12.0,0.1,64.0,219.32,0,MC1
3.0,17.0,0.07,3.0,12.0,0.1,64.0,219.32,0,MC1
5.0,24.0,0.07,0.0,12.0,0.09,60.0,222.97,0,MC1
5.0,24.0,0.07,0.0,12.0,0.09,60.0,222.97,0,MC1
2.0,7.0,0.11,1.0,8.0,0.03,21.0,37.64,0,MC1
2.0,7.0,0.11,1.0,8.0,0.03,21.0,37.64,0,MC1
2.0,10.0,0.08,3.0,10.0,0.04,29.0,81.83,0,MC1
2.0,10.0,0.08,3.0,10.0,0.04,29.0,81.83,0,MC1
5.0,22.0,0.04,0.0,14.0,0.12,78.0,442.14,0,MC1
5.0,22.0,0.04,0.0,14.0,0.12,78.0,442.14,0,MC1
3.0,13.0,0.11,0.0,10.0,0.04,28.0,57.04,0,MC1
3.0,13.0,0.11,0.0,10.0,0.04,28.0,57.04,0,MC1
2.0,9.0,0.13,0.0,8.0,0.02,19.0,30.27,0,MC1
2.0,9.0,0.13,0.0,8.0,0.02,19.0,30.27,0,MC1
2.0,11.0,0.1,0.0,8.0,0.04,29.0,57.23,0,MC1
2.0,11.0,0.1,0.0,8.0,0.04,29.0,57.23,0,MC1
3.0,14.0,0.1,0.0,11.0,0.05,34.0,80.45,0,MC1
3.0,14.0,0.1,0.0,11.0,0.05,34.0,80.45,0,MC1
5.0,19.0,0.06,0.0,14.0,0.07,47.0,193.58,0,MC1
5.0,19.0,0.06,0.0,14.0,0.07,47.0,193.58,0,MC1
5.0,33.0,0.03,0.0,13.0,0.13,88.0,628.1,0,MC1
5.0,33.0,0.03,0.0,13.0,0.13,88.0,628.1,0,MC1
1.0,21.0,0.07,0.0,16.0,0.1,61.0,229.38,0,MC1
1.0,21.0,0.07,0.0,16.0,0.1,61.0,229.38,0,MC1
1.0,0.0,0.0,0.0,0.0,0.0,0.0,0.0,0,MC1
1.0,0.0,0.0,0.0,0.0,0.0,0.0,0.0,0,MC1
39.0,220.0,0.01,15.0,44.0,1.97,827.0,24030.2,0,MC1
39.0,220.0,0.01,15.0,44.0,1.97,827.0,24030.2,0,MC1
3.0,7.0,0.15,0.0,9.0,0.03,22.0,32.22,0,MC1
3.0,7.0,0.15,0.0,9.0,0.03,22.0,32.22,0,MC1
1.0,3.0,0.27,0.0,5.0,0.01,9.0,5.26,0,MC1
1.0,3.0,0.27,0.0,5.0,0.01,9.0,5.26,0,MC1
1.0,2.0,0.67,0.0,3.0,0.0,5.0,0.97,0,MC1
1.0,2.0,0.67,0.0,3.0,0.0,5.0,0.97,0,MC1
1.0,4.0,0.2,0.0,5.0,0.05,37.0,39.13,0,MC1
1.0,4.0,0.2,0.0,5.0,0.05,37.0,39.13,0,MC1
1.0,2.0,0.67,0.0,3.0,0.0,5.0,0.97,0,MC1
1.0,2.0,0.67,0.0,3.0,0.0,5.0,0.97,0,MC1
35.0,214.0,0.01,16.0,44.0,1.98,840.0,26599.9,0,MC1
35.0,214.0,0.01,16.0,44.0,1.98,840.0,26599.9,0,MC1
1.0,3.0,0.27,0.0,5.0,0.01,9.0,5.26,0,MC1
1.0,3.0,0.27,0.0,5.0,0.01,9.0,5.26,0,MC1
1.0,4.0,0.2,0.0,5.0,0.05,37.0,39.13,0,MC1
1.0,4.0,0.2,0.0,5.0,0.05,37.0,39.13,0,MC1
1.0,2.0,0.67,0.0,3.0,0.0,5.0,0.97,0,MC1
1.0,2.0,0.67,0.0,3.0,0.0,5.0,0.97,0,MC1
1.0,22.0,0.25,12.0,6.0,0.14,85.0,95.28,1,MC1
1.0,23.0,0.26,12.0,6.0,0.17,97.0,108.75,0,MC1
1.0,23.0,0.28,12.0,6.0,0.18,99.0,106.27,0,MC1
1.0,21.0,0.24,13.0,6.0,0.14,83.0,95.77,0,MC1
1.0,24.0,0.27,10.0,6.0,0.17,97.0,106.28,0,MC1
1.0,13.0,0.38,9.0,5.0,0.06,43.0,27.87,0,MC1
1.0,20.0,0.25,12.0,6.0,0.13,79.0,86.1,0,MC1
1.0,22.0,0.28,12.0,6.0,0.15,85.0,87.89,1,MC1
1.0,13.0,0.38,9.0,5.0,0.07,45.0,29.51,0,MC1
1.0,22.0,0.25,11.0,6.0,0.15,89.0,102.32,0,MC1
1.0,24.0,0.26,10.0,6.0,0.17,97.0,108.75,0,MC1
1.0,24.0,0.26,15.0,6.0,0.16,92.0,100.49,0,MC1
5.0,27.0,0.17,8.0,8.0,0.11,69.0,110.57,0,MC1
6.0,27.0,0.13,8.0,9.0,0.11,72.0,152.16,0,MC1
1.0,20.0,0.26,12.0,6.0,0.14,81.0,85.75,0,MC1
80.0,300.0,0.01,98.0,49.0,2.39,1037.0,56424.53,0,MC1
80.0,300.0,0.01,98.0,49.0,2.39,1037.0,56424.53,0,MC1
1.0,22.0,0.27,11.0,6.0,0.16,91.0,99.49,0,MC1
1.0,24.0,0.25,15.0,6.0,0.16,92.0,105.77,0,MC1
2.0,46.0,0.18,21.0,8.0,0.33,167.0,302.81,0,MC1
1.0,21.0,0.27,13.0,6.0,0.14,83.0,88.08,0,MC1
1.0,31.0,0.24,14.0,6.0,0.23,125.0,161.1,0,MC1
2.0,46.0,0.19,21.0,8.0,0.34,169.0,301.79,0,MC1
1.0,31.0,0.22,14.0,6.0,0.22,123.0,165.35,0,MC1
1.0,2.0,0.0,0.0,3.0,0.0,3.0,0.0,0,MC1
1.0,9.0,0.29,0.0,4.0,0.13,81.0,74.42,0,MC1
1.0,2.0,0.0,0.0,3.0,0.0,3.0,0.0,0,MC1
1.0,2.0,0.0,0.0,3.0,0.0,3.0,0.0,0,MC1
1.0,9.0,0.29,0.0,4.0,0.13,81.0,74.42,0,MC1
1.0,2.0,0.0,0.0,3.0,0.0,3.0,0.0,0,MC1
1.0,8.0,0.29,0.0,4.0,0.11,71.0,63.3,1,MC1
1.0,2.0,0.0,0.0,3.0,0.0,3.0,0.0,0,MC1
1.0,2.0,0.0,0.0,3.0,0.0,3.0,0.0,0,MC1
1.0,2.0,0.0,0.0,3.0,0.0,3.0,0.0,0,MC1
1.0,8.0,0.29,0.0,4.0,0.11,71.0,63.3,1,MC1
1.0,2.0,0.0,0.0,3.0,0.0,3.0,0.0,0,MC1
1.0,2.0,0.0,0.0,3.0,0.0,3.0,0.0,0,MC1
1.0,2.0,0.0,0.0,3.0,0.0,3.0,0.0,0,MC1
3.0,15.0,0.12,2.0,9.0,0.15,91.0,210.39,0,MC1
1.0,7.0,0.23,4.0,6.0,0.04,33.0,32.7,0,MC1
1.0,7.0,0.23,4.0,6.0,0.04,33.0,32.7,0,MC1
1.0,2.0,0.0,0.0,3.0,0.0,3.0,0.0,0,MC1
1.0,2.0,0.0,0.0,3.0,0.0,3.0,0.0,0,MC1
3.0,15.0,0.11,2.0,9.0,0.15,91.0,225.42,0,MC1
3.0,8.0,0.21,1.0,7.0,0.02,17.0,16.3,0,MC1
3.0,8.0,0.21,1.0,7.0,0.02,17.0,16.3,0,MC1
1.0,12.0,0.4,0.0,5.0,0.06,39.0,23.79,0,MC1
1.0,12.0,0.4,0.0,5.0,0.06,39.0,23.79,0,MC1
1.0,12.0,0.4,0.0,5.0,0.06,39.0,23.79,0,MC1
1.0,12.0,0.4,0.0,5.0,0.06,39.0,23.79,0,MC1
1.0,6.0,0.5,0.0,4.0,0.02,19.0,7.57,0,MC1
1.0,6.0,0.5,0.0,4.0,0.02,19.0,7.57,0,MC1
1.0,13.0,0.4,1.0,5.0,0.06,42.0,26.01,1,MC1
1.0,13.0,0.3,7.0,5.0,0.09,59.0,51.36,0,MC1
1.0,13.0,0.3,7.0,5.0,0.09,59.0,51.36,0,MC1
1.0,12.0,0.4,1.0,5.0,0.06,39.0,23.79,0,MC1
1.0,13.0,0.4,0.0,5.0,0.06,42.0,26.01,0,MC1
1.0,12.0,0.4,1.0,5.0,0.06,39.0,23.79,0,MC1
1.0,13.0,0.4,0.0,5.0,0.06,42.0,26.01,0,MC1
1.0,13.0,0.4,0.0,5.0,0.06,42.0,26.01,0,MC1
1.0,12.0,0.4,0.0,5.0,0.06,39.0,23.79,0,MC1
1.0,13.0,0.4,0.0,5.0,0.06,42.0,26.01,0,MC1
1.0,12.0,0.4,0.0,5.0,0.06,39.0,23.79,0,MC1
1.0,13.0,0.4,1.0,5.0,0.06,42.0,26.01,1,MC1
1.0,13.0,0.4,0.0,5.0,0.06,42.0,26.01,1,MC1
1.0,12.0,0.4,0.0,5.0,0.06,39.0,23.79,0,MC1
1.0,13.0,0.4,0.0,5.0,0.06,42.0,26.01,0,MC1
1.0,12.0,0.4,0.0,5.0,0.06,39.0,23.79,0,MC1
1.0,13.0,0.4,0.0,5.0,0.06,42.0,26.01,0,MC1
1.0,13.0,0.4,0.0,5.0,0.06,42.0,26.01,1,MC1
1.0,3.0,0.5,1.0,4.0,0.01,8.0,2.5,0,MC1
1.0,0.0,0.67,0.0,3.0,0.0,4.0,0.67,0,MC1
1.0,0.0,0.67,0.0,3.0,0.0,4.0,0.67,0,MC1
1.0,3.0,0.5,0.0,4.0,0.01,8.0,2.5,0,MC1
1.0,3.0,0.5,0.0,4.0,0.01,8.0,2.5,0,MC1
1.0,2.0,0.5,0.0,4.0,0.0,5.0,1.29,0,MC1
1.0,0.0,0.0,0.0,0.0,0.0,0.0,0.0,0,MC1
2.0,4.0,0.14,0.0,11.0,0.03,21.0,34.97,0,MC1
4.0,8.0,0.11,0.0,12.0,0.06,41.0,89.92,0,MC1
3.0,8.0,0.07,0.0,14.0,0.09,55.0,216.71,0,MC1
8.0,20.0,0.03,0.0,19.0,0.19,111.0,907.66,0,MC1
1.0,2.0,0.5,0.0,4.0,0.0,5.0,1.29,0,MC1
1.0,4.0,0.29,0.0,7.0,0.01,12.0,8.07,0,MC1
1.0,2.0,0.67,0.0,3.0,0.0,5.0,0.97,0,MC1
1.0,3.0,0.67,0.0,3.0,0.0,5.0,0.97,0,MC1
1.0,7.0,0.14,0.0,7.0,0.05,36.0,54.7,0,MC1
1.0,7.0,0.5,1.0,4.0,0.02,14.0,5.38,0,MC1
4.0,15.0,0.12,0.0,11.0,0.07,46.0,97.91,0,MC1
1.0,2.0,0.4,0.0,5.0,0.01,8.0,3.33,0,MC1
1.0,7.0,0.13,0.0,7.0,0.05,42.0,71.79,0,MC1
17.0,62.0,0.03,2.0,22.0,0.42,219.0,2171.64,0,MC1
1.0,2.0,0.5,0.0,4.0,0.01,7.0,2.18,0,MC1
1.0,3.0,0.67,0.0,3.0,0.0,5.0,0.97,0,MC1
1.0,7.0,0.5,1.0,4.0,0.02,14.0,5.38,0,MC1
4.0,15.0,0.12,0.0,11.0,0.07,46.0,97.91,0,MC1
1.0,0.0,0.67,0.0,3.0,0.0,4.0,0.67,0,MC1
2.0,4.0,0.27,0.0,6.0,0.01,13.0,9.0,0,MC1
1.0,0.0,0.0,0.0,1.0,0.0,1.0,0.0,0,MC1
1.0,3.0,0.5,0.0,3.0,0.01,9.0,2.58,0,MC1
1.0,3.0,0.5,0.0,3.0,0.01,9.0,2.58,0,MC1
1.0,3.0,0.21,0.0,7.0,0.01,12.0,10.33,0,MC1
1.0,3.0,0.21,0.0,7.0,0.01,12.0,10.33,0,MC1
2.0,8.0,0.22,3.0,7.0,0.02,19.0,18.08,0,MC1
2.0,8.0,0.22,3.0,7.0,0.02,19.0,18.08,0,MC1
2.0,11.0,0.21,0.0,7.0,0.06,42.0,48.87,0,MC1
2.0,11.0,0.21,0.0,7.0,0.06,42.0,48.87,0,MC1
1.0,4.0,0.22,0.0,6.0,0.01,12.0,9.0,0,MC1
1.0,4.0,0.22,0.0,6.0,0.01,12.0,9.0,0,MC1
7.0,44.0,0.03,2.0,21.0,0.19,114.0,1193.84,0,MC1
7.0,44.0,0.03,2.0,21.0,0.19,114.0,1193.84,0,MC1
1.0,3.0,0.33,0.0,6.0,0.01,10.0,5.28,0,MC1
1.0,3.0,0.33,0.0,6.0,0.01,10.0,5.28,0,MC1
6.0,34.0,0.05,2.0,17.0,0.14,86.0,493.22,0,MC1
6.0,34.0,0.05,2.0,17.0,0.14,86.0,493.22,0,MC1
1.0,4.0,0.29,0.0,7.0,0.01,13.0,8.4,0,MC1
1.0,4.0,0.29,0.0,7.0,0.01,13.0,8.4,0,MC1
1.0,5.0,0.16,0.0,9.0,0.03,25.0,33.31,0,MC1
1.0,5.0,0.16,0.0,9.0,0.03,25.0,33.31,0,MC1
2.0,14.0,0.05,0.0,11.0,0.09,67.0,278.93,0,MC1
2.0,14.0,0.05,0.0,11.0,0.09,67.0,278.93,0,MC1
3.0,17.0,0.05,3.0,14.0,0.09,60.0,322.1,0,MC1
3.0,17.0,0.05,3.0,14.0,0.09,60.0,322.1,0,MC1
7.0,51.0,0.02,0.0,20.0,0.34,202.0,2691.51,0,MC1
7.0,51.0,0.02,0.0,20.0,0.34,202.0,2691.51,0,MC1
2.0,13.0,0.09,0.0,11.0,0.07,51.0,134.7,0,MC1
2.0,13.0,0.09,0.0,11.0,0.07,51.0,134.7,0,MC1
2.0,17.0,0.04,0.0,11.0,0.08,58.0,294.26,0,MC1
2.0,17.0,0.04,0.0,11.0,0.08,58.0,294.26,0,MC1
3.0,18.0,0.05,2.0,14.0,0.1,66.0,354.31,0,MC1
3.0,18.0,0.05,2.0,14.0,0.1,66.0,354.31,0,MC1
1.0,10.0,0.11,0.0,8.0,0.04,31.0,55.61,0,MC1
1.0,10.0,0.11,0.0,8.0,0.04,31.0,55.61,0,MC1
3.0,26.0,0.06,3.0,13.0,0.12,80.0,335.39,0,MC1
3.0,26.0,0.06,3.0,13.0,0.12,80.0,335.39,0,MC1
3.0,26.0,0.06,3.0,13.0,0.14,92.0,408.42,0,MC1
3.0,26.0,0.06,3.0,13.0,0.14,92.0,408.42,0,MC1
2.0,10.0,0.1,0.0,11.0,0.04,30.0,68.69,0,MC1
2.0,10.0,0.1,0.0,11.0,0.04,30.0,68.69,0,MC1
1.0,6.0,0.19,0.0,8.0,0.02,18.0,18.45,0,MC1
1.0,6.0,0.19,0.0,8.0,0.02,18.0,18.45,0,MC1
6.0,36.0,0.07,6.0,16.0,0.15,87.0,362.5,0,MC1
6.0,36.0,0.07,6.0,16.0,0.15,87.0,362.5,0,MC1
1.0,2.0,0.29,0.0,7.0,0.01,12.0,7.75,0,MC1
1.0,2.0,0.29,0.0,7.0,0.01,12.0,7.75,0,MC1
14.0,72.0,0.03,2.0,18.0,0.35,204.0,2123.52,0,MC1
14.0,72.0,0.03,2.0,18.0,0.35,204.0,2123.52,0,MC1
1.0,14.0,0.07,0.0,6.0,0.07,61.0,161.79,0,MC1
1.0,14.0,0.07,0.0,6.0,0.07,61.0,161.79,0,MC1
2.0,8.0,0.08,0.0,11.0,0.04,30.0,80.58,0,MC1
2.0,8.0,0.08,0.0,11.0,0.04,30.0,80.58,0,MC1
4.0,16.0,0.05,0.0,14.0,0.07,48.0,206.17,0,MC1
4.0,16.0,0.05,0.0,14.0,0.07,48.0,206.17,0,MC1
14.0,91.0,0.04,1.0,18.0,0.32,178.0,1259.78,0,MC1
14.0,91.0,0.04,1.0,18.0,0.32,178.0,1259.78,0,MC1
8.0,37.0,0.04,0.0,19.0,0.17,102.0,693.82,0,MC1
8.0,37.0,0.04,0.0,19.0,0.17,102.0,693.82,0,MC1
1.0,5.0,0.42,0.0,4.0,0.02,15.0,6.34,0,MC1
1.0,5.0,0.42,0.0,4.0,0.02,15.0,6.34,0,MC1
1.0,0.0,0.67,0.0,3.0,0.0,4.0,0.67,0,MC1
1.0,0.0,0.67,0.0,3.0,0.0,4.0,0.67,0,MC1
1.0,0.0,0.67,0.0,3.0,0.0,4.0,0.67,0,MC1
1.0,0.0,0.67,0.0,3.0,0.0,4.0,0.67,0,MC1
1.0,0.0,0.67,0.0,3.0,0.0,4.0,0.67,0,MC1
1.0,0.0,0.67,0.0,3.0,0.0,4.0,0.67,0,MC1
1.0,0.0,0.67,0.0,3.0,0.0,4.0,0.67,0,MC1
1.0,0.0,0.67,0.0,3.0,0.0,4.0,0.67,0,MC1
1.0,0.0,0.67,0.0,3.0,0.0,4.0,0.67,0,MC1
1.0,0.0,0.67,0.0,3.0,0.0,4.0,0.67,0,MC1
1.0,0.0,0.67,0.0,3.0,0.0,4.0,0.67,0,MC1
1.0,0.0,0.67,0.0,3.0,0.0,4.0,0.67,0,MC1
1.0,0.0,0.67,0.0,3.0,0.0,5.0,0.97,0,MC1
1.0,0.0,0.67,0.0,3.0,0.0,5.0,0.97,0,MC1
1.0,0.0,0.67,0.0,3.0,0.0,5.0,0.97,0,MC1
1.0,0.0,0.67,0.0,3.0,0.0,5.0,0.97,0,MC1
1.0,0.0,0.67,0.0,3.0,0.0,5.0,0.97,0,MC1
1.0,0.0,0.67,0.0,3.0,0.0,5.0,0.97,0,MC1
1.0,0.0,0.38,0.0,4.0,0.01,9.0,3.74,0,MC1
1.0,0.0,0.67,0.0,3.0,0.0,5.0,0.97,0,MC1
1.0,0.0,0.67,0.0,3.0,0.0,4.0,0.67,0,MC1
1.0,10.0,0.13,0.0,8.0,0.11,69.0,136.21,0,MC1
1.0,4.0,0.23,0.0,8.0,0.04,29.0,30.17,0,MC1
1.0,5.0,0.23,0.0,8.0,0.05,35.0,37.53,0,MC1
1.0,4.0,0.23,0.0,8.0,0.03,23.0,23.44,0,MC1
1.0,4.0,0.23,0.0,8.0,0.03,23.0,23.44,0,MC1
1.0,4.0,0.23,0.0,8.0,0.03,23.0,23.44,0,MC1
1.0,5.0,0.23,0.0,8.0,0.04,29.0,30.48,0,MC1
1.0,4.0,0.23,0.0,8.0,0.04,29.0,30.17,0,MC1
1.0,4.0,0.18,0.0,9.0,0.04,28.0,35.77,0,MC1
1.0,4.0,0.23,0.0,8.0,0.03,23.0,23.44,0,MC1
1.0,5.0,0.23,0.0,8.0,0.04,29.0,30.48,0,MC1
1.0,4.0,0.23,0.0,8.0,0.03,23.0,23.44,0,MC1
1.0,11.0,0.11,0.0,9.0,0.14,91.0,207.58,0,MC1
1.0,11.0,0.11,0.0,9.0,0.14,91.0,207.58,0,MC1
1.0,8.0,0.12,0.0,9.0,0.09,62.0,124.82,0,MC1
1.0,11.0,0.11,0.0,9.0,0.13,83.0,186.7,0,MC1
1.0,14.0,0.07,0.0,11.0,0.18,111.0,402.83,0,MC1
1.0,11.0,0.07,0.0,13.0,0.13,81.0,317.9,0,MC1
1.0,12.0,0.07,0.0,11.0,0.14,89.0,306.7,0,MC1
1.0,9.0,0.08,0.0,13.0,0.09,59.0,184.88,0,MC1
1.0,7.0,0.15,0.0,9.0,0.06,39.0,62.13,0,MC1
1.0,7.0,0.15,0.0,9.0,0.06,39.0,62.13,0,MC1
1.0,9.0,0.1,0.0,11.0,0.08,52.0,135.27,0,MC1
1.0,9.0,0.1,0.0,11.0,0.08,52.0,135.27,0,MC1
1.0,7.0,0.15,0.0,9.0,0.06,39.0,62.13,0,MC1
31.0,150.0,0.01,2.0,51.0,3.18,1337.0,70619.62,0,MC1
34.0,218.0,0.01,4.0,52.0,2.4,946.0,30276.98,0,MC1
1.0,3.0,0.38,0.0,4.0,0.01,11.0,4.57,0,MC1
2.0,14.0,0.08,2.0,14.0,0.17,98.0,353.73,0,MC1
1.0,3.0,0.38,0.0,4.0,0.01,11.0,4.57,0,MC1
1.0,3.0,0.38,0.0,4.0,0.01,11.0,4.57,0,MC1
1.0,6.0,0.16,0.0,9.0,0.05,38.0,56.5,0,MC1
1.0,6.0,0.14,0.0,9.0,0.05,38.0,61.62,0,MC1
1.0,6.0,0.14,0.0,9.0,0.05,38.0,61.62,0,MC1
1.0,6.0,0.19,1.0,6.0,0.03,28.0,29.6,0,MC1
1.0,6.0,0.14,0.0,9.0,0.05,38.0,61.62,0,MC1
1.0,8.0,0.12,0.0,9.0,0.09,60.0,120.79,0,MC1
1.0,8.0,0.12,0.0,9.0,0.09,60.0,120.79,0,MC1
1.0,9.0,0.12,0.0,9.0,0.1,67.0,135.3,0,MC1
1.0,3.0,0.38,0.0,4.0,0.01,11.0,4.57,0,MC1
1.0,10.0,0.09,1.0,13.0,0.14,85.0,261.89,0,MC1
1.0,7.0,0.14,0.0,9.0,0.06,45.0,75.14,0,MC1
1.0,8.0,0.12,0.0,9.0,0.09,60.0,120.79,0,MC1
1.0,8.0,0.12,0.0,9.0,0.09,60.0,120.79,0,MC1
1.0,6.0,0.14,0.0,9.0,0.05,38.0,61.62,0,MC1
1.0,3.0,0.38,0.0,4.0,0.01,11.0,4.57,0,MC1
1.0,6.0,0.22,0.0,6.0,0.04,28.0,26.65,0,MC1
1.0,6.0,0.22,0.0,6.0,0.04,28.0,26.65,0,MC1
1.0,6.0,0.22,0.0,6.0,0.04,28.0,26.65,0,MC1
1.0,8.0,0.12,0.0,9.0,0.07,50.0,98.23,0,MC1
1.0,6.0,0.16,0.0,9.0,0.05,38.0,56.5,0,MC1
1.0,6.0,0.22,0.0,6.0,0.04,28.0,26.65,0,MC1
1.0,16.0,0.1,0.0,8.0,0.2,122.0,338.63,0,MC1
1.0,3.0,0.38,0.0,4.0,0.01,11.0,4.57,0,MC1
1.0,7.0,0.15,0.0,9.0,0.06,39.0,62.13,0,MC1
1.0,10.0,0.13,0.0,9.0,0.11,74.0,150.34,0,MC1
1.0,8.0,0.12,0.0,9.0,0.09,62.0,124.82,0,MC1
1.0,9.0,0.12,0.0,9.0,0.1,68.0,137.32,0,MC1
1.0,9.0,0.13,0.0,9.0,0.09,59.0,114.38,0,MC1
1.0,10.0,0.13,0.0,9.0,0.11,74.0,150.34,0,MC1
1.0,8.0,0.12,0.0,9.0,0.09,62.0,124.82,0,MC1
1.0,9.0,0.12,0.0,9.0,0.1,68.0,137.32,0,MC1
1.0,9.0,0.13,0.0,9.0,0.09,61.0,120.32,0,MC1
1.0,7.0,0.15,0.0,9.0,0.06,39.0,62.13,0,MC1
1.0,7.0,0.15,0.0,9.0,0.06,39.0,62.13,0,MC1
1.0,7.0,0.15,0.0,9.0,0.06,39.0,62.13,0,MC1
1.0,7.0,0.15,0.0,9.0,0.06,39.0,62.13,0,MC1
1.0,7.0,0.15,0.0,9.0,0.06,39.0,62.13,0,MC1
1.0,3.0,0.38,1.0,4.0,0.01,11.0,4.57,0,MC1
1.0,7.0,0.15,0.0,9.0,0.06,39.0,62.13,0,MC1
1.0,10.0,0.08,0.0,11.0,0.1,67.0,215.79,0,MC1
1.0,10.0,0.09,0.0,11.0,0.09,57.0,157.57,0,MC1
1.0,10.0,0.09,0.0,11.0,0.09,57.0,157.57,0,MC1
1.0,10.0,0.09,0.0,11.0,0.09,57.0,157.57,0,MC1
1.0,10.0,0.09,0.0,11.0,0.09,57.0,157.57,0,MC1
2.0,10.0,0.07,0.0,14.0,0.13,82.0,309.83,0,MC1
1.0,13.0,0.07,0.0,13.0,0.16,95.0,358.8,0,MC1
1.0,18.0,0.06,0.0,13.0,0.25,146.0,652.3,0,MC1
1.0,18.0,0.06,0.0,13.0,0.25,146.0,652.3,0,MC1
1.0,16.0,0.07,0.0,13.0,0.21,121.0,471.44,0,MC1
1.0,14.0,0.08,0.0,13.0,0.17,99.0,360.67,0,MC1
1.0,11.0,0.08,0.0,13.0,0.11,70.0,234.94,0,MC1
1.0,14.0,0.11,0.0,9.0,0.18,112.0,285.65,0,MC1
1.0,14.0,0.08,0.0,11.0,0.17,100.0,325.46,0,MC1
2.0,13.0,0.06,0.0,15.0,0.14,84.0,379.31,0,MC1
2.0,17.0,0.06,0.0,15.0,0.22,125.0,619.38,0,MC1
1.0,13.0,0.08,0.0,11.0,0.15,93.0,306.77,0,MC1
3.0,12.0,0.05,0.0,17.0,0.14,83.0,444.2,0,MC1
1.0,9.0,0.1,0.0,11.0,0.08,52.0,135.27,0,MC1
1.0,9.0,0.1,0.0,11.0,0.08,52.0,135.27,0,MC1
1.0,8.0,0.15,0.0,9.0,0.07,46.0,75.77,0,MC1
1.0,10.0,0.09,0.0,11.0,0.09,59.0,163.1,0,MC1
1.0,9.0,0.1,0.0,11.0,0.08,52.0,135.27,0,MC1
1.0,11.0,0.08,0.0,13.0,0.11,70.0,234.94,0,MC1
1.0,9.0,0.1,0.0,11.0,0.08,52.0,135.27,0,MC1
1.0,9.0,0.1,0.0,11.0,0.08,52.0,135.27,0,MC1
1.0,9.0,0.1,0.0,11.0,0.08,52.0,135.27,0,MC1
1.0,9.0,0.1,0.0,11.0,0.08,52.0,135.27,0,MC1
1.0,9.0,0.1,0.0,11.0,0.08,52.0,135.27,0,MC1
1.0,13.0,0.08,0.0,11.0,0.15,93.0,306.77,0,MC1
1.0,7.0,0.15,0.0,9.0,0.06,39.0,62.13,0,MC1
1.0,12.0,0.09,0.0,11.0,0.13,81.0,248.18,0,MC1
1.0,15.0,0.08,4.0,10.0,0.17,109.0,355.8,0,MC1
1.0,10.0,0.09,0.0,11.0,0.09,61.0,164.34,0,MC1
2.0,12.0,0.07,0.0,12.0,0.13,83.0,298.18,0,MC1
1.0,11.0,0.08,0.0,13.0,0.11,71.0,225.75,0,MC1
1.0,11.0,0.08,0.0,13.0,0.11,71.0,225.75,0,MC1
1.0,7.0,0.15,0.0,9.0,0.06,39.0,62.13,0,MC1
1.0,7.0,0.15,0.0,9.0,0.06,39.0,62.13,0,MC1
1.0,7.0,0.15,0.0,9.0,0.06,39.0,62.13,0,MC1
1.0,9.0,0.1,0.0,11.0,0.08,52.0,135.27,0,MC1
2.0,7.0,0.16,0.0,8.0,0.04,27.0,36.84,0,MC1
1.0,6.0,0.22,0.0,6.0,0.04,28.0,26.65,0,MC1
3.0,11.0,0.11,1.0,14.0,0.1,60.0,159.58,0,MC1
1.0,6.0,0.19,0.0,7.0,0.04,29.0,33.05,0,MC1
1.0,6.0,0.19,0.0,7.0,0.04,29.0,33.05,0,MC1
4.0,8.0,0.19,0.0,6.0,0.03,27.0,28.55,0,MC1
4.0,8.0,0.19,0.0,6.0,0.03,27.0,28.55,0,MC1
1.0,0.0,0.67,0.0,3.0,0.0,5.0,0.97,0,MC1
1.0,0.0,0.67,0.0,3.0,0.0,5.0,0.97,0,MC1
1.0,39.0,0.06,0.0,19.0,0.33,166.0,876.11,0,MC1
1.0,39.0,0.06,0.0,19.0,0.33,166.0,876.11,0,MC1
2.0,17.0,0.15,0.0,10.0,0.12,70.0,131.65,0,MC1
2.0,17.0,0.15,0.0,10.0,0.12,70.0,131.65,0,MC1
1.0,0.0,0.67,0.0,3.0,0.0,5.0,0.97,0,MC1
1.0,0.0,0.67,0.0,3.0,0.0,5.0,0.97,0,MC1
9.0,36.0,0.05,0.0,20.0,0.27,142.0,899.4,0,MC1
2.0,5.0,0.28,0.0,6.0,0.02,15.0,10.38,0,MC1
2.0,5.0,0.28,0.0,6.0,0.02,15.0,10.38,0,MC1
2.0,5.0,0.28,0.0,6.0,0.02,15.0,10.38,0,MC1
1.0,0.0,0.67,0.0,3.0,0.0,4.0,0.67,0,MC1
1.0,0.0,0.67,0.0,3.0,0.0,4.0,0.67,0,MC1
2.0,4.0,0.27,0.0,6.0,0.01,13.0,9.0,0,MC1
2.0,4.0,0.27,0.0,6.0,0.01,13.0,9.0,0,MC1
1.0,0.0,0.0,0.0,1.0,0.0,1.0,0.0,0,MC1
1.0,0.0,0.0,0.0,1.0,0.0,1.0,0.0,0,MC1
1.0,12.0,0.28,6.0,6.0,0.07,47.0,44.04,0,MC1
1.0,12.0,0.28,6.0,6.0,0.07,47.0,44.04,0,MC1
1.0,12.0,0.28,6.0,6.0,0.07,47.0,44.04,0,MC1
1.0,6.0,0.2,1.0,7.0,0.03,21.0,22.21,0,MC1
1.0,6.0,0.2,1.0,7.0,0.03,21.0,22.21,0,MC1
1.0,6.0,0.2,1.0,7.0,0.03,21.0,22.21,0,MC1
1.0,6.0,0.2,1.0,7.0,0.03,21.0,22.21,0,MC1
1.0,6.0,0.2,1.0,7.0,0.03,21.0,22.21,0,MC1
1.0,6.0,0.2,1.0,7.0,0.03,21.0,22.21,0,MC1
1.0,3.0,0.5,1.0,4.0,0.01,8.0,2.5,0,MC1
1.0,0.0,0.67,0.0,3.0,0.0,4.0,0.67,0,MC1
1.0,0.0,0.67,0.0,3.0,0.0,4.0,0.67,0,MC1
1.0,0.0,0.67,0.0,3.0,0.0,4.0,0.67,0,MC1
1.0,2.0,0.67,0.0,3.0,0.0,5.0,0.97,0,MC1
1.0,3.0,0.5,0.0,4.0,0.01,8.0,2.5,0,MC1
1.0,3.0,0.5,0.0,4.0,0.01,8.0,2.5,0,MC1
1.0,4.0,0.14,0.0,8.0,0.02,20.0,27.88,0,MC1
2.0,4.0,0.14,0.0,11.0,0.05,35.0,61.07,0,MC1
2.0,8.0,0.1,0.0,13.0,0.08,52.0,138.07,0,MC1
7.0,55.0,0.03,1.0,22.0,0.33,184.0,2232.3,0,MC1
1.0,0.0,0.15,0.0,8.0,0.02,16.0,20.5,0,MC1
3.0,23.0,0.05,0.0,17.0,0.13,80.0,441.16,0,MC1
1.0,0.0,0.13,0.0,9.0,0.02,18.0,26.89,0,MC1
3.0,19.0,0.09,0.0,12.0,0.07,46.0,126.11,0,MC1
2.0,12.0,0.11,0.0,11.0,0.04,31.0,65.39,0,MC1
5.0,12.0,0.06,0.0,13.0,0.1,63.0,265.51,0,MC1
1.0,4.0,0.38,0.0,4.0,0.01,9.0,3.74,0,MC1
3.0,13.0,0.14,0.0,9.0,0.04,29.0,45.57,0,MC1
3.0,13.0,0.13,0.0,10.0,0.04,31.0,53.86,0,MC1
2.0,4.0,0.15,0.0,8.0,0.03,21.0,29.61,0,MC1
1.0,0.0,0.33,0.0,6.0,0.01,7.0,3.28,0,MC1
2.0,0.0,0.13,0.0,9.0,0.02,14.0,20.91,0,MC1
1.0,0.0,0.4,0.0,5.0,0.01,7.0,2.73,0,MC1
2.0,0.0,0.2,0.0,8.0,0.02,13.0,12.95,0,MC1
1.0,6.0,0.2,0.0,7.0,0.03,23.0,24.32,0,MC1
2.0,0.0,0.5,0.0,4.0,0.01,6.0,1.72,0,MC1
2.0,0.0,0.4,0.0,5.0,0.01,7.0,2.73,0,MC1
4.0,11.0,0.06,0.0,14.0,0.07,45.0,175.69,0,MC1
2.0,3.0,0.25,0.0,8.0,0.02,15.0,12.69,0,MC1
1.0,0.0,0.0,0.0,1.0,0.0,1.0,0.0,0,MC1
1.0,2.0,0.5,0.0,4.0,0.01,9.0,3.0,0,MC1
1.0,0.0,0.5,0.0,4.0,0.01,6.0,1.72,0,MC1
1.0,0.0,0.5,0.0,4.0,0.01,6.0,1.72,0,MC1
1.0,0.0,0.5,0.0,4.0,0.01,6.0,1.72,0,MC1
1.0,0.0,0.67,0.0,3.0,0.0,5.0,0.97,0,MC1
1.0,1.0,0.67,0.0,3.0,0.0,5.0,0.97,0,MC1
1.0,0.0,0.5,0.0,4.0,0.0,5.0,1.29,0,MC1
1.0,2.0,0.5,0.0,4.0,0.01,6.0,1.72,0,MC1
1.0,1.0,0.0,0.0,1.0,0.0,1.0,0.0,0,MC1
1.0,2.0,0.5,0.0,4.0,0.01,6.0,1.72,0,MC1
1.0,0.0,0.4,0.0,5.0,0.01,9.0,3.23,0,MC1
1.0,0.0,0.5,0.0,4.0,0.01,6.0,1.72,0,MC1
1.0,0.0,0.21,0.0,7.0,0.02,15.0,12.92,0,MC1
3.0,7.0,0.08,0.0,14.0,0.05,35.0,113.81,0,MC1
2.0,5.0,0.24,0.0,7.0,0.02,19.0,15.95,0,MC1
2.0,4.0,0.18,0.0,9.0,0.02,17.0,19.66,0,MC1
1.0,0.0,0.0,0.0,0.0,0.0,0.0,0.0,0,MC1
1.0,0.0,0.4,0.0,5.0,0.01,6.0,2.15,0,MC1
1.0,0.0,0.29,0.0,7.0,0.01,12.0,8.07,0,MC1
1.0,0.0,0.0,0.0,0.0,0.0,0.0,0.0,0,MC1
1.0,0.0,0.0,0.0,0.0,0.0,0.0,0.0,0,MC1
1.0,0.0,0.0,0.0,0.0,0.0,0.0,0.0,0,MC1
1.0,0.0,0.0,0.0,0.0,0.0,0.0,0.0,0,MC1
2.0,0.0,0.0,0.0,0.0,0.0,0.0,0.0,0,MC1
1.0,0.0,0.0,0.0,0.0,0.0,0.0,0.0,0,MC1
1.0,0.0,0.0,0.0,0.0,0.0,0.0,0.0,0,MC1
1.0,0.0,0.22,0.0,6.0,0.01,11.0,8.25,0,MC1
2.0,8.0,0.1,0.0,12.0,0.05,34.0,79.6,0,MC1
1.0,0.0,0.4,0.0,5.0,0.01,8.0,3.33,0,MC1
1.0,0.0,0.5,0.0,4.0,0.01,6.0,1.72,0,MC1
1.0,0.0,0.29,0.0,7.0,0.01,8.0,4.67,0,MC1
1.0,0.0,0.5,0.0,4.0,0.01,6.0,1.72,0,MC1
1.0,2.0,0.4,0.0,5.0,0.01,6.0,2.15,0,MC1
1.0,0.0,0.17,0.0,8.0,0.02,15.0,16.61,0,MC1
1.0,0.0,0.17,0.0,8.0,0.02,15.0,16.61,0,MC1
1.0,0.0,0.17,0.0,8.0,0.02,15.0,16.61,0,MC1
1.0,0.0,0.5,0.0,4.0,0.01,6.0,1.72,0,MC1
1.0,0.0,0.5,0.0,4.0,0.01,6.0,1.72,0,MC1
1.0,2.0,0.5,0.0,4.0,0.0,5.0,1.29,0,MC1
1.0,2.0,0.67,0.0,3.0,0.0,4.0,0.67,0,MC1
1.0,0.0,0.5,0.0,4.0,0.01,6.0,1.72,0,MC1
1.0,0.0,0.5,0.0,4.0,0.01,6.0,1.72,0,MC1
2.0,0.0,0.5,0.0,4.0,0.01,6.0,1.72,0,MC1
1.0,0.0,0.5,0.0,4.0,0.0,5.0,1.29,0,MC1
2.0,0.0,0.5,0.0,4.0,0.01,6.0,1.72,0,MC1
1.0,0.0,0.33,0.0,6.0,0.01,11.0,6.09,0,MC1
1.0,0.0,0.5,0.0,4.0,0.01,6.0,1.72,0,MC1
1.0,0.0,0.5,0.0,4.0,0.01,6.0,1.72,0,MC1
1.0,2.0,0.5,0.0,4.0,0.0,5.0,1.29,0,MC1
1.0,2.0,0.67,0.0,3.0,0.0,4.0,0.67,0,MC1
1.0,2.0,0.67,0.0,3.0,0.0,4.0,0.67,0,MC1
1.0,6.0,0.09,0.0,9.0,0.03,28.0,64.76,0,MC1
1.0,3.0,0.27,0.0,5.0,0.01,11.0,7.26,0,MC1
3.0,13.0,0.05,0.0,15.0,0.09,58.0,277.12,0,MC1
1.0,2.0,0.67,0.0,3.0,0.0,4.0,0.67,0,MC1
1.0,2.0,0.67,0.0,3.0,0.0,5.0,0.97,0,MC1
3.0,5.0,0.15,0.0,10.0,0.03,21.0,31.11,0,MC1
1.0,2.0,0.67,0.0,3.0,0.0,5.0,0.97,0,MC1
1.0,3.0,0.33,0.0,6.0,0.01,9.0,4.75,0,MC1
2.0,5.0,0.29,0.0,7.0,0.02,15.0,10.46,0,MC1
2.0,4.0,0.18,0.0,7.0,0.02,17.0,18.96,0,MC1
1.0,0.0,0.67,0.0,3.0,0.0,5.0,0.97,0,MC1
1.0,0.0,0.4,0.0,5.0,0.01,10.0,4.4,0,MC1
1.0,0.0,0.67,0.0,3.0,0.0,5.0,0.97,0,MC1
1.0,0.0,0.5,0.0,4.0,0.01,6.0,1.72,0,MC1
1.0,0.0,0.5,0.0,4.0,0.01,6.0,1.72,0,MC1
1.0,0.0,0.5,0.0,4.0,0.01,6.0,1.72,0,MC1
1.0,0.0,0.5,0.0,4.0,0.01,6.0,1.72,0,MC1
1.0,0.0,0.5,0.0,4.0,0.01,6.0,1.72,0,MC1
1.0,0.0,0.5,0.0,4.0,0.0,5.0,1.29,0,MC1
1.0,0.0,0.5,0.0,4.0,0.01,6.0,1.72,0,MC1
1.0,2.0,0.4,0.0,5.0,0.01,8.0,3.12,0,MC1
1.0,2.0,0.67,0.0,3.0,0.0,4.0,0.67,0,MC1
1.0,0.0,0.67,0.0,3.0,0.0,4.0,0.67,0,MC1
1.0,2.0,0.67,0.0,3.0,0.0,4.0,0.67,0,MC1
1.0,2.0,0.67,0.0,3.0,0.0,4.0,0.67,0,MC1
1.0,3.0,0.4,0.0,5.0,0.01,10.0,4.17,0,MC1
1.0,0.0,0.4,0.0,5.0,0.01,7.0,2.73,0,MC1
1.0,0.0,0.33,0.0,6.0,0.01,7.0,3.28,0,MC1
1.0,0.0,0.33,0.0,6.0,0.01,7.0,3.28,0,MC1
1.0,2.0,0.4,0.0,5.0,0.01,8.0,3.12,0,MC1
1.0,2.0,0.67,0.0,3.0,0.0,4.0,0.67,0,MC1
1.0,0.0,0.67,0.0,3.0,0.0,4.0,0.67,0,MC1
1.0,2.0,0.67,0.0,3.0,0.0,4.0,0.67,0,MC1
1.0,2.0,0.67,0.0,3.0,0.0,4.0,0.67,0,MC1
1.0,0.0,0.67,0.0,3.0,0.0,4.0,0.67,0,MC1
1.0,0.0,0.67,0.0,3.0,0.0,4.0,0.67,0,MC1
1.0,0.0,0.5,0.0,4.0,0.01,6.0,1.72,0,MC1
1.0,2.0,0.4,0.0,5.0,0.01,6.0,2.15,0,MC1
1.0,0.0,0.33,0.0,6.0,0.01,9.0,4.5,0,MC1
1.0,0.0,0.17,0.0,8.0,0.02,15.0,16.61,0,MC1
1.0,2.0,0.67,0.0,3.0,0.0,4.0,0.67,0,MC1
1.0,0.0,0.33,0.0,6.0,0.01,9.0,4.75,0,MC1
1.0,0.0,0.33,0.0,6.0,0.01,9.0,4.75,0,MC1
1.0,0.0,0.33,0.0,6.0,0.01,9.0,4.75,0,MC1
1.0,0.0,0.33,0.0,6.0,0.01,9.0,4.75,0,MC1
2.0,4.0,0.17,0.0,10.0,0.03,21.0,27.35,0,MC1
1.0,2.0,0.25,0.0,8.0,0.01,12.0,8.86,0,MC1
1.0,2.0,0.4,0.0,5.0,0.01,7.0,2.73,0,MC1
1.0,2.0,0.4,0.0,5.0,0.01,6.0,2.15,0,MC1
3.0,6.0,0.14,0.0,8.0,0.02,19.0,28.12,0,MC1
1.0,0.0,0.67,0.0,3.0,0.0,4.0,0.67,0,MC1
2.0,4.0,0.27,0.0,6.0,0.01,13.0,9.0,0,MC1
1.0,0.0,0.0,0.0,1.0,0.0,1.0,0.0,0,MC1
2.0,3.0,0.24,0.0,6.0,0.01,13.0,10.49,0,MC1
1.0,2.0,0.67,0.0,3.0,0.0,5.0,0.97,0,MC1
2.0,8.0,0.19,0.0,6.0,0.04,28.0,31.09,0,MC1
1.0,4.0,0.14,0.0,8.0,0.02,20.0,27.88,0,MC1
2.0,4.0,0.14,0.0,11.0,0.05,35.0,61.07,0,MC1
2.0,8.0,0.1,0.0,13.0,0.08,52.0,138.07,0,MC1
7.0,55.0,0.03,1.0,22.0,0.33,184.0,2232.3,0,MC1
1.0,0.0,0.15,0.0,8.0,0.02,16.0,20.5,0,MC1
3.0,23.0,0.05,0.0,17.0,0.13,80.0,441.16,0,MC1
1.0,0.0,0.13,0.0,9.0,0.02,18.0,26.89,0,MC1
3.0,19.0,0.09,0.0,12.0,0.07,46.0,126.11,0,MC1
2.0,12.0,0.11,0.0,11.0,0.04,31.0,65.39,0,MC1
5.0,12.0,0.06,0.0,13.0,0.1,63.0,265.51,0,MC1
1.0,4.0,0.38,0.0,4.0,0.01,9.0,3.74,0,MC1
3.0,13.0,0.14,0.0,9.0,0.04,29.0,45.57,0,MC1
3.0,13.0,0.13,0.0,10.0,0.04,31.0,53.86,0,MC1
2.0,4.0,0.15,0.0,8.0,0.03,21.0,29.61,0,MC1
1.0,0.0,0.33,0.0,6.0,0.01,7.0,3.28,0,MC1
2.0,0.0,0.13,0.0,9.0,0.02,14.0,20.91,0,MC1
1.0,0.0,0.4,0.0,5.0,0.01,7.0,2.73,0,MC1
2.0,0.0,0.2,0.0,8.0,0.02,13.0,12.95,0,MC1
1.0,6.0,0.2,0.0,7.0,0.03,23.0,24.32,0,MC1
2.0,0.0,0.5,0.0,4.0,0.01,6.0,1.72,0,MC1
2.0,0.0,0.4,0.0,5.0,0.01,7.0,2.73,0,MC1
4.0,11.0,0.06,0.0,14.0,0.07,45.0,175.69,0,MC1
2.0,3.0,0.25,0.0,8.0,0.02,15.0,12.69,0,MC1
1.0,0.0,0.0,0.0,1.0,0.0,1.0,0.0,0,MC1
1.0,2.0,0.5,0.0,4.0,0.01,9.0,3.0,0,MC1
1.0,0.0,0.5,0.0,4.0,0.01,6.0,1.72,0,MC1
1.0,0.0,0.5,0.0,4.0,0.01,6.0,1.72,0,MC1
1.0,0.0,0.5,0.0,4.0,0.01,6.0,1.72,0,MC1
1.0,0.0,0.67,0.0,3.0,0.0,5.0,0.97,0,MC1
1.0,1.0,0.67,0.0,3.0,0.0,5.0,0.97,0,MC1
1.0,0.0,0.5,0.0,4.0,0.0,5.0,1.29,0,MC1
1.0,2.0,0.5,0.0,4.0,0.01,6.0,1.72,0,MC1
1.0,1.0,0.0,0.0,1.0,0.0,1.0,0.0,0,MC1
1.0,2.0,0.5,0.0,4.0,0.01,6.0,1.72,0,MC1
1.0,0.0,0.4,0.0,5.0,0.01,9.0,3.23,0,MC1
1.0,0.0,0.5,0.0,4.0,0.01,6.0,1.72,0,MC1
1.0,0.0,0.21,0.0,7.0,0.02,15.0,12.92,0,MC1
3.0,7.0,0.08,0.0,14.0,0.05,35.0,113.81,0,MC1
2.0,5.0,0.24,0.0,7.0,0.02,19.0,15.95,0,MC1
2.0,4.0,0.18,0.0,9.0,0.02,17.0,19.66,0,MC1
1.0,0.0,0.0,0.0,0.0,0.0,0.0,0.0,0,MC1
1.0,0.0,0.4,0.0,5.0,0.01,6.0,2.15,0,MC1
1.0,0.0,0.29,0.0,7.0,0.01,12.0,8.07,0,MC1
1.0,0.0,0.0,0.0,0.0,0.0,0.0,0.0,0,MC1
1.0,0.0,0.0,0.0,0.0,0.0,0.0,0.0,0,MC1
1.0,0.0,0.0,0.0,0.0,0.0,0.0,0.0,0,MC1
1.0,0.0,0.0,0.0,0.0,0.0,0.0,0.0,0,MC1
2.0,0.0,0.0,0.0,0.0,0.0,0.0,0.0,0,MC1
1.0,0.0,0.0,0.0,0.0,0.0,0.0,0.0,0,MC1
1.0,0.0,0.0,0.0,0.0,0.0,0.0,0.0,0,MC1
1.0,0.0,0.22,0.0,6.0,0.01,11.0,8.25,0,MC1
2.0,8.0,0.1,0.0,12.0,0.05,34.0,79.6,0,MC1
1.0,0.0,0.4,0.0,5.0,0.01,8.0,3.33,0,MC1
1.0,0.0,0.5,0.0,4.0,0.01,6.0,1.72,0,MC1
1.0,0.0,0.29,0.0,7.0,0.01,8.0,4.67,0,MC1
1.0,0.0,0.5,0.0,4.0,0.01,6.0,1.72,0,MC1
1.0,0.0,0.17,0.0,8.0,0.02,15.0,16.61,0,MC1
1.0,0.0,0.17,0.0,8.0,0.02,15.0,16.61,0,MC1
1.0,0.0,0.17,0.0,8.0,0.02,15.0,16.61,0,MC1
1.0,0.0,0.5,0.0,4.0,0.01,6.0,1.72,0,MC1
1.0,0.0,0.5,0.0,4.0,0.01,6.0,1.72,0,MC1
1.0,0.0,0.5,0.0,4.0,0.01,6.0,1.72,0,MC1
1.0,0.0,0.5,0.0,4.0,0.01,6.0,1.72,0,MC1
2.0,0.0,0.5,0.0,4.0,0.01,6.0,1.72,0,MC1
1.0,0.0,0.5,0.0,4.0,0.0,5.0,1.29,0,MC1
2.0,0.0,0.5,0.0,4.0,0.01,6.0,1.72,0,MC1
1.0,0.0,0.33,0.0,6.0,0.01,11.0,6.09,0,MC1
1.0,0.0,0.5,0.0,4.0,0.01,6.0,1.72,0,MC1
1.0,0.0,0.5,0.0,4.0,0.01,6.0,1.72,0,MC1
1.0,3.0,0.33,0.0,6.0,0.01,9.0,4.75,0,MC1
2.0,5.0,0.29,0.0,7.0,0.02,15.0,10.46,0,MC1
2.0,4.0,0.18,0.0,7.0,0.02,17.0,18.96,0,MC1
1.0,0.0,0.67,0.0,3.0,0.0,5.0,0.97,0,MC1
1.0,0.0,0.4,0.0,5.0,0.01,10.0,4.4,0,MC1
1.0,0.0,0.67,0.0,3.0,0.0,5.0,0.97,0,MC1
1.0,0.0,0.5,0.0,4.0,0.01,6.0,1.72,0,MC1
1.0,0.0,0.5,0.0,4.0,0.01,6.0,1.72,0,MC1
1.0,0.0,0.5,0.0,4.0,0.01,6.0,1.72,0,MC1
1.0,0.0,0.5,0.0,4.0,0.01,6.0,1.72,0,MC1
1.0,0.0,0.5,0.0,4.0,0.01,6.0,1.72,0,MC1
1.0,0.0,0.5,0.0,4.0,0.0,5.0,1.29,0,MC1
1.0,0.0,0.5,0.0,4.0,0.01,6.0,1.72,0,MC1
1.0,2.0,0.4,0.0,5.0,0.01,8.0,3.12,0,MC1
1.0,2.0,0.67,0.0,3.0,0.0,4.0,0.67,0,MC1
1.0,0.0,0.67,0.0,3.0,0.0,4.0,0.67,0,MC1
1.0,2.0,0.67,0.0,3.0,0.0,4.0,0.67,0,MC1
1.0,2.0,0.67,0.0,3.0,0.0,4.0,0.67,0,MC1
1.0,3.0,0.4,0.0,5.0,0.01,10.0,4.17,0,MC1
1.0,0.0,0.4,0.0,5.0,0.01,7.0,2.73,0,MC1
1.0,0.0,0.33,0.0,6.0,0.01,7.0,3.28,0,MC1
1.0,0.0,0.33,0.0,6.0,0.01,7.0,3.28,0,MC1
1.0,2.0,0.4,0.0,5.0,0.01,8.0,3.12,0,MC1
1.0,2.0,0.67,0.0,3.0,0.0,4.0,0.67,0,MC1
1.0,0.0,0.67,0.0,3.0,0.0,4.0,0.67,0,MC1
1.0,2.0,0.67,0.0,3.0,0.0,4.0,0.67,0,MC1
1.0,2.0,0.67,0.0,3.0,0.0,4.0,0.67,0,MC1
1.0,0.0,0.67,0.0,3.0,0.0,4.0,0.67,0,MC1
1.0,0.0,0.67,0.0,3.0,0.0,4.0,0.67,0,MC1
1.0,0.0,0.5,0.0,4.0,0.01,6.0,1.72,0,MC1
1.0,0.0,0.33,0.0,6.0,0.01,9.0,4.5,0,MC1
1.0,0.0,0.17,0.0,8.0,0.02,15.0,16.61,0,MC1
1.0,0.0,0.33,0.0,6.0,0.01,9.0,4.75,0,MC1
1.0,0.0,0.33,0.0,6.0,0.01,9.0,4.75,0,MC1
1.0,0.0,0.33,0.0,6.0,0.01,9.0,4.75,0,MC1
1.0,0.0,0.33,0.0,6.0,0.01,9.0,4.75,0,MC1
2.0,4.0,0.17,0.0,10.0,0.03,21.0,27.35,0,MC1
1.0,4.0,0.14,0.0,8.0,0.02,20.0,27.88,0,MC1
2.0,4.0,0.14,0.0,11.0,0.05,35.0,61.07,0,MC1
2.0,8.0,0.1,0.0,13.0,0.08,52.0,138.07,0,MC1
7.0,55.0,0.03,1.0,22.0,0.33,184.0,2232.3,0,MC1
1.0,0.0,0.15,0.0,8.0,0.02,16.0,20.5,0,MC1
3.0,23.0,0.05,0.0,17.0,0.13,80.0,441.16,0,MC1
1.0,0.0,0.13,0.0,9.0,0.02,18.0,26.89,0,MC1
3.0,19.0,0.09,0.0,12.0,0.07,46.0,126.11,0,MC1
2.0,12.0,0.11,0.0,11.0,0.04,31.0,65.39,0,MC1
5.0,12.0,0.06,0.0,13.0,0.1,63.0,265.51,0,MC1
1.0,4.0,0.38,0.0,4.0,0.01,9.0,3.74,0,MC1
3.0,13.0,0.14,0.0,9.0,0.04,29.0,45.57,0,MC1
3.0,13.0,0.13,0.0,10.0,0.04,31.0,53.86,0,MC1
2.0,4.0,0.15,0.0,8.0,0.03,21.0,29.61,0,MC1
1.0,0.0,0.33,0.0,6.0,0.01,7.0,3.28,0,MC1
2.0,0.0,0.13,0.0,9.0,0.02,14.0,20.91,0,MC1
1.0,0.0,0.4,0.0,5.0,0.01,7.0,2.73,0,MC1
2.0,0.0,0.2,0.0,8.0,0.02,13.0,12.95,0,MC1
1.0,6.0,0.2,0.0,7.0,0.03,23.0,24.32,0,MC1
2.0,0.0,0.5,0.0,4.0,0.01,6.0,1.72,0,MC1
2.0,0.0,0.4,0.0,5.0,0.01,7.0,2.73,0,MC1
4.0,11.0,0.06,0.0,14.0,0.07,45.0,175.69,0,MC1
2.0,3.0,0.25,0.0,8.0,0.02,15.0,12.69,0,MC1
1.0,0.0,0.0,0.0,1.0,0.0,1.0,0.0,0,MC1
1.0,2.0,0.5,0.0,4.0,0.01,9.0,3.0,0,MC1
1.0,0.0,0.5,0.0,4.0,0.01,6.0,1.72,0,MC1
1.0,0.0,0.5,0.0,4.0,0.01,6.0,1.72,0,MC1
1.0,0.0,0.5,0.0,4.0,0.01,6.0,1.72,0,MC1
1.0,0.0,0.67,0.0,3.0,0.0,5.0,0.97,0,MC1
1.0,1.0,0.67,0.0,3.0,0.0,5.0,0.97,0,MC1
1.0,0.0,0.5,0.0,4.0,0.0,5.0,1.29,0,MC1
1.0,2.0,0.5,0.0,4.0,0.01,6.0,1.72,0,MC1
1.0,1.0,0.0,0.0,1.0,0.0,1.0,0.0,0,MC1
1.0,2.0,0.5,0.0,4.0,0.01,6.0,1.72,0,MC1
1.0,0.0,0.4,0.0,5.0,0.01,9.0,3.23,0,MC1
1.0,0.0,0.5,0.0,4.0,0.01,6.0,1.72,0,MC1
1.0,0.0,0.21,0.0,7.0,0.02,15.0,12.92,0,MC1
3.0,7.0,0.08,0.0,14.0,0.05,35.0,113.81,0,MC1
2.0,5.0,0.24,0.0,7.0,0.02,19.0,15.95,0,MC1
2.0,4.0,0.18,0.0,9.0,0.02,17.0,19.66,0,MC1
1.0,0.0,0.0,0.0,0.0,0.0,0.0,0.0,0,MC1
1.0,0.0,0.4,0.0,5.0,0.01,6.0,2.15,0,MC1
1.0,0.0,0.29,0.0,7.0,0.01,12.0,8.07,0,MC1
1.0,0.0,0.0,0.0,0.0,0.0,0.0,0.0,0,MC1
1.0,0.0,0.0,0.0,0.0,0.0,0.0,0.0,0,MC1
1.0,0.0,0.0,0.0,0.0,0.0,0.0,0.0,0,MC1
1.0,0.0,0.0,0.0,0.0,0.0,0.0,0.0,0,MC1
2.0,0.0,0.0,0.0,0.0,0.0,0.0,0.0,0,MC1
1.0,0.0,0.0,0.0,0.0,0.0,0.0,0.0,0,MC1
1.0,0.0,0.0,0.0,0.0,0.0,0.0,0.0,0,MC1
1.0,0.0,0.22,0.0,6.0,0.01,11.0,8.25,0,MC1
2.0,8.0,0.1,0.0,12.0,0.05,34.0,79.6,0,MC1
1.0,0.0,0.4,0.0,5.0,0.01,8.0,3.33,0,MC1
1.0,0.0,0.5,0.0,4.0,0.01,6.0,1.72,0,MC1
1.0,0.0,0.29,0.0,7.0,0.01,8.0,4.67,0,MC1
1.0,0.0,0.5,0.0,4.0,0.01,6.0,1.72,0,MC1
1.0,0.0,0.17,0.0,8.0,0.02,15.0,16.61,0,MC1
1.0,0.0,0.17,0.0,8.0,0.02,15.0,16.61,0,MC1
1.0,0.0,0.17,0.0,8.0,0.02,15.0,16.61,0,MC1
1.0,0.0,0.5,0.0,4.0,0.01,6.0,1.72,0,MC1
1.0,0.0,0.5,0.0,4.0,0.01,6.0,1.72,0,MC1
1.0,0.0,0.5,0.0,4.0,0.01,6.0,1.72,0,MC1
1.0,0.0,0.5,0.0,4.0,0.01,6.0,1.72,0,MC1
2.0,0.0,0.5,0.0,4.0,0.01,6.0,1.72,0,MC1
1.0,0.0,0.5,0.0,4.0,0.0,5.0,1.29,0,MC1
2.0,0.0,0.5,0.0,4.0,0.01,6.0,1.72,0,MC1
1.0,0.0,0.33,0.0,6.0,0.01,11.0,6.09,0,MC1
1.0,0.0,0.5,0.0,4.0,0.01,6.0,1.72,0,MC1
1.0,0.0,0.5,0.0,4.0,0.01,6.0,1.72,0,MC1
1.0,2.0,0.5,0.0,4.0,0.0,5.0,1.29,0,MC1
1.0,3.0,0.5,0.0,4.0,0.01,6.0,1.72,0,MC1
1.0,3.0,0.33,0.0,6.0,0.01,9.0,4.75,0,MC1
2.0,5.0,0.29,0.0,7.0,0.02,15.0,10.46,0,MC1
2.0,4.0,0.18,0.0,7.0,0.02,17.0,18.96,0,MC1
1.0,0.0,0.67,0.0,3.0,0.0,5.0,0.97,0,MC1
1.0,0.0,0.4,0.0,5.0,0.01,10.0,4.4,0,MC1
1.0,0.0,0.67,0.0,3.0,0.0,5.0,0.97,0,MC1
1.0,0.0,0.5,0.0,4.0,0.01,6.0,1.72,0,MC1
1.0,0.0,0.5,0.0,4.0,0.01,6.0,1.72,0,MC1
1.0,0.0,0.5,0.0,4.0,0.01,6.0,1.72,0,MC1
1.0,0.0,0.5,0.0,4.0,0.01,6.0,1.72,0,MC1
2.0,7.0,0.14,0.0,9.0,0.04,28.0,46.49,0,MC1
1.0,0.0,0.5,0.0,4.0,0.01,6.0,1.72,0,MC1
1.0,0.0,0.5,0.0,4.0,0.0,5.0,1.29,0,MC1
1.0,0.0,0.5,0.0,4.0,0.01,6.0,1.72,0,MC1
1.0,2.0,0.4,0.0,5.0,0.01,8.0,3.12,0,MC1
1.0,2.0,0.67,0.0,3.0,0.0,4.0,0.67,0,MC1
1.0,0.0,0.67,0.0,3.0,0.0,4.0,0.67,0,MC1
1.0,2.0,0.67,0.0,3.0,0.0,4.0,0.67,0,MC1
1.0,2.0,0.67,0.0,3.0,0.0,4.0,0.67,0,MC1
1.0,3.0,0.4,0.0,5.0,0.01,10.0,4.17,0,MC1
1.0,0.0,0.4,0.0,5.0,0.01,7.0,2.73,0,MC1
1.0,0.0,0.33,0.0,6.0,0.01,7.0,3.28,0,MC1
1.0,0.0,0.33,0.0,6.0,0.01,7.0,3.28,0,MC1
1.0,2.0,0.4,0.0,5.0,0.01,8.0,3.12,0,MC1
1.0,2.0,0.67,0.0,3.0,0.0,4.0,0.67,0,MC1
1.0,0.0,0.67,0.0,3.0,0.0,4.0,0.67,0,MC1
1.0,2.0,0.67,0.0,3.0,0.0,4.0,0.67,0,MC1
1.0,2.0,0.67,0.0,3.0,0.0,4.0,0.67,0,MC1
1.0,0.0,0.67,0.0,3.0,0.0,4.0,0.67,0,MC1
1.0,0.0,0.67,0.0,3.0,0.0,4.0,0.67,0,MC1
1.0,0.0,0.5,0.0,4.0,0.01,6.0,1.72,0,MC1
1.0,0.0,0.33,0.0,6.0,0.01,9.0,4.5,0,MC1
1.0,0.0,0.17,0.0,8.0,0.02,15.0,16.61,0,MC1
1.0,0.0,0.33,0.0,6.0,0.01,9.0,4.75,0,MC1
1.0,0.0,0.33,0.0,6.0,0.01,9.0,4.75,0,MC1
1.0,0.0,0.33,0.0,6.0,0.01,9.0,4.75,0,MC1
1.0,0.0,0.33,0.0,6.0,0.01,9.0,4.75,0,MC1
2.0,4.0,0.17,0.0,10.0,0.03,21.0,27.35,0,MC1
11.0,73.0,0.04,3.0,21.0,0.58,278.0,2468.54,0,MC1
1.0,0.0,0.0,0.0,1.0,0.0,1.0,0.0,0,MC1
2.0,6.0,0.14,1.0,7.0,0.01,12.0,14.0,0,MC1
1.0,0.0,0.0,0.0,0.0,0.0,0.0,0.0,0,MC1
1.0,2.0,0.67,0.0,3.0,0.0,4.0,0.67,0,MC1
1.0,0.0,0.0,0.0,0.0,0.0,0.0,0.0,0,MC1
1.0,4.0,0.14,0.0,8.0,0.02,20.0,27.88,0,MC1
1.0,4.0,0.14,0.0,8.0,0.02,20.0,27.88,0,MC1
2.0,4.0,0.14,0.0,11.0,0.05,35.0,61.07,0,MC1
2.0,4.0,0.14,0.0,11.0,0.05,35.0,61.07,0,MC1
2.0,8.0,0.1,0.0,13.0,0.08,52.0,138.07,0,MC1
2.0,8.0,0.1,0.0,13.0,0.08,52.0,138.07,0,MC1
7.0,55.0,0.03,1.0,22.0,0.33,184.0,2232.3,0,MC1
7.0,55.0,0.03,1.0,22.0,0.33,184.0,2232.3,0,MC1
1.0,0.0,0.15,0.0,8.0,0.02,16.0,20.5,0,MC1
1.0,0.0,0.15,0.0,8.0,0.02,16.0,20.5,0,MC1
3.0,23.0,0.05,0.0,17.0,0.13,80.0,441.16,0,MC1
3.0,23.0,0.05,0.0,17.0,0.13,80.0,441.16,0,MC1
1.0,0.0,0.13,0.0,9.0,0.02,18.0,26.89,0,MC1
1.0,0.0,0.13,0.0,9.0,0.02,18.0,26.89,0,MC1
3.0,19.0,0.09,0.0,12.0,0.07,46.0,126.11,0,MC1
3.0,19.0,0.09,0.0,12.0,0.07,46.0,126.11,0,MC1
2.0,12.0,0.11,0.0,11.0,0.04,31.0,65.39,0,MC1
2.0,12.0,0.11,0.0,11.0,0.04,31.0,65.39,0,MC1
5.0,12.0,0.06,0.0,13.0,0.1,63.0,265.51,0,MC1
5.0,12.0,0.06,0.0,13.0,0.1,63.0,265.51,0,MC1
1.0,4.0,0.38,0.0,4.0,0.01,9.0,3.74,0,MC1
1.0,4.0,0.38,0.0,4.0,0.01,9.0,3.74,0,MC1
3.0,13.0,0.14,0.0,9.0,0.04,29.0,45.57,0,MC1
3.0,13.0,0.14,0.0,9.0,0.04,29.0,45.57,0,MC1
3.0,13.0,0.13,0.0,10.0,0.04,31.0,53.86,0,MC1
3.0,13.0,0.13,0.0,10.0,0.04,31.0,53.86,0,MC1
2.0,4.0,0.15,0.0,8.0,0.03,21.0,29.61,0,MC1
2.0,4.0,0.15,0.0,8.0,0.03,21.0,29.61,0,MC1
1.0,0.0,0.33,0.0,6.0,0.01,7.0,3.28,0,MC1
1.0,0.0,0.33,0.0,6.0,0.01,7.0,3.28,0,MC1
2.0,0.0,0.13,0.0,9.0,0.02,14.0,20.91,0,MC1
2.0,0.0,0.13,0.0,9.0,0.02,14.0,20.91,0,MC1
1.0,0.0,0.4,0.0,5.0,0.01,7.0,2.73,0,MC1
1.0,0.0,0.4,0.0,5.0,0.01,7.0,2.73,0,MC1
2.0,0.0,0.2,0.0,8.0,0.02,13.0,12.95,0,MC1
2.0,0.0,0.2,0.0,8.0,0.02,13.0,12.95,0,MC1
1.0,6.0,0.2,0.0,7.0,0.03,23.0,24.32,0,MC1
1.0,6.0,0.2,0.0,7.0,0.03,23.0,24.32,0,MC1
2.0,0.0,0.5,0.0,4.0,0.01,6.0,1.72,0,MC1
2.0,0.0,0.5,0.0,4.0,0.01,6.0,1.72,0,MC1
2.0,0.0,0.4,0.0,5.0,0.01,7.0,2.73,0,MC1
2.0,0.0,0.4,0.0,5.0,0.01,7.0,2.73,0,MC1
4.0,11.0,0.06,0.0,14.0,0.07,45.0,175.69,0,MC1
4.0,11.0,0.06,0.0,14.0,0.07,45.0,175.69,0,MC1
2.0,3.0,0.25,0.0,8.0,0.02,15.0,12.69,0,MC1
2.0,3.0,0.25,0.0,8.0,0.02,15.0,12.69,0,MC1
1.0,0.0,0.0,0.0,1.0,0.0,1.0,0.0,0,MC1
1.0,0.0,0.0,0.0,1.0,0.0,1.0,0.0,0,MC1
1.0,2.0,0.5,0.0,4.0,0.01,9.0,3.0,0,MC1
1.0,2.0,0.5,0.0,4.0,0.01,9.0,3.0,0,MC1
1.0,0.0,0.5,0.0,4.0,0.01,6.0,1.72,0,MC1
1.0,0.0,0.5,0.0,4.0,0.01,6.0,1.72,0,MC1
1.0,0.0,0.5,0.0,4.0,0.01,6.0,1.72,0,MC1
1.0,0.0,0.5,0.0,4.0,0.01,6.0,1.72,0,MC1
1.0,0.0,0.5,0.0,4.0,0.01,6.0,1.72,0,MC1
1.0,0.0,0.5,0.0,4.0,0.01,6.0,1.72,0,MC1
1.0,0.0,0.67,0.0,3.0,0.0,5.0,0.97,0,MC1
1.0,0.0,0.67,0.0,3.0,0.0,5.0,0.97,0,MC1
1.0,1.0,0.67,0.0,3.0,0.0,5.0,0.97,0,MC1
1.0,1.0,0.67,0.0,3.0,0.0,5.0,0.97,0,MC1
1.0,0.0,0.5,0.0,4.0,0.0,5.0,1.29,0,MC1
1.0,0.0,0.5,0.0,4.0,0.0,5.0,1.29,0,MC1
1.0,2.0,0.5,0.0,4.0,0.01,6.0,1.72,0,MC1
1.0,2.0,0.5,0.0,4.0,0.01,6.0,1.72,0,MC1
1.0,1.0,0.0,0.0,1.0,0.0,1.0,0.0,0,MC1
1.0,1.0,0.0,0.0,1.0,0.0,1.0,0.0,0,MC1
1.0,2.0,0.5,0.0,4.0,0.01,6.0,1.72,0,MC1
1.0,2.0,0.5,0.0,4.0,0.01,6.0,1.72,0,MC1
1.0,0.0,0.4,0.0,5.0,0.01,9.0,3.23,0,MC1
1.0,0.0,0.4,0.0,5.0,0.01,9.0,3.23,0,MC1
1.0,0.0,0.5,0.0,4.0,0.01,6.0,1.72,0,MC1
1.0,0.0,0.5,0.0,4.0,0.01,6.0,1.72,0,MC1
1.0,0.0,0.21,0.0,7.0,0.02,15.0,12.92,0,MC1
1.0,0.0,0.21,0.0,7.0,0.02,15.0,12.92,0,MC1
3.0,7.0,0.08,0.0,14.0,0.05,35.0,113.81,0,MC1
3.0,7.0,0.08,0.0,14.0,0.05,35.0,113.81,0,MC1
2.0,5.0,0.24,0.0,7.0,0.02,19.0,15.95,0,MC1
2.0,5.0,0.24,0.0,7.0,0.02,19.0,15.95,0,MC1
2.0,4.0,0.18,0.0,9.0,0.02,17.0,19.66,0,MC1
2.0,4.0,0.18,0.0,9.0,0.02,17.0,19.66,0,MC1
1.0,0.0,0.0,0.0,0.0,0.0,0.0,0.0,0,MC1
1.0,0.0,0.0,0.0,0.0,0.0,0.0,0.0,0,MC1
1.0,0.0,0.4,0.0,5.0,0.01,6.0,2.15,0,MC1
1.0,0.0,0.4,0.0,5.0,0.01,6.0,2.15,0,MC1
1.0,0.0,0.29,0.0,7.0,0.01,12.0,8.07,0,MC1
1.0,0.0,0.29,0.0,7.0,0.01,12.0,8.07,0,MC1
1.0,0.0,0.0,0.0,0.0,0.0,0.0,0.0,0,MC1
1.0,0.0,0.0,0.0,0.0,0.0,0.0,0.0,0,MC1
1.0,0.0,0.0,0.0,0.0,0.0,0.0,0.0,0,MC1
1.0,0.0,0.0,0.0,0.0,0.0,0.0,0.0,0,MC1
1.0,0.0,0.0,0.0,0.0,0.0,0.0,0.0,0,MC1
1.0,0.0,0.0,0.0,0.0,0.0,0.0,0.0,0,MC1
1.0,0.0,0.0,0.0,0.0,0.0,0.0,0.0,0,MC1
1.0,0.0,0.0,0.0,0.0,0.0,0.0,0.0,0,MC1
2.0,0.0,0.0,0.0,0.0,0.0,0.0,0.0,0,MC1
2.0,0.0,0.0,0.0,0.0,0.0,0.0,0.0,0,MC1
1.0,0.0,0.0,0.0,0.0,0.0,0.0,0.0,0,MC1
1.0,0.0,0.0,0.0,0.0,0.0,0.0,0.0,0,MC1
1.0,0.0,0.0,0.0,0.0,0.0,0.0,0.0,0,MC1
1.0,0.0,0.0,0.0,0.0,0.0,0.0,0.0,0,MC1
1.0,0.0,0.22,0.0,6.0,0.01,11.0,8.25,0,MC1
1.0,0.0,0.22,0.0,6.0,0.01,11.0,8.25,0,MC1
2.0,8.0,0.1,0.0,12.0,0.05,34.0,79.6,0,MC1
2.0,8.0,0.1,0.0,12.0,0.05,34.0,79.6,0,MC1
1.0,0.0,0.4,0.0,5.0,0.01,8.0,3.33,0,MC1
1.0,0.0,0.4,0.0,5.0,0.01,8.0,3.33,0,MC1
1.0,0.0,0.5,0.0,4.0,0.01,6.0,1.72,0,MC1
1.0,0.0,0.5,0.0,4.0,0.01,6.0,1.72,0,MC1
1.0,0.0,0.29,0.0,7.0,0.01,8.0,4.67,0,MC1
1.0,0.0,0.29,0.0,7.0,0.01,8.0,4.67,0,MC1
1.0,0.0,0.5,0.0,4.0,0.01,6.0,1.72,0,MC1
1.0,0.0,0.5,0.0,4.0,0.01,6.0,1.72,0,MC1
1.0,2.0,0.4,0.0,5.0,0.01,6.0,2.15,0,MC1
1.0,2.0,0.4,0.0,5.0,0.01,6.0,2.15,0,MC1
1.0,0.0,0.17,0.0,8.0,0.02,15.0,16.61,0,MC1
1.0,0.0,0.17,0.0,8.0,0.02,15.0,16.61,0,MC1
1.0,0.0,0.17,0.0,8.0,0.02,15.0,16.61,0,MC1
1.0,0.0,0.17,0.0,8.0,0.02,15.0,16.61,0,MC1
1.0,0.0,0.17,0.0,8.0,0.02,15.0,16.61,0,MC1
1.0,0.0,0.17,0.0,8.0,0.02,15.0,16.61,0,MC1
1.0,0.0,0.5,0.0,4.0,0.01,6.0,1.72,0,MC1
1.0,0.0,0.5,0.0,4.0,0.01,6.0,1.72,0,MC1
1.0,0.0,0.5,0.0,4.0,0.01,6.0,1.72,0,MC1
1.0,0.0,0.5,0.0,4.0,0.01,6.0,1.72,0,MC1
1.0,2.0,0.5,0.0,4.0,0.0,5.0,1.29,0,MC1
1.0,2.0,0.5,0.0,4.0,0.0,5.0,1.29,0,MC1
1.0,2.0,0.67,0.0,3.0,0.0,4.0,0.67,0,MC1
1.0,2.0,0.67,0.0,3.0,0.0,4.0,0.67,0,MC1
1.0,0.0,0.5,0.0,4.0,0.01,6.0,1.72,0,MC1
1.0,0.0,0.5,0.0,4.0,0.01,6.0,1.72,0,MC1
1.0,0.0,0.5,0.0,4.0,0.01,6.0,1.72,0,MC1
1.0,0.0,0.5,0.0,4.0,0.01,6.0,1.72,0,MC1
2.0,0.0,0.5,0.0,4.0,0.01,6.0,1.72,0,MC1
2.0,0.0,0.5,0.0,4.0,0.01,6.0,1.72,0,MC1
1.0,0.0,0.5,0.0,4.0,0.0,5.0,1.29,0,MC1
1.0,0.0,0.5,0.0,4.0,0.0,5.0,1.29,0,MC1
2.0,0.0,0.5,0.0,4.0,0.01,6.0,1.72,0,MC1
2.0,0.0,0.5,0.0,4.0,0.01,6.0,1.72,0,MC1
1.0,0.0,0.33,0.0,6.0,0.01,11.0,6.09,0,MC1
1.0,0.0,0.33,0.0,6.0,0.01,11.0,6.09,0,MC1
1.0,0.0,0.5,0.0,4.0,0.01,6.0,1.72,0,MC1
1.0,0.0,0.5,0.0,4.0,0.01,6.0,1.72,0,MC1
1.0,0.0,0.5,0.0,4.0,0.01,6.0,1.72,0,MC1
1.0,0.0,0.5,0.0,4.0,0.01,6.0,1.72,0,MC1
1.0,0.0,0.5,0.0,4.0,0.01,6.0,1.72,0,MC1
1.0,0.0,0.5,0.0,4.0,0.01,6.0,1.72,0,MC1
1.0,0.0,0.5,0.0,4.0,0.0,5.0,1.29,0,MC1
1.0,0.0,0.5,0.0,4.0,0.0,5.0,1.29,0,MC1
1.0,0.0,0.5,0.0,4.0,0.01,6.0,1.72,0,MC1
1.0,0.0,0.5,0.0,4.0,0.01,6.0,1.72,0,MC1
1.0,2.0,0.4,0.0,5.0,0.01,8.0,3.12,0,MC1
1.0,2.0,0.4,0.0,5.0,0.01,8.0,3.12,0,MC1
1.0,2.0,0.67,0.0,3.0,0.0,4.0,0.67,0,MC1
1.0,2.0,0.67,0.0,3.0,0.0,4.0,0.67,0,MC1
1.0,0.0,0.67,0.0,3.0,0.0,4.0,0.67,0,MC1
1.0,0.0,0.67,0.0,3.0,0.0,4.0,0.67,0,MC1
1.0,2.0,0.67,0.0,3.0,0.0,4.0,0.67,0,MC1
1.0,2.0,0.67,0.0,3.0,0.0,4.0,0.67,0,MC1
1.0,2.0,0.67,0.0,3.0,0.0,4.0,0.67,0,MC1
1.0,2.0,0.67,0.0,3.0,0.0,4.0,0.67,0,MC1
1.0,3.0,0.4,0.0,5.0,0.01,10.0,4.17,0,MC1
1.0,3.0,0.4,0.0,5.0,0.01,10.0,4.17,0,MC1
1.0,0.0,0.4,0.0,5.0,0.01,7.0,2.73,0,MC1
1.0,0.0,0.4,0.0,5.0,0.01,7.0,2.73,0,MC1
1.0,0.0,0.33,0.0,6.0,0.01,7.0,3.28,0,MC1
1.0,0.0,0.33,0.0,6.0,0.01,7.0,3.28,0,MC1
1.0,0.0,0.33,0.0,6.0,0.01,7.0,3.28,0,MC1
1.0,0.0,0.33,0.0,6.0,0.01,7.0,3.28,0,MC1
1.0,2.0,0.4,0.0,5.0,0.01,8.0,3.12,0,MC1
1.0,2.0,0.4,0.0,5.0,0.01,8.0,3.12,0,MC1
1.0,2.0,0.67,0.0,3.0,0.0,4.0,0.67,0,MC1
1.0,2.0,0.67,0.0,3.0,0.0,4.0,0.67,0,MC1
1.0,0.0,0.67,0.0,3.0,0.0,4.0,0.67,0,MC1
1.0,0.0,0.67,0.0,3.0,0.0,4.0,0.67,0,MC1
1.0,2.0,0.67,0.0,3.0,0.0,4.0,0.67,0,MC1
1.0,2.0,0.67,0.0,3.0,0.0,4.0,0.67,0,MC1
1.0,2.0,0.67,0.0,3.0,0.0,4.0,0.67,0,MC1
1.0,2.0,0.67,0.0,3.0,0.0,4.0,0.67,0,MC1
1.0,0.0,0.67,0.0,3.0,0.0,4.0,0.67,0,MC1
1.0,0.0,0.67,0.0,3.0,0.0,4.0,0.67,0,MC1
1.0,0.0,0.67,0.0,3.0,0.0,4.0,0.67,0,MC1
1.0,0.0,0.67,0.0,3.0,0.0,4.0,0.67,0,MC1
1.0,3.0,0.33,0.0,6.0,0.01,9.0,4.75,0,MC1
1.0,3.0,0.33,0.0,6.0,0.01,9.0,4.75,0,MC1
2.0,5.0,0.29,0.0,7.0,0.02,15.0,10.46,0,MC1
2.0,5.0,0.29,0.0,7.0,0.02,15.0,10.46,0,MC1
2.0,4.0,0.18,0.0,7.0,0.02,17.0,18.96,0,MC1
2.0,4.0,0.18,0.0,7.0,0.02,17.0,18.96,0,MC1
1.0,0.0,0.67,0.0,3.0,0.0,5.0,0.97,0,MC1
1.0,0.0,0.67,0.0,3.0,0.0,5.0,0.97,0,MC1
1.0,0.0,0.4,0.0,5.0,0.01,10.0,4.4,0,MC1
1.0,0.0,0.4,0.0,5.0,0.01,10.0,4.4,0,MC1
1.0,0.0,0.67,0.0,3.0,0.0,5.0,0.97,0,MC1
1.0,0.0,0.67,0.0,3.0,0.0,5.0,0.97,0,MC1
1.0,0.0,0.5,0.0,4.0,0.01,6.0,1.72,0,MC1
1.0,0.0,0.5,0.0,4.0,0.01,6.0,1.72,0,MC1
1.0,0.0,0.5,0.0,4.0,0.01,6.0,1.72,0,MC1
1.0,0.0,0.5,0.0,4.0,0.01,6.0,1.72,0,MC1
1.0,0.0,0.5,0.0,4.0,0.01,6.0,1.72,0,MC1
1.0,0.0,0.5,0.0,4.0,0.01,6.0,1.72,0,MC1
1.0,0.0,0.5,0.0,4.0,0.01,6.0,1.72,0,MC1
1.0,0.0,0.5,0.0,4.0,0.01,6.0,1.72,0,MC1
1.0,0.0,0.5,0.0,4.0,0.01,6.0,1.72,0,MC1
1.0,0.0,0.5,0.0,4.0,0.01,6.0,1.72,0,MC1
1.0,2.0,0.4,0.0,5.0,0.01,6.0,2.15,0,MC1
1.0,2.0,0.4,0.0,5.0,0.01,6.0,2.15,0,MC1
1.0,0.0,0.33,0.0,6.0,0.01,9.0,4.5,0,MC1
1.0,0.0,0.33,0.0,6.0,0.01,9.0,4.5,0,MC1
1.0,0.0,0.17,0.0,8.0,0.02,15.0,16.61,0,MC1
1.0,0.0,0.17,0.0,8.0,0.02,15.0,16.61,0,MC1
1.0,2.0,0.67,0.0,3.0,0.0,4.0,0.67,0,MC1
1.0,2.0,0.67,0.0,3.0,0.0,4.0,0.67,0,MC1
1.0,0.0,0.33,0.0,6.0,0.01,9.0,4.75,0,MC1
1.0,0.0,0.33,0.0,6.0,0.01,9.0,4.75,0,MC1
1.0,0.0,0.33,0.0,6.0,0.01,9.0,4.75,0,MC1
1.0,0.0,0.33,0.0,6.0,0.01,9.0,4.75,0,MC1
1.0,0.0,0.33,0.0,6.0,0.01,9.0,4.75,0,MC1
1.0,0.0,0.33,0.0,6.0,0.01,9.0,4.75,0,MC1
1.0,0.0,0.33,0.0,6.0,0.01,9.0,4.75,0,MC1
1.0,0.0,0.33,0.0,6.0,0.01,9.0,4.75,0,MC1
2.0,4.0,0.17,0.0,10.0,0.03,21.0,27.35,0,MC1
2.0,4.0,0.17,0.0,10.0,0.03,21.0,27.35,0,MC1
1.0,2.0,0.25,0.0,8.0,0.01,12.0,8.86,0,MC1
1.0,2.0,0.25,0.0,8.0,0.01,12.0,8.86,0,MC1
1.0,2.0,0.4,0.0,5.0,0.01,7.0,2.73,0,MC1
1.0,2.0,0.4,0.0,5.0,0.01,7.0,2.73,0,MC1
1.0,2.0,0.4,0.0,5.0,0.01,6.0,2.15,0,MC1
1.0,2.0,0.4,0.0,5.0,0.01,6.0,2.15,0,MC1
1.0,5.0,0.2,0.0,5.0,0.03,26.0,24.98,0,MC1
3.0,16.0,0.12,1.0,10.0,0.09,56.0,122.27,0,MC1
1.0,2.0,0.67,0.0,3.0,0.0,5.0,0.97,0,MC1
2.0,15.0,0.11,0.0,12.0,0.1,59.0,140.5,0,MC1
2.0,15.0,0.12,0.0,11.0,0.09,58.0,125.29,0,MC1
1.0,10.0,0.13,0.0,9.0,0.06,41.0,74.02,0,MC1
1.0,10.0,0.15,0.0,8.0,0.06,40.0,63.01,0,MC1
3.0,20.0,0.09,0.0,14.0,0.14,80.0,258.36,0,MC1
3.0,20.0,0.1,0.0,12.0,0.13,78.0,212.34,0,MC1
1.0,2.0,0.67,0.0,3.0,0.0,4.0,0.67,0,MC1
1.0,2.0,0.67,0.0,3.0,0.0,4.0,0.67,0,MC1
6.0,21.0,0.04,3.0,16.0,0.19,115.0,782.64,0,MC1
2.0,12.0,0.11,2.0,10.0,0.07,48.0,106.71,0,MC1
5.0,22.0,0.04,0.0,16.0,0.17,104.0,712.82,0,MC1
2.0,14.0,0.08,1.0,13.0,0.09,57.0,181.76,0,MC1
2.0,9.0,0.13,0.0,9.0,0.03,23.0,37.44,0,MC1
2.0,17.0,0.12,0.0,12.0,0.14,79.0,192.06,0,MC1
2.0,15.0,0.15,0.0,10.0,0.12,68.0,124.12,0,MC1
1.0,11.0,0.14,0.0,8.0,0.06,44.0,71.74,0,MC1
1.0,11.0,0.13,0.0,9.0,0.06,45.0,83.98,0,MC1
2.0,25.0,0.1,0.0,13.0,0.22,116.0,374.32,0,MC1
1.0,14.0,0.15,0.0,9.0,0.09,57.0,98.5,0,MC1
2.0,18.0,0.12,0.0,12.0,0.15,83.0,200.39,0,MC1
2.0,18.0,0.13,0.0,11.0,0.14,82.0,180.19,0,MC1
1.0,5.0,0.58,3.0,3.0,0.02,17.0,5.38,0,MC1
5.0,7.0,0.21,6.0,6.0,0.02,21.0,19.37,0,MC1
3.0,14.0,0.27,6.0,5.0,0.04,31.0,23.9,0,MC1
3.0,14.0,0.27,6.0,5.0,0.04,31.0,23.9,0,MC1
3.0,14.0,0.27,6.0,5.0,0.04,31.0,23.9,0,MC1
3.0,14.0,0.27,6.0,5.0,0.04,31.0,23.9,0,MC1
3.0,14.0,0.27,6.0,5.0,0.04,31.0,23.9,0,MC1
3.0,14.0,0.27,6.0,5.0,0.04,31.0,23.9,0,MC1
3.0,14.0,0.27,6.0,5.0,0.04,31.0,23.9,0,MC1
3.0,14.0,0.27,6.0,5.0,0.04,31.0,23.9,0,MC1
3.0,14.0,0.27,6.0,5.0,0.04,31.0,23.9,0,MC1
5.0,7.0,0.21,6.0,6.0,0.02,21.0,19.37,0,MC1
3.0,14.0,0.27,6.0,5.0,0.04,31.0,23.9,0,MC1
3.0,14.0,0.27,6.0,5.0,0.04,31.0,23.9,0,MC1
3.0,14.0,0.27,6.0,5.0,0.04,31.0,23.9,0,MC1
3.0,14.0,0.27,6.0,5.0,0.04,31.0,23.9,0,MC1
3.0,14.0,0.27,6.0,5.0,0.04,31.0,23.9,0,MC1
3.0,14.0,0.27,6.0,5.0,0.04,31.0,23.9,0,MC1
3.0,14.0,0.27,6.0,5.0,0.04,31.0,23.9,0,MC1
3.0,14.0,0.27,6.0,5.0,0.04,31.0,23.9,0,MC1
3.0,14.0,0.27,6.0,5.0,0.04,31.0,23.9,0,MC1
3.0,14.0,0.27,6.0,5.0,0.04,31.0,23.9,0,MC1
3.0,14.0,0.27,6.0,5.0,0.04,31.0,23.9,0,MC1
2.0,10.0,0.17,5.0,8.0,0.03,22.0,27.92,0,MC1
2.0,10.0,0.17,5.0,8.0,0.03,22.0,27.92,0,MC1
2.0,10.0,0.17,5.0,8.0,0.03,22.0,27.92,0,MC1
2.0,10.0,0.17,5.0,8.0,0.03,22.0,27.92,0,MC1
2.0,10.0,0.17,5.0,8.0,0.03,22.0,27.92,0,MC1
2.0,10.0,0.17,5.0,8.0,0.03,22.0,27.92,0,MC1
2.0,10.0,0.17,5.0,8.0,0.03,22.0,27.92,0,MC1
2.0,10.0,0.17,5.0,8.0,0.03,22.0,27.92,0,MC1
2.0,10.0,0.17,5.0,8.0,0.03,22.0,27.92,0,MC1
2.0,10.0,0.17,5.0,8.0,0.03,22.0,27.92,0,MC1
2.0,10.0,0.17,5.0,8.0,0.03,22.0,27.92,0,MC1
2.0,10.0,0.17,5.0,8.0,0.03,22.0,27.92,0,MC1
2.0,10.0,0.17,5.0,8.0,0.03,22.0,27.92,0,MC1
2.0,10.0,0.17,5.0,8.0,0.03,22.0,27.92,0,MC1
2.0,10.0,0.17,5.0,8.0,0.03,22.0,27.92,0,MC1
2.0,10.0,0.17,5.0,8.0,0.03,22.0,27.92,0,MC1
2.0,10.0,0.17,5.0,8.0,0.03,22.0,27.92,0,MC1
2.0,10.0,0.17,5.0,8.0,0.03,22.0,27.92,0,MC1
2.0,10.0,0.17,5.0,8.0,0.03,22.0,27.92,0,MC1
2.0,10.0,0.17,5.0,8.0,0.03,22.0,27.92,0,MC1
2.0,10.0,0.17,5.0,8.0,0.03,22.0,27.92,0,MC1
2.0,10.0,0.17,5.0,8.0,0.03,22.0,27.92,0,MC1
3.0,9.0,0.19,0.0,7.0,0.02,15.0,15.14,0,MC1
3.0,9.0,0.19,0.0,7.0,0.02,15.0,15.14,0,MC1
2.0,7.0,0.28,2.0,6.0,0.03,25.0,20.0,0,MC1
2.0,7.0,0.28,2.0,6.0,0.03,25.0,20.0,0,MC1
1.0,0.0,0.0,0.0,1.0,0.0,1.0,0.0,0,MC1
1.0,0.0,0.0,0.0,0.0,0.0,0.0,0.0,0,MC1
1.0,0.0,0.67,0.0,3.0,0.0,4.0,0.67,0,MC1
1.0,0.0,0.67,0.0,3.0,0.0,4.0,0.67,0,MC1
1.0,0.0,0.67,0.0,3.0,0.0,4.0,0.67,0,MC1
1.0,0.0,0.67,0.0,3.0,0.0,4.0,0.67,0,MC1
1.0,0.0,0.67,0.0,3.0,0.0,4.0,0.67,0,MC1
1.0,0.0,0.33,0.0,6.0,0.01,9.0,4.75,0,MC1
1.0,0.0,0.67,0.0,3.0,0.0,4.0,0.67,0,MC1
1.0,0.0,0.67,0.0,3.0,0.0,4.0,0.67,0,MC1
1.0,0.0,0.67,0.0,3.0,0.0,4.0,0.67,0,MC1
1.0,2.0,0.67,0.0,3.0,0.0,5.0,0.97,0,MC1
1.0,0.0,0.67,0.0,3.0,0.0,4.0,0.67,0,MC1
1.0,0.0,0.67,0.0,3.0,0.0,4.0,0.67,0,MC1
1.0,0.0,0.67,0.0,3.0,0.0,4.0,0.67,0,MC1
7.0,17.0,0.19,0.0,10.0,0.06,37.0,50.07,0,MC1
7.0,17.0,0.19,0.0,10.0,0.06,37.0,50.07,0,MC1
1.0,4.0,0.14,0.0,8.0,0.02,20.0,27.88,0,MC1
2.0,4.0,0.14,0.0,11.0,0.05,35.0,61.07,0,MC1
2.0,8.0,0.1,0.0,13.0,0.08,52.0,138.07,0,MC1
7.0,55.0,0.03,1.0,22.0,0.33,184.0,2232.3,0,MC1
1.0,0.0,0.15,0.0,8.0,0.02,16.0,20.5,0,MC1
3.0,23.0,0.05,0.0,17.0,0.13,80.0,441.16,0,MC1
1.0,0.0,0.13,0.0,9.0,0.02,18.0,26.89,0,MC1
3.0,19.0,0.09,0.0,12.0,0.07,46.0,126.11,0,MC1
2.0,12.0,0.11,0.0,11.0,0.04,31.0,65.39,0,MC1
5.0,12.0,0.06,0.0,13.0,0.1,63.0,265.51,0,MC1
1.0,4.0,0.38,0.0,4.0,0.01,9.0,3.74,0,MC1
3.0,13.0,0.14,0.0,9.0,0.04,29.0,45.57,0,MC1
3.0,13.0,0.13,0.0,10.0,0.04,31.0,53.86,0,MC1
2.0,4.0,0.15,0.0,8.0,0.03,21.0,29.61,0,MC1
1.0,0.0,0.33,0.0,6.0,0.01,7.0,3.28,0,MC1
2.0,0.0,0.13,0.0,9.0,0.02,14.0,20.91,0,MC1
1.0,0.0,0.4,0.0,5.0,0.01,7.0,2.73,0,MC1
2.0,0.0,0.2,0.0,8.0,0.02,13.0,12.95,0,MC1
1.0,6.0,0.2,0.0,7.0,0.03,23.0,24.32,0,MC1
2.0,0.0,0.5,0.0,4.0,0.01,6.0,1.72,0,MC1
2.0,0.0,0.4,0.0,5.0,0.01,7.0,2.73,0,MC1
4.0,11.0,0.06,0.0,14.0,0.07,45.0,175.69,0,MC1
2.0,3.0,0.25,0.0,8.0,0.02,15.0,12.69,0,MC1
1.0,0.0,0.0,0.0,1.0,0.0,1.0,0.0,0,MC1
1.0,2.0,0.5,0.0,4.0,0.01,9.0,3.0,0,MC1
1.0,0.0,0.5,0.0,4.0,0.01,6.0,1.72,0,MC1
1.0,0.0,0.5,0.0,4.0,0.01,6.0,1.72,0,MC1
1.0,0.0,0.5,0.0,4.0,0.01,6.0,1.72,0,MC1
1.0,0.0,0.67,0.0,3.0,0.0,5.0,0.97,0,MC1
1.0,1.0,0.67,0.0,3.0,0.0,5.0,0.97,0,MC1
1.0,0.0,0.5,0.0,4.0,0.0,5.0,1.29,0,MC1
1.0,2.0,0.5,0.0,4.0,0.01,6.0,1.72,0,MC1
1.0,1.0,0.0,0.0,1.0,0.0,1.0,0.0,0,MC1
1.0,2.0,0.5,0.0,4.0,0.01,6.0,1.72,0,MC1
1.0,0.0,0.4,0.0,5.0,0.01,9.0,3.23,0,MC1
1.0,0.0,0.5,0.0,4.0,0.01,6.0,1.72,0,MC1
1.0,0.0,0.21,0.0,7.0,0.02,15.0,12.92,0,MC1
3.0,7.0,0.08,0.0,14.0,0.05,35.0,113.81,0,MC1
2.0,5.0,0.24,0.0,7.0,0.02,19.0,15.95,0,MC1
2.0,4.0,0.18,0.0,9.0,0.02,17.0,19.66,0,MC1
1.0,0.0,0.0,0.0,0.0,0.0,0.0,0.0,0,MC1
1.0,0.0,0.4,0.0,5.0,0.01,6.0,2.15,0,MC1
1.0,0.0,0.0,0.0,3.0,0.0,3.0,0.0,0,MC1
1.0,0.0,0.0,0.0,2.0,0.0,2.0,0.0,0,MC1
1.0,0.0,0.67,0.0,3.0,0.0,4.0,0.67,0,MC1
1.0,0.0,0.67,0.0,3.0,0.0,4.0,0.67,0,MC1
1.0,0.0,0.29,0.0,7.0,0.01,12.0,8.07,0,MC1
1.0,0.0,0.0,0.0,0.0,0.0,0.0,0.0,0,MC1
1.0,0.0,0.0,0.0,0.0,0.0,0.0,0.0,0,MC1
1.0,0.0,0.0,0.0,0.0,0.0,0.0,0.0,0,MC1
1.0,0.0,0.0,0.0,0.0,0.0,0.0,0.0,0,MC1
2.0,0.0,0.0,0.0,0.0,0.0,0.0,0.0,0,MC1
1.0,0.0,0.0,0.0,0.0,0.0,0.0,0.0,0,MC1
1.0,0.0,0.0,0.0,0.0,0.0,0.0,0.0,0,MC1
1.0,0.0,0.0,0.0,1.0,0.0,1.0,0.0,0,MC1
1.0,0.0,0.22,0.0,6.0,0.01,11.0,8.25,0,MC1
2.0,8.0,0.1,0.0,12.0,0.05,34.0,79.6,0,MC1
1.0,100.0,0.02,0.0,20.0,1.13,559.0,10122.03,0,MC1
1.0,7.0,0.27,0.0,5.0,0.03,25.0,18.02,0,MC1
1.0,0.0,0.67,0.0,3.0,0.0,5.0,0.97,0,MC1
1.0,0.0,0.4,0.0,5.0,0.01,8.0,3.33,0,MC1
1.0,0.0,0.5,0.0,4.0,0.01,6.0,1.72,0,MC1
1.0,0.0,0.29,0.0,7.0,0.01,8.0,4.67,0,MC1
1.0,0.0,0.67,0.0,3.0,0.0,5.0,0.97,0,MC1
1.0,0.0,0.5,0.0,4.0,0.01,6.0,1.72,0,MC1
1.0,0.0,0.17,0.0,8.0,0.02,15.0,16.61,0,MC1
1.0,0.0,0.17,0.0,8.0,0.02,15.0,16.61,0,MC1
1.0,0.0,0.17,0.0,8.0,0.02,15.0,16.61,0,MC1
1.0,0.0,0.67,0.0,3.0,0.0,4.0,0.67,0,MC1
1.0,0.0,0.67,0.0,3.0,0.0,4.0,0.67,0,MC1
1.0,0.0,0.67,0.0,3.0,0.0,4.0,0.67,0,MC1
1.0,0.0,0.67,0.0,3.0,0.0,4.0,0.67,0,MC1
1.0,0.0,0.67,0.0,3.0,0.0,4.0,0.67,0,MC1
1.0,0.0,0.67,0.0,3.0,0.0,4.0,0.67,0,MC1
1.0,0.0,0.67,0.0,3.0,0.0,4.0,0.67,0,MC1
1.0,0.0,0.67,0.0,3.0,0.0,4.0,0.67,0,MC1
1.0,0.0,0.67,0.0,3.0,0.0,4.0,0.67,0,MC1
1.0,0.0,0.67,0.0,3.0,0.0,4.0,0.67,0,MC1
1.0,0.0,0.67,0.0,3.0,0.0,4.0,0.67,0,MC1
1.0,0.0,0.5,0.0,4.0,0.01,6.0,1.72,0,MC1
1.0,0.0,0.5,0.0,4.0,0.01,6.0,1.72,0,MC1
1.0,0.0,0.5,0.0,4.0,0.01,6.0,1.72,0,MC1
1.0,0.0,0.5,0.0,4.0,0.01,6.0,1.72,0,MC1
1.0,0.0,0.67,0.0,3.0,0.0,5.0,0.97,0,MC1
1.0,0.0,0.67,0.0,3.0,0.0,4.0,0.67,0,MC1
2.0,0.0,0.5,0.0,4.0,0.01,6.0,1.72,0,MC1
1.0,0.0,0.5,0.0,4.0,0.0,5.0,1.29,0,MC1
2.0,0.0,0.5,0.0,4.0,0.01,6.0,1.72,0,MC1
1.0,0.0,0.33,0.0,6.0,0.01,11.0,6.09,0,MC1
1.0,0.0,0.5,0.0,4.0,0.01,6.0,1.72,0,MC1
1.0,0.0,0.5,0.0,4.0,0.01,6.0,1.72,0,MC1
1.0,0.0,0.5,0.0,4.0,0.01,6.0,1.72,0,MC1
1.0,0.0,0.5,0.0,4.0,0.0,5.0,1.29,0,MC1
1.0,0.0,0.5,0.0,4.0,0.01,6.0,1.72,0,MC1
1.0,2.0,0.4,0.0,5.0,0.01,8.0,3.12,0,MC1
1.0,2.0,0.67,0.0,3.0,0.0,4.0,0.67,0,MC1
1.0,0.0,0.67,0.0,3.0,0.0,4.0,0.67,0,MC1
1.0,2.0,0.67,0.0,3.0,0.0,4.0,0.67,0,MC1
1.0,2.0,0.67,0.0,3.0,0.0,4.0,0.67,0,MC1
1.0,3.0,0.4,0.0,5.0,0.01,10.0,4.17,0,MC1
1.0,0.0,0.4,0.0,5.0,0.01,7.0,2.73,0,MC1
1.0,0.0,0.33,0.0,6.0,0.01,7.0,3.28,0,MC1
1.0,0.0,0.33,0.0,6.0,0.01,7.0,3.28,0,MC1
1.0,2.0,0.4,0.0,5.0,0.01,8.0,3.12,0,MC1
1.0,2.0,0.67,0.0,3.0,0.0,4.0,0.67,0,MC1
1.0,0.0,0.67,0.0,3.0,0.0,4.0,0.67,0,MC1
1.0,2.0,0.67,0.0,3.0,0.0,4.0,0.67,0,MC1
1.0,2.0,0.67,0.0,3.0,0.0,4.0,0.67,0,MC1
1.0,0.0,0.67,0.0,3.0,0.0,4.0,0.67,0,MC1
1.0,0.0,0.67,0.0,3.0,0.0,4.0,0.67,0,MC1
1.0,0.0,0.4,0.0,5.0,0.01,7.0,2.73,0,MC1
1.0,0.0,0.0,0.0,3.0,0.0,3.0,0.0,0,MC1
1.0,0.0,0.5,0.0,4.0,0.01,6.0,1.72,0,MC1
1.0,106.0,0.01,0.0,23.0,1.7,843.0,26876.06,0,MC1
1.0,3.0,0.33,0.0,6.0,0.01,9.0,4.75,0,MC1
2.0,5.0,0.29,0.0,7.0,0.02,15.0,10.46,0,MC1
2.0,4.0,0.18,0.0,7.0,0.02,17.0,18.96,0,MC1
1.0,0.0,0.67,0.0,3.0,0.0,5.0,0.97,0,MC1
1.0,2.0,0.13,0.0,8.0,0.02,17.0,26.14,0,MC1
1.0,0.0,0.4,0.0,5.0,0.01,10.0,4.4,0,MC1
1.0,0.0,0.67,0.0,3.0,0.0,5.0,0.97,0,MC1
1.0,0.0,0.5,0.0,4.0,0.01,6.0,1.72,0,MC1
1.0,0.0,0.5,0.0,4.0,0.01,6.0,1.72,0,MC1
1.0,0.0,0.5,0.0,4.0,0.01,6.0,1.72,0,MC1
1.0,0.0,0.5,0.0,4.0,0.01,6.0,1.72,0,MC1
1.0,2.0,0.11,0.0,9.0,0.02,19.0,35.15,0,MC1
1.0,0.0,0.33,0.0,6.0,0.01,9.0,4.5,0,MC1
1.0,0.0,0.17,0.0,8.0,0.02,15.0,16.61,0,MC1
1.0,0.0,0.67,0.0,3.0,0.0,5.0,0.97,0,MC1
1.0,0.0,0.67,0.0,3.0,0.0,5.0,0.97,0,MC1
1.0,0.0,0.67,0.0,3.0,0.0,5.0,0.97,0,MC1
1.0,0.0,0.67,0.0,3.0,0.0,5.0,0.97,0,MC1
1.0,0.0,0.67,0.0,3.0,0.0,5.0,0.97,0,MC1
1.0,0.0,0.67,0.0,3.0,0.0,5.0,0.97,0,MC1
1.0,0.0,0.67,0.0,3.0,0.0,5.0,0.97,0,MC1
1.0,0.0,0.33,0.0,6.0,0.01,9.0,4.75,0,MC1
1.0,0.0,0.33,0.0,6.0,0.01,9.0,4.75,0,MC1
1.0,0.0,0.33,0.0,6.0,0.01,9.0,4.75,0,MC1
1.0,0.0,0.33,0.0,6.0,0.01,9.0,4.75,0,MC1
2.0,4.0,0.17,0.0,10.0,0.03,21.0,27.35,0,MC1
1.0,0.0,0.67,0.0,3.0,0.0,5.0,0.97,0,MC1
1.0,0.0,0.67,0.0,3.0,0.0,4.0,0.67,0,MC1
1.0,0.0,0.4,0.0,5.0,0.01,6.0,2.15,0,MC1
1.0,4.0,0.14,0.0,8.0,0.02,20.0,27.88,0,MC1
2.0,4.0,0.14,0.0,11.0,0.05,35.0,61.07,0,MC1
2.0,8.0,0.1,0.0,13.0,0.08,52.0,138.07,0,MC1
7.0,55.0,0.03,1.0,22.0,0.33,184.0,2232.3,0,MC1
1.0,0.0,0.15,0.0,8.0,0.02,16.0,20.5,0,MC1
3.0,23.0,0.05,0.0,17.0,0.13,80.0,441.16,0,MC1
1.0,0.0,0.13,0.0,9.0,0.02,18.0,26.89,0,MC1
3.0,19.0,0.09,0.0,12.0,0.07,46.0,126.11,0,MC1
2.0,12.0,0.11,0.0,11.0,0.04,31.0,65.39,0,MC1
5.0,12.0,0.06,0.0,13.0,0.1,63.0,265.51,0,MC1
1.0,4.0,0.38,0.0,4.0,0.01,9.0,3.74,0,MC1
3.0,13.0,0.14,0.0,9.0,0.04,29.0,45.57,0,MC1
3.0,13.0,0.13,0.0,10.0,0.04,31.0,53.86,0,MC1
2.0,4.0,0.15,0.0,8.0,0.03,21.0,29.61,0,MC1
1.0,0.0,0.33,0.0,6.0,0.01,7.0,3.28,0,MC1
2.0,0.0,0.13,0.0,9.0,0.02,14.0,20.91,0,MC1
1.0,0.0,0.4,0.0,5.0,0.01,7.0,2.73,0,MC1
2.0,0.0,0.2,0.0,8.0,0.02,13.0,12.95,0,MC1
1.0,6.0,0.2,0.0,7.0,0.03,23.0,24.32,0,MC1
1.0,0.0,1.0,0.0,1.0,0.0,3.0,0.17,0,MC1
1.0,0.0,1.0,0.0,1.0,0.0,3.0,0.17,0,MC1
1.0,0.0,0.0,0.0,0.0,0.0,2.0,0.0,0,MC1
1.0,0.0,0.67,0.0,3.0,0.0,4.0,0.67,0,MC1
2.0,0.0,0.5,0.0,4.0,0.01,6.0,1.72,0,MC1
2.0,0.0,0.4,0.0,5.0,0.01,7.0,2.73,0,MC1
1.0,0.0,0.4,0.0,5.0,0.01,7.0,2.73,0,MC1
4.0,11.0,0.06,0.0,14.0,0.07,45.0,175.69,0,MC1
1.0,3.0,0.5,0.0,4.0,0.01,11.0,3.67,0,MC1
1.0,0.0,0.4,0.0,5.0,0.01,9.0,3.75,0,MC1
2.0,0.0,0.25,0.0,6.0,0.01,10.0,7.04,0,MC1
2.0,3.0,0.25,0.0,8.0,0.02,15.0,12.69,0,MC1
1.0,0.0,0.0,0.0,1.0,0.0,1.0,0.0,0,MC1
1.0,2.0,0.5,0.0,4.0,0.01,9.0,3.0,0,MC1
1.0,3.0,0.5,0.0,4.0,0.01,13.0,4.58,0,MC1
1.0,0.0,0.4,0.0,5.0,0.01,11.0,4.84,0,MC1
1.0,0.0,0.5,0.0,4.0,0.01,6.0,1.72,0,MC1
1.0,0.0,0.5,0.0,4.0,0.01,6.0,1.72,0,MC1
1.0,0.0,0.5,0.0,4.0,0.01,6.0,1.72,0,MC1
1.0,0.0,0.67,0.0,3.0,0.0,5.0,0.97,0,MC1
1.0,1.0,0.67,0.0,3.0,0.0,5.0,0.97,0,MC1
1.0,0.0,0.5,0.0,4.0,0.0,5.0,1.29,0,MC1
1.0,2.0,0.5,0.0,4.0,0.01,6.0,1.72,0,MC1
1.0,1.0,0.0,0.0,1.0,0.0,1.0,0.0,0,MC1
1.0,2.0,0.5,0.0,4.0,0.01,6.0,1.72,0,MC1
1.0,0.0,0.5,0.0,4.0,0.01,6.0,1.72,0,MC1
1.0,0.0,0.5,0.0,4.0,0.01,7.0,2.18,0,MC1
1.0,1.0,0.0,0.0,0.0,0.0,3.0,0.0,0,MC1
1.0,0.0,0.0,0.0,0.0,0.0,0.0,0.0,0,MC1
1.0,0.0,0.0,0.0,0.0,0.0,1.0,0.0,0,MC1
1.0,4.0,0.33,0.0,4.0,0.02,17.0,9.41,0,MC1
1.0,0.0,0.3,0.0,5.0,0.01,9.0,5.0,0,MC1
1.0,0.0,0.4,0.0,5.0,0.01,9.0,3.23,0,MC1
1.0,2.0,0.67,0.0,3.0,0.0,5.0,0.97,0,MC1
1.0,0.0,0.5,0.0,4.0,0.01,6.0,1.72,0,MC1
1.0,0.0,0.21,0.0,7.0,0.02,15.0,12.92,0,MC1
1.0,3.0,0.5,0.0,4.0,0.01,11.0,3.67,0,MC1
3.0,7.0,0.08,0.0,14.0,0.05,35.0,113.81,0,MC1
1.0,0.0,0.5,0.0,4.0,0.01,7.0,2.18,0,MC1
2.0,5.0,0.24,0.0,7.0,0.02,19.0,15.95,0,MC1
2.0,4.0,0.18,0.0,9.0,0.02,17.0,19.66,0,MC1
1.0,0.0,0.29,0.0,7.0,0.01,9.0,5.55,0,MC1
1.0,0.0,0.29,0.0,7.0,0.01,9.0,5.55,0,MC1
1.0,0.0,0.0,0.0,0.0,0.0,0.0,0.0,0,MC1
1.0,0.0,0.4,0.0,5.0,0.01,6.0,2.15,0,MC1
1.0,0.0,0.29,0.0,7.0,0.01,12.0,8.07,0,MC1
1.0,0.0,0.0,0.0,0.0,0.0,0.0,0.0,0,MC1
1.0,0.0,0.0,0.0,0.0,0.0,0.0,0.0,0,MC1
1.0,0.0,0.0,0.0,0.0,0.0,0.0,0.0,0,MC1
1.0,0.0,0.0,0.0,0.0,0.0,0.0,0.0,0,MC1
2.0,0.0,0.0,0.0,0.0,0.0,0.0,0.0,0,MC1
1.0,0.0,0.0,0.0,0.0,0.0,0.0,0.0,0,MC1
1.0,0.0,0.0,0.0,0.0,0.0,0.0,0.0,0,MC1
1.0,0.0,0.0,0.0,0.0,0.0,0.0,0.0,0,MC1
1.0,0.0,0.22,0.0,6.0,0.01,11.0,8.25,0,MC1
2.0,8.0,0.1,0.0,12.0,0.05,34.0,79.6,0,MC1
1.0,0.0,0.4,0.0,5.0,0.01,8.0,3.33,0,MC1
1.0,0.0,0.5,0.0,4.0,0.01,6.0,1.72,0,MC1
1.0,0.0,0.29,0.0,7.0,0.01,8.0,4.67,0,MC1
1.0,0.0,0.5,0.0,4.0,0.01,6.0,1.72,0,MC1
2.0,6.0,0.11,0.0,9.0,0.04,29.0,56.65,0,MC1
1.0,5.0,0.15,0.0,8.0,0.04,28.0,41.67,0,MC1
1.0,0.0,0.17,0.0,8.0,0.02,15.0,16.61,0,MC1
1.0,0.0,0.17,0.0,8.0,0.02,15.0,16.61,0,MC1
1.0,0.0,0.17,0.0,8.0,0.02,15.0,16.61,0,MC1
1.0,0.0,0.4,0.0,5.0,0.01,6.0,2.15,0,MC1
1.0,0.0,0.4,0.0,5.0,0.01,6.0,2.15,0,MC1
1.0,0.0,0.0,0.0,0.0,0.0,0.0,0.0,0,MC1
1.0,0.0,0.5,0.0,4.0,0.0,5.0,1.29,0,MC1
1.0,0.0,0.0,0.0,0.0,0.0,0.0,0.0,0,MC1
1.0,0.0,0.5,0.0,4.0,0.01,6.0,1.72,0,MC1
1.0,0.0,0.5,0.0,4.0,0.01,6.0,1.72,0,MC1
3.0,9.0,0.12,0.0,11.0,0.05,34.0,69.84,0,MC1
1.0,3.0,0.5,0.0,4.0,0.01,13.0,4.58,0,MC1
3.0,9.0,0.1,0.0,12.0,0.06,38.0,90.38,0,MC1
1.0,0.0,0.5,0.0,4.0,0.01,9.0,3.0,0,MC1
1.0,0.0,0.5,0.0,4.0,0.01,6.0,1.72,0,MC1
1.0,0.0,0.5,0.0,4.0,0.01,6.0,1.72,0,MC1
2.0,0.0,0.5,0.0,4.0,0.01,6.0,1.72,0,MC1
1.0,0.0,0.5,0.0,4.0,0.0,5.0,1.29,0,MC1
2.0,0.0,0.5,0.0,4.0,0.01,6.0,1.72,0,MC1
1.0,0.0,0.33,0.0,6.0,0.01,11.0,6.09,0,MC1
1.0,0.0,0.5,0.0,4.0,0.01,6.0,1.72,0,MC1
1.0,0.0,0.5,0.0,4.0,0.01,6.0,1.72,0,MC1
1.0,0.0,0.5,0.0,4.0,0.01,6.0,1.72,0,MC1
1.0,0.0,0.5,0.0,4.0,0.0,5.0,1.29,0,MC1
1.0,0.0,0.5,0.0,4.0,0.01,6.0,1.72,0,MC1
1.0,2.0,0.4,0.0,5.0,0.01,8.0,3.12,0,MC1
1.0,2.0,0.67,0.0,3.0,0.0,4.0,0.67,0,MC1
1.0,0.0,0.67,0.0,3.0,0.0,4.0,0.67,0,MC1
1.0,2.0,0.67,0.0,3.0,0.0,4.0,0.67,0,MC1
1.0,2.0,0.67,0.0,3.0,0.0,4.0,0.67,0,MC1
1.0,2.0,0.15,0.0,8.0,0.02,17.0,21.78,0,MC1
1.0,3.0,0.4,0.0,5.0,0.01,10.0,4.17,0,MC1
1.0,0.0,0.4,0.0,5.0,0.01,7.0,2.73,0,MC1
1.0,0.0,0.5,0.0,4.0,0.01,6.0,1.72,0,MC1
1.0,0.0,0.5,0.0,4.0,0.01,6.0,1.72,0,MC1
1.0,0.0,0.33,0.0,6.0,0.01,7.0,3.28,0,MC1
1.0,0.0,0.33,0.0,6.0,0.01,7.0,3.28,0,MC1
1.0,2.0,0.4,0.0,5.0,0.01,8.0,3.12,0,MC1
1.0,2.0,0.67,0.0,3.0,0.0,4.0,0.67,0,MC1
1.0,0.0,0.67,0.0,3.0,0.0,4.0,0.67,0,MC1
1.0,2.0,0.67,0.0,3.0,0.0,4.0,0.67,0,MC1
1.0,2.0,0.67,0.0,3.0,0.0,4.0,0.67,0,MC1
1.0,0.0,0.67,0.0,3.0,0.0,4.0,0.67,0,MC1
1.0,0.0,0.67,0.0,3.0,0.0,4.0,0.67,0,MC1
1.0,0.0,0.5,0.0,4.0,0.01,6.0,1.72,0,MC1
1.0,3.0,0.33,0.0,4.0,0.01,8.0,3.45,0,MC1
2.0,7.0,0.19,0.0,7.0,0.03,22.0,23.74,0,MC1
2.0,10.0,0.11,0.0,9.0,0.07,46.0,99.4,0,MC1
1.0,0.0,0.33,0.0,6.0,0.01,9.0,4.5,0,MC1
1.0,0.0,0.5,0.0,4.0,0.01,8.0,2.5,0,MC1
2.0,5.0,0.16,0.0,8.0,0.04,28.0,38.2,0,MC1
1.0,0.0,0.17,0.0,8.0,0.02,15.0,16.61,0,MC1
1.0,3.0,0.33,0.0,6.0,0.02,15.0,8.96,0,MC1
1.0,3.0,0.33,0.0,6.0,0.01,9.0,4.75,0,MC1
2.0,5.0,0.29,0.0,7.0,0.02,15.0,10.46,0,MC1
2.0,4.0,0.18,0.0,7.0,0.02,17.0,18.96,0,MC1
1.0,0.0,0.67,0.0,3.0,0.0,5.0,0.97,0,MC1
1.0,0.0,0.4,0.0,5.0,0.01,10.0,4.4,0,MC1
1.0,0.0,0.67,0.0,3.0,0.0,5.0,0.97,0,MC1
1.0,0.0,0.5,0.0,4.0,0.01,6.0,1.72,0,MC1
1.0,0.0,0.5,0.0,4.0,0.01,6.0,1.72,0,MC1
1.0,0.0,0.5,0.0,4.0,0.01,6.0,1.72,0,MC1
1.0,0.0,0.5,0.0,4.0,0.01,6.0,1.72,0,MC1
2.0,7.0,0.14,0.0,9.0,0.04,28.0,46.49,0,MC1
1.0,0.0,0.33,0.0,6.0,0.01,9.0,4.75,0,MC1
1.0,0.0,0.33,0.0,6.0,0.01,9.0,4.75,0,MC1
1.0,0.0,0.33,0.0,6.0,0.01,9.0,4.75,0,MC1
1.0,0.0,0.33,0.0,6.0,0.01,9.0,4.75,0,MC1
2.0,4.0,0.17,0.0,10.0,0.03,21.0,27.35,0,MC1
1.0,4.0,0.4,0.0,3.0,0.01,10.0,3.59,0,MC1
1.0,4.0,0.22,0.0,5.0,0.02,22.0,18.27,0,MC1
1.0,2.0,0.5,0.0,4.0,0.01,7.0,2.18,0,MC1
18.0,57.0,0.02,0.0,28.0,0.69,333.0,4977.09,0,MC1
7.0,52.0,0.04,5.0,23.0,0.48,239.0,2251.51,0,MC1
20.0,88.0,0.02,2.0,29.0,0.96,444.0,6965.76,0,MC1
1.0,3.0,0.67,0.0,3.0,0.01,9.0,2.11,0,MC1
4.0,50.0,0.03,14.0,15.0,0.5,276.0,2674.37,0,MC1
4.0,50.0,0.03,14.0,15.0,0.5,276.0,2674.37,0,MC1
2.0,10.0,0.21,0.0,8.0,0.03,21.0,20.73,0,MC1
5.0,16.0,0.1,0.0,11.0,0.13,77.0,218.74,0,MC1
5.0,21.0,0.12,4.0,10.0,0.14,83.0,195.81,0,MC1
3.0,13.0,0.11,0.0,10.0,0.05,34.0,71.69,0,MC1
3.0,12.0,0.14,0.0,9.0,0.05,37.0,62.87,0,MC1
6.0,29.0,0.09,4.0,12.0,0.17,98.0,324.83,0,MC1
2.0,10.0,0.2,0.0,9.0,0.03,25.0,28.74,0,MC1
2.0,12.0,0.15,1.0,11.0,0.04,30.0,48.42,0,MC1
5.0,32.0,0.07,4.0,14.0,0.13,78.0,314.37,0,MC1
4.0,23.0,0.08,3.0,13.0,0.1,61.0,199.12,0,MC1
2.0,10.0,0.17,0.0,9.0,0.03,25.0,32.14,0,MC1
20.0,91.0,0.03,0.0,21.0,0.63,315.0,3470.73,0,MC1
9.0,55.0,0.05,1.0,20.0,0.31,164.0,1091.2,0,MC1
23.0,111.0,0.03,0.0,22.0,0.79,382.0,4759.93,0,MC1
2.0,10.0,0.2,0.0,9.0,0.03,25.0,28.74,0,MC1
2.0,12.0,0.15,1.0,11.0,0.04,30.0,48.42,0,MC1
7.0,37.0,0.06,4.0,14.0,0.24,134.0,640.0,0,MC1
4.0,23.0,0.08,3.0,13.0,0.1,65.0,215.24,0,MC1
2.0,12.0,0.2,1.0,7.0,0.09,56.0,73.04,0,MC1
2.0,10.0,0.17,0.0,9.0,0.03,25.0,32.14,0,MC1
2.0,0.0,0.3,0.0,5.0,0.01,9.0,5.0,0,MC1
2.0,0.0,0.33,0.0,6.0,0.01,11.0,6.09,0,MC1
1.0,0.0,1.0,0.0,2.0,0.0,4.0,0.44,0,MC1
13.0,69.0,0.03,32.0,24.0,0.37,199.0,2274.81,1,MC1
1.0,13.0,0.1,6.0,11.0,0.08,55.0,139.37,0,MC1
1.0,13.0,0.1,6.0,11.0,0.08,55.0,139.37,0,MC1
2.0,8.0,0.13,1.0,6.0,0.01,14.0,17.5,0,MC1
2.0,8.0,0.13,1.0,6.0,0.01,14.0,17.5,0,MC1
6.0,25.0,0.13,10.0,7.0,0.09,63.0,114.03,0,MC1
1.0,4.0,0.14,0.0,8.0,0.02,20.0,27.88,0,MC1
2.0,4.0,0.14,0.0,11.0,0.05,35.0,61.07,0,MC1
2.0,8.0,0.1,0.0,13.0,0.08,52.0,138.07,0,MC1
7.0,55.0,0.03,1.0,22.0,0.33,184.0,2232.3,0,MC1
1.0,0.0,0.15,0.0,8.0,0.02,16.0,20.5,0,MC1
3.0,23.0,0.05,0.0,17.0,0.13,80.0,441.16,0,MC1
1.0,0.0,0.13,0.0,9.0,0.02,18.0,26.89,0,MC1
3.0,19.0,0.09,0.0,12.0,0.07,46.0,126.11,0,MC1
2.0,12.0,0.11,0.0,11.0,0.04,31.0,65.39,0,MC1
5.0,12.0,0.06,0.0,13.0,0.1,63.0,265.51,0,MC1
1.0,4.0,0.38,0.0,4.0,0.01,9.0,3.74,0,MC1
3.0,13.0,0.14,0.0,9.0,0.04,29.0,45.57,0,MC1
3.0,13.0,0.13,0.0,10.0,0.04,31.0,53.86,0,MC1
2.0,4.0,0.15,0.0,8.0,0.03,21.0,29.61,0,MC1
1.0,0.0,0.33,0.0,6.0,0.01,7.0,3.28,0,MC1
2.0,0.0,0.13,0.0,9.0,0.02,14.0,20.91,0,MC1
1.0,0.0,0.4,0.0,5.0,0.01,7.0,2.73,0,MC1
2.0,0.0,0.2,0.0,8.0,0.02,13.0,12.95,0,MC1
1.0,6.0,0.2,0.0,7.0,0.03,23.0,24.32,0,MC1
2.0,0.0,0.5,0.0,4.0,0.01,6.0,1.72,0,MC1
2.0,0.0,0.4,0.0,5.0,0.01,7.0,2.73,0,MC1
4.0,11.0,0.06,0.0,14.0,0.07,45.0,175.69,0,MC1
2.0,3.0,0.25,0.0,8.0,0.02,15.0,12.69,0,MC1
1.0,0.0,0.0,0.0,1.0,0.0,1.0,0.0,0,MC1
1.0,2.0,0.5,0.0,4.0,0.01,9.0,3.0,0,MC1
1.0,0.0,0.5,0.0,4.0,0.01,6.0,1.72,0,MC1
1.0,0.0,0.5,0.0,4.0,0.01,6.0,1.72,0,MC1
1.0,0.0,0.5,0.0,4.0,0.01,6.0,1.72,0,MC1
1.0,0.0,0.67,0.0,3.0,0.0,5.0,0.97,0,MC1
1.0,1.0,0.67,0.0,3.0,0.0,5.0,0.97,0,MC1
1.0,0.0,0.5,0.0,4.0,0.0,5.0,1.29,0,MC1
1.0,2.0,0.5,0.0,4.0,0.01,6.0,1.72,0,MC1
1.0,1.0,0.0,0.0,1.0,0.0,1.0,0.0,0,MC1
1.0,2.0,0.5,0.0,4.0,0.01,6.0,1.72,0,MC1
1.0,0.0,0.4,0.0,5.0,0.01,9.0,3.23,0,MC1
1.0,0.0,0.5,0.0,4.0,0.01,6.0,1.72,0,MC1
1.0,0.0,0.21,0.0,7.0,0.02,15.0,12.92,0,MC1
3.0,7.0,0.08,0.0,14.0,0.05,35.0,113.81,0,MC1
2.0,5.0,0.24,0.0,7.0,0.02,19.0,15.95,0,MC1
2.0,4.0,0.18,0.0,9.0,0.02,17.0,19.66,0,MC1
1.0,0.0,0.0,0.0,0.0,0.0,0.0,0.0,0,MC1
1.0,0.0,0.4,0.0,5.0,0.01,6.0,2.15,0,MC1
1.0,0.0,0.29,0.0,7.0,0.01,12.0,8.07,0,MC1
1.0,0.0,0.0,0.0,0.0,0.0,0.0,0.0,0,MC1
1.0,0.0,0.0,0.0,0.0,0.0,0.0,0.0,0,MC1
1.0,0.0,0.0,0.0,0.0,0.0,0.0,0.0,0,MC1
1.0,0.0,0.0,0.0,0.0,0.0,0.0,0.0,0,MC1
2.0,0.0,0.0,0.0,0.0,0.0,0.0,0.0,0,MC1
1.0,0.0,0.0,0.0,0.0,0.0,0.0,0.0,0,MC1
1.0,0.0,0.0,0.0,0.0,0.0,0.0,0.0,0,MC1
1.0,0.0,0.22,0.0,6.0,0.01,11.0,8.25,0,MC1
2.0,8.0,0.1,0.0,12.0,0.05,34.0,79.6,0,MC1
1.0,0.0,0.4,0.0,5.0,0.01,8.0,3.33,0,MC1
1.0,0.0,0.5,0.0,4.0,0.01,6.0,1.72,0,MC1
1.0,0.0,0.29,0.0,7.0,0.01,8.0,4.67,0,MC1
1.0,0.0,0.5,0.0,4.0,0.01,6.0,1.72,0,MC1
1.0,0.0,0.17,0.0,8.0,0.02,15.0,16.61,0,MC1
1.0,0.0,0.17,0.0,8.0,0.02,15.0,16.61,0,MC1
1.0,0.0,0.17,0.0,8.0,0.02,15.0,16.61,0,MC1
2.0,6.0,0.09,0.0,12.0,0.04,28.0,73.63,0,MC1
8.0,51.0,0.03,12.0,20.0,0.37,206.0,2283.99,0,MC1
3.0,13.0,0.08,0.0,14.0,0.06,41.0,127.89,0,MC1
4.0,22.0,0.05,3.0,16.0,0.13,80.0,427.32,0,MC1
1.0,0.0,0.5,0.0,4.0,0.01,6.0,1.72,0,MC1
1.0,0.0,0.5,0.0,4.0,0.01,6.0,1.72,0,MC1
1.0,0.0,0.5,0.0,4.0,0.01,6.0,1.72,0,MC1
1.0,0.0,0.5,0.0,4.0,0.01,6.0,1.72,0,MC1
2.0,0.0,0.5,0.0,4.0,0.01,6.0,1.72,0,MC1
1.0,0.0,0.5,0.0,4.0,0.0,5.0,1.29,0,MC1
2.0,0.0,0.5,0.0,4.0,0.01,6.0,1.72,0,MC1
1.0,0.0,0.33,0.0,6.0,0.01,11.0,6.09,0,MC1
1.0,0.0,0.5,0.0,4.0,0.01,6.0,1.72,0,MC1
1.0,0.0,0.5,0.0,4.0,0.01,6.0,1.72,0,MC1
1.0,0.0,0.5,0.0,4.0,0.01,6.0,1.72,0,MC1
1.0,0.0,0.5,0.0,4.0,0.0,5.0,1.29,0,MC1
1.0,0.0,0.5,0.0,4.0,0.01,6.0,1.72,0,MC1
7.0,38.0,0.04,0.0,23.0,0.3,158.0,1250.07,0,MC1
5.0,27.0,0.06,0.0,15.0,0.19,107.0,517.28,0,MC1
1.0,2.0,0.4,0.0,5.0,0.01,8.0,3.12,0,MC1
1.0,2.0,0.67,0.0,3.0,0.0,4.0,0.67,0,MC1
1.0,0.0,0.67,0.0,3.0,0.0,4.0,0.67,0,MC1
1.0,2.0,0.67,0.0,3.0,0.0,4.0,0.67,0,MC1
1.0,2.0,0.67,0.0,3.0,0.0,4.0,0.67,0,MC1
1.0,3.0,0.4,0.0,5.0,0.01,10.0,4.17,0,MC1
1.0,0.0,0.4,0.0,5.0,0.01,7.0,2.73,0,MC1
1.0,0.0,0.33,0.0,6.0,0.01,7.0,3.28,0,MC1
1.0,0.0,0.33,0.0,6.0,0.01,7.0,3.28,0,MC1
1.0,2.0,0.4,0.0,5.0,0.01,8.0,3.12,0,MC1
1.0,2.0,0.67,0.0,3.0,0.0,4.0,0.67,0,MC1
1.0,0.0,0.67,0.0,3.0,0.0,4.0,0.67,0,MC1
1.0,2.0,0.67,0.0,3.0,0.0,4.0,0.67,0,MC1
1.0,2.0,0.67,0.0,3.0,0.0,4.0,0.67,0,MC1
1.0,0.0,0.67,0.0,3.0,0.0,4.0,0.67,0,MC1
1.0,0.0,0.67,0.0,3.0,0.0,4.0,0.67,0,MC1
1.0,0.0,0.5,0.0,4.0,0.01,6.0,1.72,0,MC1
1.0,2.0,0.25,0.0,4.0,0.02,17.0,11.33,0,MC1
1.0,0.0,0.33,0.0,6.0,0.01,9.0,4.5,0,MC1
1.0,0.0,0.17,0.0,8.0,0.02,15.0,16.61,0,MC1
5.0,16.0,0.1,0.0,15.0,0.1,62.0,173.75,1,MC1
1.0,5.0,0.26,0.0,7.0,0.04,28.0,24.77,0,MC1
5.0,20.0,0.04,0.0,18.0,0.13,80.0,503.04,1,MC1
1.0,7.0,0.12,0.0,11.0,0.04,31.0,62.07,0,MC1
1.0,13.0,0.11,0.0,12.0,0.1,62.0,149.03,0,MC1
3.0,9.0,0.14,2.0,7.0,0.07,49.0,80.95,0,MC1
1.0,20.0,0.1,5.0,12.0,0.17,99.0,293.08,0,MC1
1.0,6.0,0.16,0.0,9.0,0.05,37.0,54.52,0,MC1
2.0,27.0,0.08,0.0,9.0,0.3,176.0,665.58,0,MC1
1.0,3.0,0.33,0.0,6.0,0.01,9.0,4.75,0,MC1
2.0,5.0,0.29,0.0,7.0,0.02,15.0,10.46,0,MC1
2.0,4.0,0.18,0.0,7.0,0.02,17.0,18.96,0,MC1
1.0,0.0,0.67,0.0,3.0,0.0,5.0,0.97,0,MC1
1.0,0.0,0.4,0.0,5.0,0.01,10.0,4.4,0,MC1
1.0,0.0,0.67,0.0,3.0,0.0,5.0,0.97,0,MC1
1.0,0.0,0.5,0.0,4.0,0.01,6.0,1.72,0,MC1
1.0,0.0,0.5,0.0,4.0,0.01,6.0,1.72,0,MC1
1.0,0.0,0.5,0.0,4.0,0.01,6.0,1.72,0,MC1
1.0,0.0,0.5,0.0,4.0,0.01,6.0,1.72,0,MC1
3.0,55.0,0.08,6.0,14.0,0.43,219.0,940.25,1,MC1
1.0,11.0,0.1,0.0,6.0,0.04,40.0,70.44,1,MC1
1.0,0.0,0.33,0.0,6.0,0.01,9.0,4.75,0,MC1
1.0,0.0,0.33,0.0,6.0,0.01,9.0,4.75,0,MC1
1.0,0.0,0.33,0.0,6.0,0.01,9.0,4.75,0,MC1
1.0,0.0,0.33,0.0,6.0,0.01,9.0,4.75,0,MC1
2.0,4.0,0.17,0.0,10.0,0.03,21.0,27.35,0,MC1
38.0,236.0,0.02,5.0,33.0,2.46,970.0,18747.65,1,MC1
1.0,4.0,0.14,0.0,8.0,0.02,20.0,27.88,0,MC1
2.0,4.0,0.14,0.0,11.0,0.05,35.0,61.07,0,MC1
2.0,8.0,0.1,0.0,13.0,0.08,52.0,138.07,0,MC1
7.0,55.0,0.03,1.0,22.0,0.33,184.0,2232.3,0,MC1
1.0,0.0,0.15,0.0,8.0,0.02,16.0,20.5,0,MC1
3.0,23.0,0.05,0.0,17.0,0.13,80.0,441.16,0,MC1
1.0,0.0,0.13,0.0,9.0,0.02,18.0,26.89,0,MC1
3.0,19.0,0.09,0.0,12.0,0.07,46.0,126.11,0,MC1
2.0,12.0,0.11,0.0,11.0,0.04,31.0,65.39,0,MC1
5.0,12.0,0.06,0.0,13.0,0.1,63.0,265.51,0,MC1
1.0,4.0,0.38,0.0,4.0,0.01,9.0,3.74,0,MC1
3.0,13.0,0.14,0.0,9.0,0.04,29.0,45.57,0,MC1
3.0,13.0,0.13,0.0,10.0,0.04,31.0,53.86,0,MC1
2.0,4.0,0.15,0.0,8.0,0.03,21.0,29.61,0,MC1
1.0,0.0,0.33,0.0,6.0,0.01,7.0,3.28,0,MC1
2.0,0.0,0.13,0.0,9.0,0.02,14.0,20.91,0,MC1
1.0,0.0,0.4,0.0,5.0,0.01,7.0,2.73,0,MC1
2.0,0.0,0.2,0.0,8.0,0.02,13.0,12.95,0,MC1
1.0,6.0,0.2,0.0,7.0,0.03,23.0,24.32,0,MC1
2.0,0.0,0.5,0.0,4.0,0.01,6.0,1.72,0,MC1
2.0,0.0,0.4,0.0,5.0,0.01,7.0,2.73,0,MC1
4.0,11.0,0.06,0.0,14.0,0.07,45.0,175.69,0,MC1
2.0,3.0,0.25,0.0,8.0,0.02,15.0,12.69,0,MC1
1.0,0.0,0.0,0.0,1.0,0.0,1.0,0.0,0,MC1
1.0,2.0,0.5,0.0,4.0,0.01,9.0,3.0,0,MC1
1.0,0.0,0.5,0.0,4.0,0.01,6.0,1.72,0,MC1
1.0,0.0,0.5,0.0,4.0,0.01,6.0,1.72,0,MC1
1.0,0.0,0.5,0.0,4.0,0.01,6.0,1.72,0,MC1
1.0,0.0,0.67,0.0,3.0,0.0,5.0,0.97,0,MC1
1.0,1.0,0.67,0.0,3.0,0.0,5.0,0.97,0,MC1
1.0,0.0,0.5,0.0,4.0,0.0,5.0,1.29,0,MC1
1.0,2.0,0.5,0.0,4.0,0.01,6.0,1.72,0,MC1
1.0,1.0,0.0,0.0,1.0,0.0,1.0,0.0,0,MC1
1.0,2.0,0.5,0.0,4.0,0.01,6.0,1.72,0,MC1
1.0,0.0,0.4,0.0,5.0,0.01,9.0,3.23,0,MC1
1.0,2.0,0.67,0.0,3.0,0.0,5.0,0.97,0,MC1
1.0,0.0,0.5,0.0,4.0,0.01,6.0,1.72,0,MC1
1.0,0.0,0.21,0.0,7.0,0.02,15.0,12.92,0,MC1
3.0,7.0,0.08,0.0,14.0,0.05,35.0,113.81,0,MC1
2.0,5.0,0.24,0.0,7.0,0.02,19.0,15.95,0,MC1
2.0,4.0,0.18,0.0,9.0,0.02,17.0,19.66,0,MC1
1.0,0.0,0.0,0.0,0.0,0.0,0.0,0.0,0,MC1
1.0,0.0,0.4,0.0,5.0,0.01,6.0,2.15,0,MC1
1.0,0.0,0.29,0.0,7.0,0.01,12.0,8.07,0,MC1
1.0,0.0,0.0,0.0,0.0,0.0,0.0,0.0,0,MC1
1.0,0.0,0.0,0.0,0.0,0.0,0.0,0.0,0,MC1
1.0,0.0,0.0,0.0,0.0,0.0,0.0,0.0,0,MC1
1.0,0.0,0.0,0.0,0.0,0.0,0.0,0.0,0,MC1
2.0,0.0,0.0,0.0,0.0,0.0,0.0,0.0,0,MC1
1.0,0.0,0.0,0.0,0.0,0.0,0.0,0.0,0,MC1
1.0,0.0,0.0,0.0,0.0,0.0,0.0,0.0,0,MC1
1.0,0.0,0.22,0.0,6.0,0.01,11.0,8.25,0,MC1
2.0,8.0,0.1,0.0,12.0,0.05,34.0,79.6,0,MC1
1.0,0.0,0.4,0.0,5.0,0.01,8.0,3.33,0,MC1
1.0,0.0,0.5,0.0,4.0,0.01,6.0,1.72,0,MC1
1.0,0.0,0.29,0.0,7.0,0.01,8.0,4.67,0,MC1
1.0,0.0,0.5,0.0,4.0,0.01,6.0,1.72,0,MC1
1.0,0.0,0.17,0.0,8.0,0.02,15.0,16.61,0,MC1
1.0,0.0,0.17,0.0,8.0,0.02,15.0,16.61,0,MC1
1.0,0.0,0.17,0.0,8.0,0.02,15.0,16.61,0,MC1
1.0,0.0,0.5,0.0,4.0,0.01,6.0,1.72,0,MC1
1.0,0.0,0.5,0.0,4.0,0.01,6.0,1.72,0,MC1
1.0,0.0,0.5,0.0,4.0,0.01,6.0,1.72,0,MC1
1.0,0.0,0.5,0.0,4.0,0.01,6.0,1.72,0,MC1
2.0,0.0,0.5,0.0,4.0,0.01,6.0,1.72,0,MC1
1.0,0.0,0.5,0.0,4.0,0.0,5.0,1.29,0,MC1
2.0,0.0,0.5,0.0,4.0,0.01,6.0,1.72,0,MC1
1.0,0.0,0.33,0.0,6.0,0.01,11.0,6.09,0,MC1
1.0,0.0,0.5,0.0,4.0,0.01,6.0,1.72,0,MC1
1.0,0.0,0.5,0.0,4.0,0.01,6.0,1.72,0,MC1
1.0,0.0,0.5,0.0,4.0,0.01,6.0,1.72,0,MC1
1.0,0.0,0.5,0.0,4.0,0.0,5.0,1.29,0,MC1
1.0,0.0,0.5,0.0,4.0,0.01,6.0,1.72,0,MC1
1.0,2.0,0.4,0.0,5.0,0.01,8.0,3.12,0,MC1
1.0,2.0,0.67,0.0,3.0,0.0,4.0,0.67,0,MC1
1.0,0.0,0.67,0.0,3.0,0.0,4.0,0.67,0,MC1
1.0,2.0,0.67,0.0,3.0,0.0,4.0,0.67,0,MC1
1.0,2.0,0.67,0.0,3.0,0.0,4.0,0.67,0,MC1
1.0,3.0,0.4,0.0,5.0,0.01,10.0,4.17,0,MC1
1.0,0.0,0.4,0.0,5.0,0.01,7.0,2.73,0,MC1
1.0,0.0,0.33,0.0,6.0,0.01,7.0,3.28,0,MC1
1.0,0.0,0.33,0.0,6.0,0.01,7.0,3.28,0,MC1
1.0,2.0,0.4,0.0,5.0,0.01,8.0,3.12,0,MC1
1.0,2.0,0.67,0.0,3.0,0.0,4.0,0.67,0,MC1
1.0,0.0,0.67,0.0,3.0,0.0,4.0,0.67,0,MC1
1.0,2.0,0.67,0.0,3.0,0.0,4.0,0.67,0,MC1
1.0,2.0,0.67,0.0,3.0,0.0,4.0,0.67,0,MC1
1.0,0.0,0.67,0.0,3.0,0.0,4.0,0.67,0,MC1
1.0,0.0,0.67,0.0,3.0,0.0,4.0,0.67,0,MC1
1.0,0.0,0.5,0.0,4.0,0.01,6.0,1.72,0,MC1
1.0,0.0,0.33,0.0,6.0,0.01,9.0,4.5,0,MC1
1.0,0.0,0.17,0.0,8.0,0.02,15.0,16.61,0,MC1
1.0,3.0,0.67,0.0,3.0,0.01,8.0,2.0,0,MC1
1.0,3.0,0.33,0.0,6.0,0.01,9.0,4.75,0,MC1
2.0,5.0,0.29,0.0,7.0,0.02,15.0,10.46,0,MC1
2.0,4.0,0.18,0.0,7.0,0.02,17.0,18.96,0,MC1
1.0,0.0,0.67,0.0,3.0,0.0,5.0,0.97,0,MC1
1.0,0.0,0.4,0.0,5.0,0.01,10.0,4.4,0,MC1
1.0,0.0,0.67,0.0,3.0,0.0,5.0,0.97,0,MC1
1.0,0.0,0.5,0.0,4.0,0.01,6.0,1.72,0,MC1
1.0,0.0,0.5,0.0,4.0,0.01,6.0,1.72,0,MC1
1.0,0.0,0.5,0.0,4.0,0.01,6.0,1.72,0,MC1
1.0,0.0,0.5,0.0,4.0,0.01,6.0,1.72,0,MC1
2.0,7.0,0.14,0.0,9.0,0.04,28.0,46.49,0,MC1
1.0,0.0,0.33,0.0,6.0,0.01,9.0,4.75,0,MC1
1.0,0.0,0.33,0.0,6.0,0.01,9.0,4.75,0,MC1
1.0,0.0,0.33,0.0,6.0,0.01,9.0,4.75,0,MC1
1.0,0.0,0.33,0.0,6.0,0.01,9.0,4.75,0,MC1
2.0,4.0,0.17,0.0,10.0,0.03,21.0,27.35,0,MC1
1.0,9.0,0.63,0.0,3.0,0.05,33.0,12.23,0,MC1
1.0,9.0,0.63,0.0,3.0,0.05,33.0,12.23,0,MC1
1.0,9.0,0.63,0.0,3.0,0.05,33.0,12.23,0,MC1
1.0,9.0,0.63,0.0,3.0,0.05,33.0,12.23,0,MC1
1.0,9.0,0.63,0.0,3.0,0.05,33.0,12.23,0,MC1
1.0,9.0,0.63,0.0,3.0,0.05,33.0,12.23,0,MC1
1.0,9.0,0.63,0.0,3.0,0.05,33.0,12.23,0,MC1
1.0,9.0,0.63,0.0,3.0,0.05,33.0,12.23,0,MC1
1.0,9.0,0.63,0.0,3.0,0.05,33.0,12.23,0,MC1
1.0,9.0,0.63,0.0,3.0,0.05,33.0,12.23,0,MC1
1.0,7.0,0.56,0.0,3.0,0.03,25.0,9.25,0,MC1
1.0,7.0,0.56,0.0,3.0,0.03,25.0,9.25,0,MC1
1.0,9.0,0.63,0.0,3.0,0.05,33.0,12.23,0,MC1
1.0,9.0,0.63,0.0,3.0,0.05,33.0,12.23,0,MC1
1.0,9.0,0.63,0.0,3.0,0.05,33.0,12.23,0,MC1
1.0,9.0,0.63,0.0,3.0,0.05,33.0,12.23,0,MC1
1.0,9.0,0.63,0.0,3.0,0.05,33.0,12.23,0,MC1
1.0,9.0,0.63,0.0,3.0,0.05,33.0,12.23,0,MC1
1.0,9.0,0.63,0.0,3.0,0.05,33.0,12.23,0,MC1
1.0,9.0,0.63,0.0,3.0,0.05,33.0,12.23,0,MC1
1.0,9.0,0.63,0.0,3.0,0.05,33.0,12.23,0,MC1
1.0,9.0,0.63,0.0,3.0,0.05,33.0,12.23,0,MC1
1.0,2.0,0.67,0.0,3.0,0.0,4.0,0.67,0,MC1
1.0,2.0,0.67,0.0,3.0,0.0,4.0,0.67,0,MC1
1.0,17.0,0.38,0.0,4.0,0.1,65.0,46.29,0,MC1
1.0,19.0,0.35,0.0,4.0,0.12,73.0,56.74,0,MC1
1.0,19.0,0.35,0.0,4.0,0.12,73.0,56.74,0,MC1
1.0,17.0,0.38,0.0,4.0,0.1,65.0,46.29,0,MC1
1.0,17.0,0.38,0.0,4.0,0.1,65.0,46.29,0,MC1
1.0,19.0,0.33,0.0,4.0,0.12,73.0,58.49,0,MC1
1.0,17.0,0.38,0.0,4.0,0.1,65.0,46.29,0,MC1
1.0,19.0,0.33,0.0,4.0,0.12,73.0,58.49,0,MC1
1.0,15.0,0.11,4.0,8.0,0.12,83.0,182.13,0,MC1
1.0,15.0,0.11,4.0,8.0,0.12,83.0,182.13,0,MC1
2.0,9.0,0.17,0.0,6.0,0.02,21.0,23.25,0,MC1
2.0,9.0,0.17,0.0,6.0,0.02,21.0,23.25,0,MC1
4.0,17.0,0.11,5.0,11.0,0.07,48.0,111.89,1,MC1
4.0,17.0,0.09,5.0,11.0,0.07,48.0,127.16,1,MC1
1.0,0.0,0.67,0.0,3.0,0.0,4.0,0.67,0,MC1
1.0,0.0,0.67,0.0,3.0,0.0,4.0,0.67,0,MC1
1.0,0.0,0.67,0.0,3.0,0.0,5.0,0.97,0,MC1
1.0,0.0,0.67,0.0,3.0,0.0,5.0,0.97,0,MC1
14.0,92.0,0.02,5.0,24.0,0.8,389.0,5700.68,0,MC1
14.0,92.0,0.02,5.0,24.0,0.8,389.0,5700.68,0,MC1
2.0,7.0,0.15,0.0,8.0,0.03,26.0,37.56,0,MC1
2.0,7.0,0.15,0.0,8.0,0.03,26.0,37.56,0,MC1
13.0,92.0,0.03,5.0,24.0,0.82,387.0,4805.79,0,MC1
13.0,92.0,0.03,5.0,24.0,0.82,387.0,4805.79,0,MC1
1.0,0.0,0.67,0.0,3.0,0.0,4.0,0.67,0,MC1
1.0,0.0,0.67,0.0,3.0,0.0,5.0,0.97,0,MC1
1.0,0.0,0.67,0.0,3.0,0.0,4.0,0.67,0,MC1
1.0,0.0,0.67,0.0,3.0,0.0,5.0,0.97,0,MC1
1.0,0.0,0.67,0.0,3.0,0.0,4.0,0.67,0,MC1
1.0,0.0,0.67,0.0,3.0,0.0,5.0,0.97,0,MC1
1.0,0.0,0.67,0.0,3.0,0.0,4.0,0.67,0,MC1
1.0,0.0,0.67,0.0,3.0,0.0,5.0,0.97,0,MC1
1.0,0.0,0.0,0.0,1.0,0.0,1.0,0.0,0,MC1
1.0,0.0,0.0,0.0,0.0,0.0,0.0,0.0,0,MC1
1.0,0.0,0.67,0.0,3.0,0.0,4.0,0.67,0,MC1
1.0,0.0,0.67,0.0,3.0,0.0,4.0,0.67,0,MC1
1.0,0.0,0.67,0.0,3.0,0.0,4.0,0.67,0,MC1
1.0,0.0,0.67,0.0,3.0,0.0,4.0,0.67,0,MC1
1.0,0.0,0.67,0.0,3.0,0.0,4.0,0.67,0,MC1
1.0,0.0,0.33,0.0,6.0,0.01,9.0,4.75,0,MC1
1.0,0.0,0.67,0.0,3.0,0.0,4.0,0.67,0,MC1
1.0,0.0,0.67,0.0,3.0,0.0,4.0,0.67,0,MC1
1.0,0.0,0.67,0.0,3.0,0.0,4.0,0.67,0,MC1
1.0,9.0,0.17,0.0,7.0,0.09,61.0,92.77,0,MC1
1.0,0.0,0.67,0.0,3.0,0.0,4.0,0.67,0,MC1
1.0,0.0,0.67,0.0,3.0,0.0,4.0,0.67,0,MC1
1.0,0.0,0.67,0.0,3.0,0.0,4.0,0.67,0,MC1
1.0,11.0,0.16,0.0,7.0,0.11,69.0,109.53,0,MC1
3.0,25.0,0.08,2.0,16.0,0.16,93.0,366.62,0,MC1
19.0,143.0,0.02,10.0,24.0,1.24,566.0,8275.05,0,MC1
14.0,110.0,0.04,7.0,19.0,0.78,370.0,3238.12,0,MC1
1.0,4.0,0.53,0.0,3.0,0.01,12.0,3.51,0,MC1
1.0,2.0,0.67,0.0,3.0,0.0,5.0,0.97,0,MC1
2.0,7.0,0.12,0.0,10.0,0.04,31.0,60.34,0,MC1
14.0,39.0,0.03,0.0,14.0,0.32,188.0,1649.9,0,MC1
2.0,16.0,0.11,0.0,11.0,0.07,49.0,115.33,0,MC1
2.0,15.0,0.1,0.0,10.0,0.06,43.0,99.61,0,MC1
2.0,7.0,0.12,0.0,9.0,0.03,21.0,35.98,0,MC1
1.0,24.0,0.04,0.0,8.0,0.2,136.0,729.29,0,MC1
1.0,11.0,0.08,0.0,10.0,0.08,54.0,162.84,0,MC1
1.0,11.0,0.08,0.0,10.0,0.08,54.0,162.84,0,MC1
1.0,12.0,0.14,0.0,9.0,0.07,46.0,82.84,0,MC1
1.0,12.0,0.14,0.0,9.0,0.07,46.0,82.84,0,MC1
1.0,4.0,0.14,0.0,8.0,0.02,20.0,27.88,0,MC1
2.0,4.0,0.14,0.0,11.0,0.05,35.0,61.07,0,MC1
2.0,8.0,0.1,0.0,13.0,0.08,52.0,138.07,0,MC1
7.0,55.0,0.03,1.0,22.0,0.33,184.0,2232.3,0,MC1
1.0,0.0,0.15,0.0,8.0,0.02,16.0,20.5,0,MC1
3.0,23.0,0.05,0.0,17.0,0.13,80.0,441.16,0,MC1
1.0,0.0,0.13,0.0,9.0,0.02,18.0,26.89,0,MC1
3.0,19.0,0.09,0.0,12.0,0.07,46.0,126.11,0,MC1
2.0,12.0,0.11,0.0,11.0,0.04,31.0,65.39,0,MC1
5.0,12.0,0.06,0.0,13.0,0.1,63.0,265.51,0,MC1
1.0,4.0,0.38,0.0,4.0,0.01,9.0,3.74,0,MC1
3.0,13.0,0.14,0.0,9.0,0.04,29.0,45.57,0,MC1
3.0,13.0,0.13,0.0,10.0,0.04,31.0,53.86,0,MC1
2.0,4.0,0.15,0.0,8.0,0.03,21.0,29.61,0,MC1
1.0,0.0,0.33,0.0,6.0,0.01,7.0,3.28,0,MC1
2.0,0.0,0.13,0.0,9.0,0.02,14.0,20.91,0,MC1
1.0,0.0,0.4,0.0,5.0,0.01,7.0,2.73,0,MC1
2.0,0.0,0.2,0.0,8.0,0.02,13.0,12.95,0,MC1
1.0,6.0,0.2,0.0,7.0,0.03,23.0,24.32,0,MC1
2.0,0.0,0.5,0.0,4.0,0.01,6.0,1.72,0,MC1
2.0,0.0,0.4,0.0,5.0,0.01,7.0,2.73,0,MC1
4.0,11.0,0.06,0.0,14.0,0.07,45.0,175.69,0,MC1
2.0,3.0,0.25,0.0,8.0,0.02,15.0,12.69,0,MC1
1.0,0.0,0.0,0.0,1.0,0.0,1.0,0.0,0,MC1
1.0,2.0,0.5,0.0,4.0,0.01,9.0,3.0,0,MC1
1.0,0.0,0.5,0.0,4.0,0.01,6.0,1.72,0,MC1
1.0,0.0,0.5,0.0,4.0,0.01,6.0,1.72,0,MC1
1.0,0.0,0.5,0.0,4.0,0.01,6.0,1.72,0,MC1
1.0,0.0,0.67,0.0,3.0,0.0,5.0,0.97,0,MC1
1.0,1.0,0.67,0.0,3.0,0.0,5.0,0.97,0,MC1
1.0,0.0,0.5,0.0,4.0,0.0,5.0,1.29,0,MC1
1.0,2.0,0.5,0.0,4.0,0.01,6.0,1.72,0,MC1
1.0,1.0,0.0,0.0,1.0,0.0,1.0,0.0,0,MC1
1.0,2.0,0.5,0.0,4.0,0.01,6.0,1.72,0,MC1
1.0,0.0,0.4,0.0,5.0,0.01,9.0,3.23,0,MC1
1.0,0.0,0.5,0.0,4.0,0.01,6.0,1.72,0,MC1
1.0,0.0,0.21,0.0,7.0,0.02,15.0,12.92,0,MC1
3.0,7.0,0.08,0.0,14.0,0.05,35.0,113.81,0,MC1
2.0,5.0,0.24,0.0,7.0,0.02,19.0,15.95,0,MC1
2.0,4.0,0.18,0.0,9.0,0.02,17.0,19.66,0,MC1
1.0,0.0,0.0,0.0,0.0,0.0,0.0,0.0,0,MC1
1.0,0.0,0.4,0.0,5.0,0.01,6.0,2.15,0,MC1
1.0,0.0,0.29,0.0,7.0,0.01,12.0,8.07,0,MC1
1.0,0.0,0.0,0.0,0.0,0.0,0.0,0.0,0,MC1
1.0,0.0,0.0,0.0,0.0,0.0,0.0,0.0,0,MC1
1.0,0.0,0.0,0.0,0.0,0.0,0.0,0.0,0,MC1
1.0,0.0,0.0,0.0,0.0,0.0,0.0,0.0,0,MC1
2.0,0.0,0.0,0.0,0.0,0.0,0.0,0.0,0,MC1
1.0,0.0,0.0,0.0,0.0,0.0,0.0,0.0,0,MC1
1.0,0.0,0.0,0.0,0.0,0.0,0.0,0.0,0,MC1
1.0,0.0,0.22,0.0,6.0,0.01,11.0,8.25,0,MC1
2.0,8.0,0.1,0.0,12.0,0.05,34.0,79.6,0,MC1
1.0,0.0,0.4,0.0,5.0,0.01,8.0,3.33,0,MC1
1.0,0.0,0.5,0.0,4.0,0.01,6.0,1.72,0,MC1
1.0,0.0,0.29,0.0,7.0,0.01,8.0,4.67,0,MC1
1.0,0.0,0.5,0.0,4.0,0.01,6.0,1.72,0,MC1
1.0,0.0,0.17,0.0,8.0,0.02,15.0,16.61,0,MC1
1.0,0.0,0.17,0.0,8.0,0.02,15.0,16.61,0,MC1
1.0,0.0,0.17,0.0,8.0,0.02,15.0,16.61,0,MC1
1.0,0.0,0.5,0.0,4.0,0.01,6.0,1.72,0,MC1
1.0,0.0,0.5,0.0,4.0,0.01,6.0,1.72,0,MC1
1.0,0.0,0.5,0.0,4.0,0.01,6.0,1.72,0,MC1
1.0,0.0,0.5,0.0,4.0,0.01,6.0,1.72,0,MC1
2.0,0.0,0.5,0.0,4.0,0.01,6.0,1.72,0,MC1
1.0,0.0,0.5,0.0,4.0,0.0,5.0,1.29,0,MC1
2.0,0.0,0.5,0.0,4.0,0.01,6.0,1.72,0,MC1
1.0,0.0,0.33,0.0,6.0,0.01,11.0,6.09,0,MC1
1.0,0.0,0.5,0.0,4.0,0.01,6.0,1.72,0,MC1
1.0,0.0,0.5,0.0,4.0,0.01,6.0,1.72,0,MC1
1.0,0.0,0.5,0.0,4.0,0.01,6.0,1.72,0,MC1
1.0,0.0,0.5,0.0,4.0,0.0,5.0,1.29,0,MC1
1.0,0.0,0.5,0.0,4.0,0.01,6.0,1.72,0,MC1
1.0,2.0,0.4,0.0,5.0,0.01,8.0,3.12,0,MC1
1.0,2.0,0.67,0.0,3.0,0.0,4.0,0.67,0,MC1
1.0,0.0,0.67,0.0,3.0,0.0,4.0,0.67,0,MC1
1.0,2.0,0.67,0.0,3.0,0.0,4.0,0.67,0,MC1
1.0,2.0,0.67,0.0,3.0,0.0,4.0,0.67,0,MC1
1.0,3.0,0.4,0.0,5.0,0.01,10.0,4.17,0,MC1
1.0,0.0,0.4,0.0,5.0,0.01,7.0,2.73,0,MC1
1.0,0.0,0.33,0.0,6.0,0.01,7.0,3.28,0,MC1
1.0,0.0,0.33,0.0,6.0,0.01,7.0,3.28,0,MC1
1.0,2.0,0.4,0.0,5.0,0.01,8.0,3.12,0,MC1
1.0,2.0,0.67,0.0,3.0,0.0,4.0,0.67,0,MC1
1.0,0.0,0.67,0.0,3.0,0.0,4.0,0.67,0,MC1
1.0,2.0,0.67,0.0,3.0,0.0,4.0,0.67,0,MC1
1.0,2.0,0.67,0.0,3.0,0.0,4.0,0.67,0,MC1
1.0,0.0,0.67,0.0,3.0,0.0,4.0,0.67,0,MC1
1.0,0.0,0.67,0.0,3.0,0.0,4.0,0.67,0,MC1
1.0,0.0,0.5,0.0,4.0,0.01,6.0,1.72,0,MC1
1.0,0.0,0.33,0.0,6.0,0.01,9.0,4.5,0,MC1
1.0,0.0,0.17,0.0,8.0,0.02,15.0,16.61,0,MC1
1.0,0.0,0.33,0.0,6.0,0.01,9.0,4.75,0,MC1
1.0,0.0,0.33,0.0,6.0,0.01,9.0,4.75,0,MC1
1.0,0.0,0.33,0.0,6.0,0.01,9.0,4.75,0,MC1
1.0,0.0,0.33,0.0,6.0,0.01,9.0,4.75,0,MC1
2.0,4.0,0.17,0.0,10.0,0.03,21.0,27.35,0,MC1
1.0,3.0,0.33,0.0,6.0,0.01,9.0,4.75,0,MC1
2.0,5.0,0.29,0.0,7.0,0.02,15.0,10.46,0,MC1
2.0,4.0,0.18,0.0,7.0,0.02,17.0,18.96,0,MC1
1.0,0.0,0.67,0.0,3.0,0.0,5.0,0.97,0,MC1
1.0,0.0,0.4,0.0,5.0,0.01,10.0,4.4,0,MC1
1.0,0.0,0.67,0.0,3.0,0.0,5.0,0.97,0,MC1
1.0,0.0,0.5,0.0,4.0,0.01,6.0,1.72,0,MC1
1.0,0.0,0.5,0.0,4.0,0.01,6.0,1.72,0,MC1
1.0,0.0,0.5,0.0,4.0,0.01,6.0,1.72,0,MC1
1.0,0.0,0.5,0.0,4.0,0.01,6.0,1.72,0,MC1
1.0,0.0,0.67,0.0,3.0,0.0,4.0,0.67,0,MC1
1.0,0.0,0.67,0.0,3.0,0.0,4.0,0.67,0,MC1
6.0,16.0,0.05,0.0,21.0,0.16,93.0,557.54,0,MC1
6.0,16.0,0.05,0.0,20.0,0.15,87.0,470.59,0,MC1
2.0,3.0,0.19,0.0,9.0,0.03,20.0,22.86,0,MC1
2.0,3.0,0.19,0.0,9.0,0.03,20.0,22.86,0,MC1
2.0,6.0,0.18,0.0,10.0,0.06,40.0,58.22,0,MC1
2.0,6.0,0.18,0.0,10.0,0.06,40.0,58.22,0,MC1
4.0,10.0,0.08,0.0,15.0,0.08,50.0,169.14,0,MC1
4.0,10.0,0.07,0.0,16.0,0.09,56.0,204.41,0,MC1
9.0,19.0,0.06,0.0,16.0,0.17,103.0,502.59,0,MC1
9.0,19.0,0.06,0.0,16.0,0.18,103.0,457.26,0,MC1
19.0,58.0,0.03,0.0,29.0,0.59,290.0,3876.52,0,MC1
19.0,58.0,0.03,0.0,28.0,0.56,276.0,3477.35,0,MC1
3.0,12.0,0.02,1.0,24.0,0.18,109.0,1262.59,0,MC1
3.0,12.0,0.02,1.0,24.0,0.18,109.0,1262.59,0,MC1
5.0,9.0,0.09,0.0,15.0,0.08,47.0,137.6,0,MC1
5.0,9.0,0.09,0.0,16.0,0.08,51.0,160.94,0,MC1
4.0,10.0,0.07,0.0,16.0,0.08,51.0,186.16,0,MC1
4.0,10.0,0.07,0.0,17.0,0.09,57.0,223.51,0,MC1
5.0,9.0,0.09,0.0,16.0,0.08,51.0,160.94,0,MC1
5.0,9.0,0.09,0.0,15.0,0.08,47.0,137.6,0,MC1
6.0,21.0,0.05,0.0,22.0,0.25,134.0,897.1,0,MC1
6.0,21.0,0.05,0.0,21.0,0.24,128.0,787.69,0,MC1
2.0,5.0,0.17,0.0,11.0,0.05,32.0,47.24,0,MC1
2.0,5.0,0.17,0.0,11.0,0.05,32.0,47.24,0,MC1
2.0,11.0,0.1,0.0,13.0,0.1,65.0,173.02,0,MC1
2.0,11.0,0.1,0.0,13.0,0.1,65.0,173.02,0,MC1
1.0,5.0,0.11,0.0,13.0,0.05,36.0,82.33,0,MC1
1.0,5.0,0.11,0.0,13.0,0.05,36.0,82.33,0,MC1
1.0,4.0,0.2,0.0,9.0,0.04,26.0,30.37,0,MC1
1.0,4.0,0.2,0.0,9.0,0.04,26.0,30.37,0,MC1
1.0,5.0,0.36,0.0,5.0,0.03,21.0,12.14,0,MC1
1.0,5.0,0.36,0.0,5.0,0.03,21.0,12.14,0,MC1
1.0,3.0,0.33,0.0,4.0,0.01,8.0,3.45,0,MC1
1.0,3.0,0.33,0.0,4.0,0.01,8.0,3.45,0,MC1
1.0,2.0,0.67,0.0,3.0,0.0,4.0,0.67,0,MC1
1.0,2.0,0.67,0.0,3.0,0.0,4.0,0.67,0,MC1
1.0,8.0,0.25,0.0,6.0,0.06,40.0,39.1,0,MC1
1.0,8.0,0.25,0.0,6.0,0.06,40.0,39.1,0,MC1
1.0,3.0,0.18,0.0,10.0,0.03,21.0,27.25,0,MC1
1.0,3.0,0.18,0.0,10.0,0.03,21.0,27.25,0,MC1
1.0,2.0,0.25,0.0,8.0,0.02,16.0,13.54,0,MC1
1.0,2.0,0.25,0.0,8.0,0.02,16.0,13.54,0,MC1
14.0,40.0,0.04,0.0,14.0,0.37,216.0,1598.92,0,MC1
14.0,40.0,0.04,0.0,15.0,0.42,240.0,1918.03,0,MC1
3.0,13.0,0.04,0.0,24.0,0.16,89.0,585.39,0,MC1
3.0,13.0,0.03,0.0,25.0,0.16,93.0,785.04,0,MC1
3.0,10.0,0.23,4.0,7.0,0.03,23.0,21.84,0,MC1
3.0,10.0,0.23,4.0,7.0,0.03,23.0,21.84,0,MC1
3.0,10.0,0.23,4.0,7.0,0.03,23.0,21.84,0,MC1
3.0,10.0,0.23,4.0,7.0,0.03,23.0,21.84,0,MC1
3.0,10.0,0.23,4.0,7.0,0.03,23.0,21.84,0,MC1
3.0,10.0,0.23,4.0,7.0,0.03,23.0,21.84,0,MC1
3.0,10.0,0.23,4.0,7.0,0.03,23.0,21.84,0,MC1
3.0,10.0,0.23,4.0,7.0,0.03,23.0,21.84,0,MC1
3.0,10.0,0.23,4.0,7.0,0.03,23.0,21.84,0,MC1
3.0,10.0,0.23,4.0,7.0,0.03,23.0,21.84,0,MC1
3.0,10.0,0.23,4.0,7.0,0.03,23.0,21.84,0,MC1
3.0,10.0,0.23,4.0,7.0,0.03,23.0,21.84,0,MC1
3.0,10.0,0.23,4.0,7.0,0.03,23.0,21.84,0,MC1
3.0,10.0,0.23,4.0,7.0,0.03,23.0,21.84,0,MC1
3.0,10.0,0.23,4.0,7.0,0.03,23.0,21.84,0,MC1
3.0,10.0,0.23,4.0,7.0,0.03,23.0,21.84,0,MC1
3.0,10.0,0.23,4.0,7.0,0.03,23.0,21.84,0,MC1
3.0,10.0,0.23,4.0,7.0,0.03,23.0,21.84,0,MC1
3.0,10.0,0.23,4.0,7.0,0.03,23.0,21.84,0,MC1
3.0,10.0,0.23,4.0,7.0,0.03,23.0,21.84,0,MC1
1.0,5.0,0.4,2.0,4.0,0.01,12.0,5.0,0,MC1
1.0,7.0,0.4,0.0,5.0,0.03,24.0,13.33,0,MC1
1.0,4.0,0.42,0.0,4.0,0.01,13.0,5.49,0,MC1
1.0,7.0,0.46,0.0,4.0,0.03,25.0,11.84,0,MC1
1.0,7.0,0.4,0.0,5.0,0.03,24.0,13.33,0,MC1
1.0,7.0,0.46,0.0,4.0,0.03,25.0,11.84,0,MC1
1.0,7.0,0.4,0.0,5.0,0.03,24.0,13.33,0,MC1
1.0,7.0,0.46,0.0,4.0,0.03,25.0,11.84,0,MC1
1.0,7.0,0.4,0.0,5.0,0.03,24.0,13.33,0,MC1
1.0,7.0,0.46,0.0,4.0,0.03,25.0,11.84,0,MC1
1.0,7.0,0.4,0.0,5.0,0.03,24.0,13.33,0,MC1
1.0,22.0,0.26,14.0,5.0,0.14,84.0,88.58,0,MC1
1.0,22.0,0.26,14.0,5.0,0.14,84.0,88.58,0,MC1
1.0,4.0,0.42,0.0,4.0,0.01,13.0,5.49,0,MC1
1.0,7.0,0.46,0.0,4.0,0.03,25.0,11.84,0,MC1
1.0,7.0,0.46,0.0,4.0,0.03,25.0,11.84,0,MC1
1.0,7.0,0.4,0.0,5.0,0.03,24.0,13.33,0,MC1
1.0,7.0,0.46,0.0,4.0,0.03,25.0,11.84,0,MC1
1.0,7.0,0.4,0.0,5.0,0.03,24.0,13.33,0,MC1
1.0,7.0,0.46,0.0,4.0,0.03,25.0,11.84,0,MC1
1.0,7.0,0.4,0.0,5.0,0.03,24.0,13.33,0,MC1
1.0,7.0,0.46,0.0,4.0,0.03,25.0,11.84,0,MC1
1.0,7.0,0.4,0.0,5.0,0.03,24.0,13.33,0,MC1
1.0,7.0,0.46,0.0,4.0,0.03,25.0,11.84,0,MC1
1.0,7.0,0.4,0.0,5.0,0.03,24.0,13.33,0,MC1
1.0,9.0,0.32,1.0,4.0,0.04,32.0,21.47,0,MC1
1.0,9.0,0.32,1.0,4.0,0.04,32.0,21.47,0,MC1
1.0,4.0,0.56,2.0,3.0,0.01,13.0,3.9,0,MC1
1.0,4.0,0.56,2.0,3.0,0.01,13.0,3.9,0,MC1
1.0,4.0,0.56,2.0,3.0,0.01,13.0,3.9,0,MC1
1.0,4.0,0.56,2.0,3.0,0.01,13.0,3.9,0,MC1
1.0,4.0,0.56,2.0,3.0,0.01,13.0,3.9,0,MC1
1.0,4.0,0.56,2.0,3.0,0.01,13.0,3.9,0,MC1
1.0,4.0,0.56,2.0,3.0,0.01,13.0,3.9,0,MC1
1.0,4.0,0.56,2.0,3.0,0.01,13.0,3.9,0,MC1
1.0,4.0,0.56,2.0,3.0,0.01,13.0,3.9,0,MC1
1.0,4.0,0.56,2.0,3.0,0.01,13.0,3.9,0,MC1
1.0,4.0,0.56,2.0,3.0,0.01,13.0,3.9,0,MC1
2.0,10.0,0.13,2.0,8.0,0.04,28.0,47.38,0,MC1
1.0,5.0,0.17,0.0,8.0,0.07,50.0,71.33,0,MC1
1.0,7.0,0.13,0.0,9.0,0.05,38.0,67.95,0,MC1
2.0,12.0,0.09,2.0,10.0,0.04,32.0,82.96,0,MC1
1.0,7.0,0.14,0.0,9.0,0.05,38.0,61.62,0,MC1
3.0,38.0,0.05,4.0,13.0,0.31,180.0,1091.14,1,MC1
3.0,38.0,0.05,4.0,13.0,0.3,178.0,1090.04,1,MC1
1.0,1.0,0.0,0.0,1.0,0.0,1.0,0.0,0,MC1
1.0,1.0,0.0,0.0,1.0,0.0,1.0,0.0,0,MC1
1.0,0.0,0.67,0.0,3.0,0.0,4.0,0.67,0,MC1
1.0,5.0,0.42,0.0,3.0,0.02,17.0,6.8,0,MC1
1.0,5.0,0.42,0.0,3.0,0.02,17.0,6.8,0,MC1
1.0,4.0,0.14,0.0,8.0,0.02,20.0,27.88,0,MC1
1.0,4.0,0.14,0.0,8.0,0.02,20.0,27.88,0,MC1
2.0,4.0,0.14,0.0,11.0,0.05,35.0,61.07,0,MC1
2.0,4.0,0.14,0.0,11.0,0.05,35.0,61.07,0,MC1
2.0,8.0,0.1,0.0,13.0,0.08,52.0,138.07,0,MC1
2.0,8.0,0.1,0.0,13.0,0.08,52.0,138.07,0,MC1
7.0,55.0,0.03,1.0,22.0,0.33,184.0,2232.3,0,MC1
7.0,55.0,0.03,1.0,22.0,0.33,184.0,2232.3,0,MC1
1.0,0.0,0.15,0.0,8.0,0.02,16.0,20.5,0,MC1
1.0,0.0,0.15,0.0,8.0,0.02,16.0,20.5,0,MC1
3.0,23.0,0.05,0.0,17.0,0.13,80.0,441.16,0,MC1
3.0,23.0,0.05,0.0,17.0,0.13,80.0,441.16,0,MC1
1.0,0.0,0.13,0.0,9.0,0.02,18.0,26.89,0,MC1
1.0,0.0,0.13,0.0,9.0,0.02,18.0,26.89,0,MC1
3.0,19.0,0.1,0.0,12.0,0.07,48.0,128.38,0,MC1
3.0,19.0,0.09,0.0,12.0,0.07,46.0,126.11,0,MC1
2.0,12.0,0.11,0.0,11.0,0.04,31.0,65.39,0,MC1
2.0,12.0,0.12,0.0,11.0,0.05,33.0,67.79,0,MC1
5.0,12.0,0.06,0.0,13.0,0.1,63.0,265.51,0,MC1
5.0,12.0,0.06,0.0,13.0,0.1,63.0,265.51,0,MC1
1.0,4.0,0.38,0.0,4.0,0.01,9.0,3.74,0,MC1
1.0,4.0,0.38,0.0,4.0,0.01,9.0,3.74,0,MC1
3.0,13.0,0.14,0.0,9.0,0.04,29.0,45.57,0,MC1
3.0,13.0,0.14,0.0,9.0,0.04,29.0,45.57,0,MC1
3.0,13.0,0.13,0.0,10.0,0.04,31.0,53.86,0,MC1
3.0,13.0,0.13,0.0,10.0,0.04,31.0,53.86,0,MC1
2.0,4.0,0.15,0.0,8.0,0.03,21.0,29.61,0,MC1
2.0,4.0,0.15,0.0,8.0,0.03,21.0,29.61,0,MC1
1.0,0.0,0.33,0.0,6.0,0.01,7.0,3.28,0,MC1
2.0,0.0,0.13,0.0,9.0,0.02,14.0,20.91,0,MC1
1.0,0.0,0.4,0.0,5.0,0.01,7.0,2.73,0,MC1
2.0,0.0,0.2,0.0,8.0,0.02,13.0,12.95,0,MC1
1.0,0.0,0.33,0.0,6.0,0.01,7.0,3.28,0,MC1
2.0,0.0,0.13,0.0,9.0,0.02,14.0,20.91,0,MC1
1.0,0.0,0.4,0.0,5.0,0.01,7.0,2.73,0,MC1
2.0,0.0,0.2,0.0,8.0,0.02,13.0,12.95,0,MC1
1.0,6.0,0.2,0.0,7.0,0.03,23.0,24.32,0,MC1
1.0,6.0,0.2,0.0,7.0,0.03,23.0,24.32,0,MC1
2.0,0.0,0.5,0.0,4.0,0.01,6.0,1.72,0,MC1
2.0,0.0,0.5,0.0,4.0,0.01,6.0,1.72,0,MC1
2.0,0.0,0.4,0.0,5.0,0.01,7.0,2.73,0,MC1
2.0,0.0,0.4,0.0,5.0,0.01,7.0,2.73,0,MC1
4.0,11.0,0.06,0.0,14.0,0.07,45.0,175.69,0,MC1
4.0,11.0,0.06,0.0,14.0,0.07,45.0,175.69,0,MC1
2.0,3.0,0.25,0.0,8.0,0.02,15.0,12.69,0,MC1
2.0,3.0,0.25,0.0,8.0,0.02,15.0,12.69,0,MC1
1.0,0.0,0.0,0.0,1.0,0.0,1.0,0.0,0,MC1
1.0,0.0,0.0,0.0,1.0,0.0,1.0,0.0,0,MC1
1.0,2.0,0.5,0.0,4.0,0.01,9.0,3.0,0,MC1
1.0,2.0,0.5,0.0,4.0,0.01,9.0,3.0,0,MC1
1.0,0.0,0.5,0.0,4.0,0.01,6.0,1.72,0,MC1
1.0,0.0,0.5,0.0,4.0,0.01,6.0,1.72,0,MC1
1.0,0.0,0.5,0.0,4.0,0.01,6.0,1.72,0,MC1
1.0,0.0,0.5,0.0,4.0,0.01,6.0,1.72,0,MC1
1.0,0.0,0.5,0.0,4.0,0.01,6.0,1.72,0,MC1
1.0,0.0,0.5,0.0,4.0,0.01,6.0,1.72,0,MC1
1.0,0.0,0.67,0.0,3.0,0.0,5.0,0.97,0,MC1
1.0,0.0,0.67,0.0,3.0,0.0,5.0,0.97,0,MC1
1.0,1.0,0.67,0.0,3.0,0.0,5.0,0.97,0,MC1
1.0,1.0,0.67,0.0,3.0,0.0,5.0,0.97,0,MC1
1.0,0.0,0.5,0.0,4.0,0.0,5.0,1.29,0,MC1
1.0,0.0,0.5,0.0,4.0,0.0,5.0,1.29,0,MC1
1.0,2.0,0.5,0.0,4.0,0.01,6.0,1.72,0,MC1
1.0,2.0,0.5,0.0,4.0,0.01,6.0,1.72,0,MC1
1.0,1.0,0.0,0.0,1.0,0.0,1.0,0.0,0,MC1
1.0,1.0,0.0,0.0,1.0,0.0,1.0,0.0,0,MC1
1.0,2.0,0.5,0.0,4.0,0.01,6.0,1.72,0,MC1
1.0,2.0,0.5,0.0,4.0,0.01,6.0,1.72,0,MC1
1.0,0.0,0.4,0.0,5.0,0.01,9.0,3.23,0,MC1
1.0,0.0,0.4,0.0,5.0,0.01,9.0,3.23,0,MC1
1.0,0.0,0.5,0.0,4.0,0.01,6.0,1.72,0,MC1
1.0,0.0,0.5,0.0,4.0,0.01,6.0,1.72,0,MC1
1.0,0.0,0.21,0.0,7.0,0.02,15.0,12.92,0,MC1
1.0,0.0,0.21,0.0,7.0,0.02,15.0,12.92,0,MC1
3.0,7.0,0.08,0.0,14.0,0.05,35.0,113.81,0,MC1
3.0,7.0,0.08,0.0,14.0,0.05,35.0,113.81,0,MC1
2.0,5.0,0.24,0.0,7.0,0.02,19.0,15.95,0,MC1
2.0,5.0,0.24,0.0,7.0,0.02,19.0,15.95,0,MC1
2.0,4.0,0.18,0.0,9.0,0.02,17.0,19.66,0,MC1
2.0,4.0,0.18,0.0,9.0,0.02,17.0,19.66,0,MC1
1.0,0.0,0.0,0.0,0.0,0.0,0.0,0.0,0,MC1
1.0,0.0,0.0,0.0,0.0,0.0,0.0,0.0,0,MC1
1.0,0.0,0.4,0.0,5.0,0.01,6.0,2.15,0,MC1
1.0,0.0,0.4,0.0,5.0,0.01,6.0,2.15,0,MC1
1.0,0.0,0.0,0.0,3.0,0.0,3.0,0.0,0,MC1
1.0,0.0,0.0,0.0,3.0,0.0,3.0,0.0,0,MC1
1.0,0.0,0.0,0.0,2.0,0.0,2.0,0.0,0,MC1
1.0,0.0,0.0,0.0,2.0,0.0,2.0,0.0,0,MC1
1.0,0.0,0.67,0.0,3.0,0.0,4.0,0.67,0,MC1
1.0,0.0,0.67,0.0,3.0,0.0,4.0,0.67,0,MC1
1.0,0.0,0.67,0.0,3.0,0.0,4.0,0.67,0,MC1
1.0,0.0,0.67,0.0,3.0,0.0,4.0,0.67,0,MC1
1.0,0.0,0.29,0.0,7.0,0.01,12.0,8.07,0,MC1
1.0,0.0,0.29,0.0,7.0,0.01,12.0,8.07,0,MC1
1.0,0.0,0.0,0.0,0.0,0.0,0.0,0.0,0,MC1
1.0,0.0,0.0,0.0,0.0,0.0,0.0,0.0,0,MC1
1.0,0.0,0.0,0.0,0.0,0.0,0.0,0.0,0,MC1
1.0,0.0,0.0,0.0,0.0,0.0,0.0,0.0,0,MC1
1.0,0.0,0.0,0.0,0.0,0.0,0.0,0.0,0,MC1
1.0,0.0,0.0,0.0,0.0,0.0,0.0,0.0,0,MC1
1.0,0.0,0.0,0.0,0.0,0.0,0.0,0.0,0,MC1
1.0,0.0,0.0,0.0,0.0,0.0,0.0,0.0,0,MC1
2.0,0.0,0.0,0.0,0.0,0.0,0.0,0.0,0,MC1
2.0,0.0,0.0,0.0,0.0,0.0,0.0,0.0,0,MC1
1.0,0.0,0.0,0.0,0.0,0.0,0.0,0.0,0,MC1
1.0,0.0,0.0,0.0,0.0,0.0,0.0,0.0,0,MC1
1.0,0.0,0.0,0.0,0.0,0.0,0.0,0.0,0,MC1
1.0,0.0,0.0,0.0,0.0,0.0,0.0,0.0,0,MC1
1.0,0.0,0.0,0.0,1.0,0.0,1.0,0.0,0,MC1
1.0,0.0,0.0,0.0,1.0,0.0,1.0,0.0,0,MC1
1.0,0.0,0.22,0.0,6.0,0.01,11.0,8.25,0,MC1
1.0,0.0,0.22,0.0,6.0,0.01,11.0,8.25,0,MC1
2.0,8.0,0.1,0.0,12.0,0.05,34.0,79.6,0,MC1
2.0,8.0,0.1,0.0,12.0,0.05,34.0,79.6,0,MC1
1.0,0.0,0.67,0.0,3.0,0.0,5.0,0.97,0,MC1
1.0,0.0,0.67,0.0,3.0,0.0,5.0,0.97,0,MC1
1.0,0.0,0.4,0.0,5.0,0.01,8.0,3.33,0,MC1
1.0,0.0,0.4,0.0,5.0,0.01,8.0,3.33,0,MC1
1.0,0.0,0.5,0.0,4.0,0.01,6.0,1.72,0,MC1
1.0,0.0,0.5,0.0,4.0,0.01,6.0,1.72,0,MC1
1.0,0.0,0.29,0.0,7.0,0.01,8.0,4.67,0,MC1
1.0,0.0,0.29,0.0,7.0,0.01,8.0,4.67,0,MC1
1.0,0.0,0.67,0.0,3.0,0.0,5.0,0.97,0,MC1
1.0,0.0,0.67,0.0,3.0,0.0,5.0,0.97,0,MC1
1.0,0.0,0.5,0.0,4.0,0.01,6.0,1.72,0,MC1
1.0,0.0,0.5,0.0,4.0,0.01,6.0,1.72,0,MC1
1.0,0.0,0.17,0.0,8.0,0.02,15.0,16.61,0,MC1
1.0,0.0,0.17,0.0,8.0,0.02,15.0,16.61,0,MC1
1.0,0.0,0.17,0.0,8.0,0.02,15.0,16.61,0,MC1
1.0,0.0,0.17,0.0,8.0,0.02,15.0,16.61,0,MC1
1.0,0.0,0.17,0.0,8.0,0.02,15.0,16.61,0,MC1
1.0,0.0,0.17,0.0,8.0,0.02,15.0,16.61,0,MC1
1.0,0.0,0.67,0.0,3.0,0.0,4.0,0.67,0,MC1
1.0,0.0,0.67,0.0,3.0,0.0,4.0,0.67,0,MC1
1.0,0.0,0.67,0.0,3.0,0.0,4.0,0.67,0,MC1
1.0,0.0,0.67,0.0,3.0,0.0,4.0,0.67,0,MC1
1.0,0.0,0.67,0.0,3.0,0.0,4.0,0.67,0,MC1
1.0,0.0,0.67,0.0,3.0,0.0,4.0,0.67,0,MC1
1.0,0.0,0.67,0.0,3.0,0.0,4.0,0.67,0,MC1
1.0,0.0,0.67,0.0,3.0,0.0,4.0,0.67,0,MC1
1.0,0.0,0.67,0.0,3.0,0.0,4.0,0.67,0,MC1
1.0,0.0,0.67,0.0,3.0,0.0,4.0,0.67,0,MC1
1.0,0.0,0.67,0.0,3.0,0.0,4.0,0.67,0,MC1
1.0,0.0,0.67,0.0,3.0,0.0,4.0,0.67,0,MC1
1.0,0.0,0.67,0.0,3.0,0.0,4.0,0.67,0,MC1
1.0,0.0,0.67,0.0,3.0,0.0,4.0,0.67,0,MC1
1.0,0.0,0.67,0.0,3.0,0.0,4.0,0.67,0,MC1
1.0,0.0,0.67,0.0,3.0,0.0,4.0,0.67,0,MC1
1.0,0.0,0.67,0.0,3.0,0.0,4.0,0.67,0,MC1
1.0,0.0,0.67,0.0,3.0,0.0,4.0,0.67,0,MC1
1.0,0.0,0.67,0.0,3.0,0.0,4.0,0.67,0,MC1
1.0,0.0,0.67,0.0,3.0,0.0,4.0,0.67,0,MC1
1.0,0.0,0.67,0.0,3.0,0.0,4.0,0.67,0,MC1
1.0,0.0,0.67,0.0,3.0,0.0,4.0,0.67,0,MC1
1.0,0.0,0.67,0.0,3.0,0.0,4.0,0.67,0,MC1
1.0,0.0,0.5,0.0,4.0,0.01,6.0,1.72,0,MC1
1.0,0.0,0.5,0.0,4.0,0.01,6.0,1.72,0,MC1
1.0,0.0,0.5,0.0,4.0,0.01,6.0,1.72,0,MC1
1.0,0.0,0.5,0.0,4.0,0.01,6.0,1.72,0,MC1
1.0,0.0,0.5,0.0,4.0,0.01,6.0,1.72,0,MC1
1.0,0.0,0.5,0.0,4.0,0.01,6.0,1.72,0,MC1
1.0,0.0,0.5,0.0,4.0,0.01,6.0,1.72,0,MC1
1.0,0.0,0.5,0.0,4.0,0.01,6.0,1.72,0,MC1
1.0,0.0,0.67,0.0,3.0,0.0,5.0,0.97,0,MC1
1.0,0.0,0.67,0.0,3.0,0.0,5.0,0.97,0,MC1
1.0,0.0,0.67,0.0,3.0,0.0,4.0,0.67,0,MC1
1.0,0.0,0.67,0.0,3.0,0.0,4.0,0.67,0,MC1
2.0,0.0,0.5,0.0,4.0,0.01,6.0,1.72,0,MC1
2.0,0.0,0.5,0.0,4.0,0.01,6.0,1.72,0,MC1
1.0,0.0,0.5,0.0,4.0,0.0,5.0,1.29,0,MC1
1.0,0.0,0.5,0.0,4.0,0.0,5.0,1.29,0,MC1
2.0,0.0,0.5,0.0,4.0,0.01,6.0,1.72,0,MC1
2.0,0.0,0.5,0.0,4.0,0.01,6.0,1.72,0,MC1
1.0,0.0,0.33,0.0,6.0,0.01,11.0,6.09,0,MC1
1.0,0.0,0.33,0.0,6.0,0.01,11.0,6.09,0,MC1
1.0,0.0,0.5,0.0,4.0,0.01,6.0,1.72,0,MC1
1.0,0.0,0.5,0.0,4.0,0.01,6.0,1.72,0,MC1
1.0,0.0,0.5,0.0,4.0,0.01,6.0,1.72,0,MC1
1.0,0.0,0.5,0.0,4.0,0.01,6.0,1.72,0,MC1
1.0,0.0,0.5,0.0,4.0,0.01,6.0,1.72,0,MC1
1.0,0.0,0.5,0.0,4.0,0.01,6.0,1.72,0,MC1
1.0,0.0,0.5,0.0,4.0,0.0,5.0,1.29,0,MC1
1.0,0.0,0.5,0.0,4.0,0.0,5.0,1.29,0,MC1
1.0,0.0,0.5,0.0,4.0,0.01,6.0,1.72,0,MC1
1.0,0.0,0.5,0.0,4.0,0.01,6.0,1.72,0,MC1
1.0,2.0,0.4,0.0,5.0,0.01,8.0,3.12,0,MC1
1.0,2.0,0.4,0.0,5.0,0.01,8.0,3.12,0,MC1
1.0,2.0,0.67,0.0,3.0,0.0,4.0,0.67,0,MC1
1.0,2.0,0.67,0.0,3.0,0.0,4.0,0.67,0,MC1
1.0,0.0,0.67,0.0,3.0,0.0,4.0,0.67,0,MC1
1.0,0.0,0.67,0.0,3.0,0.0,4.0,0.67,0,MC1
1.0,2.0,0.67,0.0,3.0,0.0,4.0,0.67,0,MC1
1.0,2.0,0.67,0.0,3.0,0.0,4.0,0.67,0,MC1
1.0,2.0,0.67,0.0,3.0,0.0,4.0,0.67,0,MC1
1.0,2.0,0.67,0.0,3.0,0.0,4.0,0.67,0,MC1
1.0,3.0,0.4,0.0,5.0,0.01,10.0,4.17,0,MC1
1.0,3.0,0.4,0.0,5.0,0.01,10.0,4.17,0,MC1
1.0,0.0,0.4,0.0,5.0,0.01,7.0,2.73,0,MC1
1.0,0.0,0.4,0.0,5.0,0.01,7.0,2.73,0,MC1
1.0,0.0,0.33,0.0,6.0,0.01,7.0,3.28,0,MC1
1.0,0.0,0.33,0.0,6.0,0.01,7.0,3.28,0,MC1
1.0,0.0,0.33,0.0,6.0,0.01,7.0,3.28,0,MC1
1.0,0.0,0.33,0.0,6.0,0.01,7.0,3.28,0,MC1
1.0,2.0,0.4,0.0,5.0,0.01,8.0,3.12,0,MC1
1.0,2.0,0.4,0.0,5.0,0.01,8.0,3.12,0,MC1
1.0,2.0,0.67,0.0,3.0,0.0,4.0,0.67,0,MC1
1.0,2.0,0.67,0.0,3.0,0.0,4.0,0.67,0,MC1
1.0,0.0,0.67,0.0,3.0,0.0,4.0,0.67,0,MC1
1.0,0.0,0.67,0.0,3.0,0.0,4.0,0.67,0,MC1
1.0,2.0,0.67,0.0,3.0,0.0,4.0,0.67,0,MC1
1.0,2.0,0.67,0.0,3.0,0.0,4.0,0.67,0,MC1
1.0,2.0,0.67,0.0,3.0,0.0,4.0,0.67,0,MC1
1.0,2.0,0.67,0.0,3.0,0.0,4.0,0.67,0,MC1
1.0,0.0,0.67,0.0,3.0,0.0,4.0,0.67,0,MC1
1.0,0.0,0.67,0.0,3.0,0.0,4.0,0.67,0,MC1
1.0,0.0,0.67,0.0,3.0,0.0,4.0,0.67,0,MC1
1.0,0.0,0.67,0.0,3.0,0.0,4.0,0.67,0,MC1
1.0,0.0,0.4,0.0,5.0,0.01,7.0,2.73,0,MC1
1.0,0.0,0.4,0.0,5.0,0.01,7.0,2.73,0,MC1
1.0,0.0,0.0,0.0,3.0,0.0,3.0,0.0,0,MC1
1.0,0.0,0.0,0.0,3.0,0.0,3.0,0.0,0,MC1
1.0,0.0,0.5,0.0,4.0,0.01,6.0,1.72,0,MC1
1.0,0.0,0.5,0.0,4.0,0.01,6.0,1.72,0,MC1
1.0,0.0,0.33,0.0,6.0,0.01,9.0,4.5,0,MC1
1.0,0.0,0.33,0.0,6.0,0.01,9.0,4.5,0,MC1
1.0,0.0,0.17,0.0,8.0,0.02,15.0,16.61,0,MC1
1.0,0.0,0.17,0.0,8.0,0.02,15.0,16.61,0,MC1
1.0,0.0,0.67,0.0,3.0,0.0,5.0,0.97,0,MC1
1.0,0.0,0.67,0.0,3.0,0.0,5.0,0.97,0,MC1
1.0,0.0,0.67,0.0,3.0,0.0,5.0,0.97,0,MC1
1.0,0.0,0.67,0.0,3.0,0.0,5.0,0.97,0,MC1
1.0,0.0,0.67,0.0,3.0,0.0,5.0,0.97,0,MC1
1.0,0.0,0.67,0.0,3.0,0.0,5.0,0.97,0,MC1
1.0,0.0,0.67,0.0,3.0,0.0,5.0,0.97,0,MC1
1.0,0.0,0.67,0.0,3.0,0.0,5.0,0.97,0,MC1
1.0,0.0,0.67,0.0,3.0,0.0,5.0,0.97,0,MC1
1.0,0.0,0.67,0.0,3.0,0.0,5.0,0.97,0,MC1
1.0,0.0,0.67,0.0,3.0,0.0,5.0,0.97,0,MC1
1.0,0.0,0.67,0.0,3.0,0.0,5.0,0.97,0,MC1
1.0,0.0,0.67,0.0,3.0,0.0,5.0,0.97,0,MC1
1.0,0.0,0.67,0.0,3.0,0.0,5.0,0.97,0,MC1
1.0,0.0,0.33,0.0,6.0,0.01,9.0,4.75,0,MC1
1.0,0.0,0.33,0.0,6.0,0.01,9.0,4.75,0,MC1
1.0,0.0,0.33,0.0,6.0,0.01,9.0,4.75,0,MC1
1.0,0.0,0.33,0.0,6.0,0.01,9.0,4.75,0,MC1
1.0,0.0,0.33,0.0,6.0,0.01,9.0,4.75,0,MC1
1.0,0.0,0.33,0.0,6.0,0.01,9.0,4.75,0,MC1
1.0,0.0,0.33,0.0,6.0,0.01,9.0,4.75,0,MC1
1.0,0.0,0.33,0.0,6.0,0.01,9.0,4.75,0,MC1
2.0,4.0,0.17,0.0,10.0,0.03,21.0,27.35,0,MC1
2.0,4.0,0.17,0.0,10.0,0.03,21.0,27.35,0,MC1
1.0,0.0,0.67,0.0,3.0,0.0,5.0,0.97,0,MC1
1.0,0.0,0.67,0.0,3.0,0.0,5.0,0.97,0,MC1
1.0,0.0,0.67,0.0,3.0,0.0,4.0,0.67,0,MC1
1.0,0.0,0.67,0.0,3.0,0.0,4.0,0.67,0,MC1
28.0,136.0,0.02,0.0,28.0,1.69,751.0,16916.78,0,MC1
28.0,136.0,0.02,0.0,28.0,1.69,751.0,16916.78,0,MC1
1.0,3.0,0.33,0.0,6.0,0.01,9.0,4.75,0,MC1
1.0,3.0,0.33,0.0,6.0,0.01,9.0,4.75,0,MC1
2.0,5.0,0.29,0.0,7.0,0.02,15.0,10.46,0,MC1
2.0,5.0,0.29,0.0,7.0,0.02,15.0,10.46,0,MC1
2.0,4.0,0.18,0.0,7.0,0.02,17.0,18.96,0,MC1
2.0,4.0,0.18,0.0,7.0,0.02,17.0,18.96,0,MC1
1.0,0.0,0.67,0.0,3.0,0.0,5.0,0.97,0,MC1
1.0,0.0,0.67,0.0,3.0,0.0,5.0,0.97,0,MC1
1.0,2.0,0.13,0.0,8.0,0.02,17.0,26.14,0,MC1
1.0,0.0,0.4,0.0,5.0,0.01,10.0,4.4,0,MC1
1.0,0.0,0.4,0.0,5.0,0.01,10.0,4.4,0,MC1
1.0,0.0,0.67,0.0,3.0,0.0,5.0,0.97,0,MC1
1.0,0.0,0.67,0.0,3.0,0.0,5.0,0.97,0,MC1
1.0,0.0,0.5,0.0,4.0,0.01,6.0,1.72,0,MC1
1.0,0.0,0.5,0.0,4.0,0.01,6.0,1.72,0,MC1
1.0,0.0,0.5,0.0,4.0,0.01,6.0,1.72,0,MC1
1.0,0.0,0.5,0.0,4.0,0.01,6.0,1.72,0,MC1
1.0,0.0,0.5,0.0,4.0,0.01,6.0,1.72,0,MC1
1.0,0.0,0.5,0.0,4.0,0.01,6.0,1.72,0,MC1
1.0,0.0,0.5,0.0,4.0,0.01,6.0,1.72,0,MC1
1.0,0.0,0.5,0.0,4.0,0.01,6.0,1.72,0,MC1
1.0,2.0,0.11,0.0,9.0,0.02,19.0,35.15,0,MC1
1.0,1.0,0.0,0.0,1.0,0.0,1.0,0.0,0,MC1
1.0,1.0,0.0,0.0,1.0,0.0,1.0,0.0,0,MC1
1.0,0.0,0.0,0.0,3.0,0.0,3.0,0.0,0,MC1
1.0,0.0,0.0,0.0,2.0,0.0,2.0,0.0,0,MC1
1.0,0.0,0.67,0.0,3.0,0.0,4.0,0.67,0,MC1
1.0,0.0,0.67,0.0,3.0,0.0,4.0,0.67,0,MC1
1.0,0.0,0.0,0.0,1.0,0.0,1.0,0.0,0,MC1
1.0,1.0,0.0,0.0,1.0,0.0,1.0,0.0,0,MC1
1.0,1.0,0.0,0.0,1.0,0.0,1.0,0.0,0,MC1
1.0,0.0,0.67,0.0,3.0,0.0,5.0,0.97,0,MC1
1.0,10.0,0.24,0.0,6.0,0.07,46.0,45.09,0,MC1
1.0,10.0,0.24,0.0,6.0,0.07,46.0,45.09,0,MC1
1.0,0.0,0.67,0.0,3.0,0.0,5.0,0.97,0,MC1
1.0,0.0,0.67,0.0,3.0,0.0,4.0,0.67,0,MC1
1.0,0.0,0.67,0.0,3.0,0.0,4.0,0.67,0,MC1
1.0,0.0,0.67,0.0,3.0,0.0,4.0,0.67,0,MC1
1.0,0.0,0.67,0.0,3.0,0.0,4.0,0.67,0,MC1
1.0,0.0,0.67,0.0,3.0,0.0,4.0,0.67,0,MC1
1.0,0.0,0.67,0.0,3.0,0.0,4.0,0.67,0,MC1
1.0,0.0,0.67,0.0,3.0,0.0,4.0,0.67,0,MC1
1.0,0.0,0.67,0.0,3.0,0.0,4.0,0.67,0,MC1
1.0,0.0,0.67,0.0,3.0,0.0,4.0,0.67,0,MC1
1.0,0.0,0.67,0.0,3.0,0.0,4.0,0.67,0,MC1
1.0,0.0,0.67,0.0,3.0,0.0,4.0,0.67,0,MC1
1.0,0.0,0.67,0.0,3.0,0.0,4.0,0.67,0,MC1
1.0,0.0,0.67,0.0,3.0,0.0,5.0,0.97,0,MC1
1.0,0.0,0.67,0.0,3.0,0.0,4.0,0.67,0,MC1
1.0,0.0,0.4,0.0,5.0,0.01,7.0,2.73,0,MC1
1.0,0.0,0.0,0.0,3.0,0.0,3.0,0.0,0,MC1
1.0,0.0,0.67,0.0,3.0,0.0,5.0,0.97,0,MC1
1.0,0.0,0.67,0.0,3.0,0.0,5.0,0.97,0,MC1
1.0,0.0,0.67,0.0,3.0,0.0,5.0,0.97,0,MC1
1.0,0.0,0.67,0.0,3.0,0.0,5.0,0.97,0,MC1
1.0,0.0,0.67,0.0,3.0,0.0,5.0,0.97,0,MC1
1.0,0.0,0.67,0.0,3.0,0.0,5.0,0.97,0,MC1
1.0,0.0,0.67,0.0,3.0,0.0,5.0,0.97,0,MC1
1.0,0.0,0.67,0.0,3.0,0.0,4.0,0.67,0,MC1
1.0,2.0,0.13,0.0,8.0,0.02,17.0,26.14,0,MC1
1.0,2.0,0.11,0.0,9.0,0.02,19.0,35.15,0,MC1
1.0,4.0,0.14,0.0,8.0,0.02,20.0,27.88,0,MC1
2.0,4.0,0.14,0.0,11.0,0.05,35.0,61.07,0,MC1
2.0,8.0,0.1,0.0,13.0,0.08,52.0,138.07,0,MC1
7.0,55.0,0.03,1.0,22.0,0.33,184.0,2232.3,0,MC1
1.0,0.0,0.15,0.0,8.0,0.02,16.0,20.5,0,MC1
3.0,23.0,0.05,0.0,17.0,0.13,80.0,441.16,0,MC1
1.0,0.0,0.13,0.0,9.0,0.02,18.0,26.89,0,MC1
3.0,19.0,0.09,0.0,12.0,0.07,46.0,126.11,0,MC1
3.0,19.0,0.1,0.0,12.0,0.07,48.0,128.38,0,MC1
2.0,12.0,0.11,0.0,11.0,0.04,31.0,65.39,0,MC1
5.0,12.0,0.06,0.0,13.0,0.1,63.0,265.51,0,MC1
1.0,4.0,0.38,0.0,4.0,0.01,9.0,3.74,0,MC1
3.0,13.0,0.14,0.0,9.0,0.04,29.0,45.57,0,MC1
3.0,13.0,0.13,0.0,10.0,0.04,31.0,53.86,0,MC1
2.0,4.0,0.15,0.0,8.0,0.03,21.0,29.61,0,MC1
1.0,0.0,0.33,0.0,6.0,0.01,7.0,3.28,0,MC1
2.0,0.0,0.13,0.0,9.0,0.02,14.0,20.91,0,MC1
1.0,0.0,0.4,0.0,5.0,0.01,7.0,2.73,0,MC1
2.0,0.0,0.2,0.0,8.0,0.02,13.0,12.95,0,MC1
1.0,0.0,0.33,0.0,6.0,0.01,7.0,3.28,0,MC1
2.0,0.0,0.13,0.0,9.0,0.02,14.0,20.91,0,MC1
1.0,0.0,0.4,0.0,5.0,0.01,7.0,2.73,0,MC1
2.0,0.0,0.2,0.0,8.0,0.02,13.0,12.95,0,MC1
1.0,6.0,0.2,0.0,7.0,0.03,23.0,24.32,0,MC1
2.0,0.0,0.5,0.0,4.0,0.01,6.0,1.72,0,MC1
2.0,0.0,0.4,0.0,5.0,0.01,7.0,2.73,0,MC1
4.0,11.0,0.06,0.0,14.0,0.07,45.0,175.69,0,MC1
2.0,3.0,0.25,0.0,8.0,0.02,15.0,12.69,0,MC1
1.0,0.0,0.0,0.0,1.0,0.0,1.0,0.0,0,MC1
1.0,2.0,0.5,0.0,4.0,0.01,9.0,3.0,0,MC1
1.0,0.0,0.5,0.0,4.0,0.01,6.0,1.72,0,MC1
1.0,0.0,0.5,0.0,4.0,0.01,6.0,1.72,0,MC1
1.0,0.0,0.5,0.0,4.0,0.01,6.0,1.72,0,MC1
1.0,0.0,0.67,0.0,3.0,0.0,5.0,0.97,0,MC1
1.0,1.0,0.67,0.0,3.0,0.0,5.0,0.97,0,MC1
1.0,0.0,0.5,0.0,4.0,0.0,5.0,1.29,0,MC1
1.0,2.0,0.5,0.0,4.0,0.01,6.0,1.72,0,MC1
1.0,1.0,0.0,0.0,1.0,0.0,1.0,0.0,0,MC1
1.0,2.0,0.5,0.0,4.0,0.01,6.0,1.72,0,MC1
1.0,0.0,0.4,0.0,5.0,0.01,9.0,3.23,0,MC1
1.0,0.0,0.5,0.0,4.0,0.01,6.0,1.72,0,MC1
1.0,0.0,0.21,0.0,7.0,0.02,15.0,12.92,0,MC1
3.0,7.0,0.08,0.0,14.0,0.05,35.0,113.81,0,MC1
3.0,7.0,0.08,0.0,14.0,0.05,35.0,113.81,0,MC1
2.0,5.0,0.24,0.0,7.0,0.02,19.0,15.95,0,MC1
2.0,4.0,0.18,0.0,9.0,0.02,17.0,19.66,0,MC1
1.0,0.0,0.0,0.0,0.0,0.0,0.0,0.0,0,MC1
1.0,0.0,0.4,0.0,5.0,0.01,6.0,2.15,0,MC1
1.0,0.0,0.0,0.0,3.0,0.0,3.0,0.0,0,MC1
1.0,0.0,0.0,0.0,2.0,0.0,2.0,0.0,0,MC1
1.0,0.0,0.67,0.0,3.0,0.0,4.0,0.67,0,MC1
1.0,0.0,0.67,0.0,3.0,0.0,4.0,0.67,0,MC1
1.0,0.0,0.29,0.0,7.0,0.01,12.0,8.07,0,MC1
1.0,0.0,0.0,0.0,0.0,0.0,0.0,0.0,0,MC1
1.0,0.0,0.0,0.0,0.0,0.0,0.0,0.0,0,MC1
1.0,0.0,0.0,0.0,0.0,0.0,0.0,0.0,0,MC1
1.0,0.0,0.0,0.0,0.0,0.0,0.0,0.0,0,MC1
2.0,0.0,0.0,0.0,0.0,0.0,0.0,0.0,0,MC1
1.0,0.0,0.0,0.0,0.0,0.0,0.0,0.0,0,MC1
1.0,0.0,0.0,0.0,0.0,0.0,0.0,0.0,0,MC1
1.0,0.0,0.0,0.0,1.0,0.0,1.0,0.0,0,MC1
1.0,0.0,0.22,0.0,6.0,0.01,11.0,8.25,0,MC1
2.0,8.0,0.1,0.0,12.0,0.05,34.0,79.6,0,MC1
2.0,8.0,0.1,0.0,12.0,0.05,34.0,79.6,0,MC1
1.0,0.0,0.67,0.0,3.0,0.0,5.0,0.97,0,MC1
1.0,0.0,0.4,0.0,5.0,0.01,8.0,3.33,0,MC1
1.0,0.0,0.5,0.0,4.0,0.01,6.0,1.72,0,MC1
1.0,0.0,0.5,0.0,4.0,0.01,6.0,1.72,0,MC1
1.0,0.0,0.29,0.0,7.0,0.01,8.0,4.67,0,MC1
1.0,0.0,0.67,0.0,3.0,0.0,5.0,0.97,0,MC1
1.0,0.0,0.5,0.0,4.0,0.01,6.0,1.72,0,MC1
1.0,0.0,0.5,0.0,4.0,0.01,6.0,1.72,0,MC1
1.0,0.0,0.17,0.0,8.0,0.02,15.0,16.61,0,MC1
1.0,0.0,0.17,0.0,8.0,0.02,15.0,16.61,0,MC1
1.0,0.0,0.17,0.0,8.0,0.02,15.0,16.61,0,MC1
1.0,0.0,0.67,0.0,3.0,0.0,4.0,0.67,0,MC1
1.0,0.0,0.67,0.0,3.0,0.0,4.0,0.67,0,MC1
1.0,0.0,0.67,0.0,3.0,0.0,4.0,0.67,0,MC1
1.0,0.0,0.67,0.0,3.0,0.0,4.0,0.67,0,MC1
1.0,0.0,0.67,0.0,3.0,0.0,4.0,0.67,0,MC1
1.0,0.0,0.67,0.0,3.0,0.0,4.0,0.67,0,MC1
1.0,0.0,0.67,0.0,3.0,0.0,4.0,0.67,0,MC1
1.0,0.0,0.67,0.0,3.0,0.0,4.0,0.67,0,MC1
1.0,0.0,0.67,0.0,3.0,0.0,4.0,0.67,0,MC1
1.0,0.0,0.67,0.0,3.0,0.0,4.0,0.67,0,MC1
1.0,0.0,0.67,0.0,3.0,0.0,4.0,0.67,0,MC1
1.0,0.0,0.67,0.0,3.0,0.0,4.0,0.67,0,MC1
1.0,0.0,0.5,0.0,4.0,0.01,6.0,1.72,0,MC1
1.0,0.0,0.5,0.0,4.0,0.01,6.0,1.72,0,MC1
1.0,0.0,0.5,0.0,4.0,0.01,6.0,1.72,0,MC1
1.0,0.0,0.5,0.0,4.0,0.01,6.0,1.72,0,MC1
1.0,0.0,0.5,0.0,4.0,0.01,6.0,1.72,0,MC1
1.0,0.0,0.5,0.0,4.0,0.01,6.0,1.72,0,MC1
1.0,0.0,0.5,0.0,4.0,0.01,6.0,1.72,0,MC1
1.0,0.0,0.5,0.0,4.0,0.01,6.0,1.72,0,MC1
1.0,0.0,0.67,0.0,3.0,0.0,5.0,0.97,0,MC1
1.0,0.0,0.67,0.0,3.0,0.0,4.0,0.67,0,MC1
2.0,0.0,0.5,0.0,4.0,0.01,6.0,1.72,0,MC1
2.0,0.0,0.5,0.0,4.0,0.01,6.0,1.72,0,MC1
1.0,0.0,0.5,0.0,4.0,0.0,5.0,1.29,0,MC1
1.0,0.0,0.5,0.0,4.0,0.0,5.0,1.29,0,MC1
2.0,0.0,0.5,0.0,4.0,0.01,6.0,1.72,0,MC1
2.0,0.0,0.5,0.0,4.0,0.01,6.0,1.72,0,MC1
1.0,0.0,0.33,0.0,6.0,0.01,11.0,6.09,0,MC1
1.0,0.0,0.5,0.0,4.0,0.01,6.0,1.72,0,MC1
1.0,0.0,0.5,0.0,4.0,0.01,6.0,1.72,0,MC1
1.0,0.0,0.5,0.0,4.0,0.01,6.0,1.72,0,MC1
1.0,0.0,0.5,0.0,4.0,0.01,6.0,1.72,0,MC1
1.0,0.0,0.5,0.0,4.0,0.01,6.0,1.72,0,MC1
1.0,0.0,0.5,0.0,4.0,0.01,6.0,1.72,0,MC1
1.0,0.0,0.5,0.0,4.0,0.0,5.0,1.29,0,MC1
1.0,0.0,0.5,0.0,4.0,0.0,5.0,1.29,0,MC1
1.0,0.0,0.5,0.0,4.0,0.01,6.0,1.72,0,MC1
1.0,0.0,0.5,0.0,4.0,0.01,6.0,1.72,0,MC1
1.0,2.0,0.4,0.0,5.0,0.01,8.0,3.12,0,MC1
1.0,2.0,0.4,0.0,5.0,0.01,8.0,3.12,0,MC1
1.0,2.0,0.67,0.0,3.0,0.0,4.0,0.67,0,MC1
1.0,0.0,0.67,0.0,3.0,0.0,4.0,0.67,0,MC1
1.0,2.0,0.67,0.0,3.0,0.0,4.0,0.67,0,MC1
1.0,2.0,0.67,0.0,3.0,0.0,4.0,0.67,0,MC1
1.0,2.0,0.67,0.0,3.0,0.0,4.0,0.67,0,MC1
1.0,3.0,0.4,0.0,5.0,0.01,10.0,4.17,0,MC1
1.0,0.0,0.4,0.0,5.0,0.01,7.0,2.73,0,MC1
1.0,0.0,0.33,0.0,6.0,0.01,7.0,3.28,0,MC1
1.0,0.0,0.33,0.0,6.0,0.01,7.0,3.28,0,MC1
1.0,2.0,0.4,0.0,5.0,0.01,8.0,3.12,0,MC1
1.0,2.0,0.4,0.0,5.0,0.01,8.0,3.12,0,MC1
1.0,2.0,0.67,0.0,3.0,0.0,4.0,0.67,0,MC1
1.0,0.0,0.67,0.0,3.0,0.0,4.0,0.67,0,MC1
1.0,2.0,0.67,0.0,3.0,0.0,4.0,0.67,0,MC1
1.0,2.0,0.67,0.0,3.0,0.0,4.0,0.67,0,MC1
1.0,2.0,0.67,0.0,3.0,0.0,4.0,0.67,0,MC1
1.0,0.0,0.67,0.0,3.0,0.0,4.0,0.67,0,MC1
1.0,0.0,0.67,0.0,3.0,0.0,4.0,0.67,0,MC1
1.0,0.0,0.4,0.0,5.0,0.01,7.0,2.73,0,MC1
1.0,0.0,0.0,0.0,3.0,0.0,3.0,0.0,0,MC1
1.0,0.0,0.5,0.0,4.0,0.01,6.0,1.72,0,MC1
1.0,0.0,0.5,0.0,4.0,0.01,6.0,1.72,0,MC1
1.0,0.0,0.33,0.0,6.0,0.01,9.0,4.5,0,MC1
1.0,0.0,0.17,0.0,8.0,0.02,15.0,16.61,0,MC1
1.0,0.0,0.67,0.0,3.0,0.0,5.0,0.97,0,MC1
1.0,0.0,0.67,0.0,3.0,0.0,5.0,0.97,0,MC1
1.0,0.0,0.67,0.0,3.0,0.0,5.0,0.97,0,MC1
1.0,0.0,0.67,0.0,3.0,0.0,5.0,0.97,0,MC1
1.0,0.0,0.67,0.0,3.0,0.0,5.0,0.97,0,MC1
1.0,0.0,0.67,0.0,3.0,0.0,5.0,0.97,0,MC1
1.0,0.0,0.67,0.0,3.0,0.0,5.0,0.97,0,MC1
1.0,0.0,0.33,0.0,6.0,0.01,9.0,4.75,0,MC1
1.0,0.0,0.33,0.0,6.0,0.01,9.0,4.75,0,MC1
1.0,0.0,0.33,0.0,6.0,0.01,9.0,4.75,0,MC1
1.0,0.0,0.33,0.0,6.0,0.01,9.0,4.75,0,MC1
2.0,4.0,0.17,0.0,10.0,0.03,21.0,27.35,0,MC1
1.0,0.0,0.67,0.0,3.0,0.0,5.0,0.97,0,MC1
1.0,0.0,0.67,0.0,3.0,0.0,4.0,0.67,0,MC1
1.0,44.0,0.06,0.0,13.0,0.38,204.0,1035.75,0,MC1
1.0,44.0,0.06,0.0,13.0,0.38,204.0,1035.75,0,MC1
1.0,3.0,0.33,0.0,6.0,0.01,9.0,4.75,0,MC1
1.0,3.0,0.33,0.0,6.0,0.01,9.0,4.75,0,MC1
2.0,5.0,0.29,0.0,7.0,0.02,15.0,10.46,0,MC1
2.0,5.0,0.29,0.0,7.0,0.02,15.0,10.46,0,MC1
2.0,4.0,0.18,0.0,7.0,0.02,17.0,18.96,0,MC1
2.0,4.0,0.18,0.0,7.0,0.02,17.0,18.96,0,MC1
1.0,0.0,0.67,0.0,3.0,0.0,5.0,0.97,0,MC1
1.0,0.0,0.67,0.0,3.0,0.0,5.0,0.97,0,MC1
1.0,2.0,0.13,0.0,8.0,0.02,17.0,26.14,0,MC1
1.0,0.0,0.4,0.0,5.0,0.01,10.0,4.4,0,MC1
1.0,0.0,0.4,0.0,5.0,0.01,10.0,4.4,0,MC1
1.0,0.0,0.67,0.0,3.0,0.0,5.0,0.97,0,MC1
1.0,0.0,0.67,0.0,3.0,0.0,5.0,0.97,0,MC1
1.0,0.0,0.5,0.0,4.0,0.01,6.0,1.72,0,MC1
1.0,0.0,0.5,0.0,4.0,0.01,6.0,1.72,0,MC1
1.0,0.0,0.5,0.0,4.0,0.01,6.0,1.72,0,MC1
1.0,0.0,0.5,0.0,4.0,0.01,6.0,1.72,0,MC1
1.0,0.0,0.5,0.0,4.0,0.01,6.0,1.72,0,MC1
1.0,0.0,0.5,0.0,4.0,0.01,6.0,1.72,0,MC1
1.0,0.0,0.5,0.0,4.0,0.01,6.0,1.72,0,MC1
1.0,0.0,0.5,0.0,4.0,0.01,6.0,1.72,0,MC1
1.0,2.0,0.11,0.0,9.0,0.02,19.0,35.15,0,MC1
1.0,0.0,0.67,0.0,3.0,0.0,4.0,0.67,0,MC1
2.0,16.0,0.08,0.0,13.0,0.11,67.0,221.87,0,MC1
2.0,16.0,0.08,0.0,13.0,0.11,67.0,221.87,0,MC1
1.0,13.0,0.2,0.0,5.0,0.06,45.0,48.84,0,MC1
1.0,13.0,0.2,0.0,5.0,0.06,45.0,48.84,0,MC1
15.0,60.0,0.04,13.0,19.0,0.31,169.0,1271.14,0,MC1
1.0,60.0,0.05,13.0,19.0,0.33,175.0,1228.5,0,MC1
3.0,0.0,0.0,0.0,0.0,0.0,0.0,0.0,0,MC1
3.0,0.0,0.0,0.0,0.0,0.0,0.0,0.0,0,MC1
5.0,26.0,0.06,0.0,15.0,0.21,120.0,627.47,0,MC1
5.0,26.0,0.06,0.0,15.0,0.21,120.0,627.47,0,MC1
1.0,4.0,0.56,0.0,3.0,0.01,13.0,3.9,0,MC1
1.0,4.0,0.56,0.0,3.0,0.01,13.0,3.9,0,MC1
1.0,4.0,0.56,0.0,3.0,0.01,13.0,3.9,0,MC1
1.0,4.0,0.56,0.0,3.0,0.01,13.0,3.9,0,MC1
1.0,4.0,0.56,0.0,3.0,0.01,13.0,3.9,0,MC1
1.0,4.0,0.56,0.0,3.0,0.01,13.0,3.9,0,MC1
1.0,4.0,0.56,0.0,3.0,0.01,13.0,3.9,0,MC1
1.0,4.0,0.56,0.0,3.0,0.01,13.0,3.9,0,MC1
1.0,4.0,0.56,0.0,3.0,0.01,13.0,3.9,0,MC1
1.0,4.0,0.56,0.0,3.0,0.01,13.0,3.9,0,MC1
1.0,4.0,0.56,0.0,3.0,0.01,13.0,3.9,0,MC1
1.0,4.0,0.56,0.0,3.0,0.01,13.0,3.9,0,MC1
1.0,4.0,0.56,0.0,3.0,0.01,13.0,3.9,0,MC1
1.0,4.0,0.56,0.0,3.0,0.01,13.0,3.9,0,MC1
1.0,4.0,0.56,0.0,3.0,0.01,13.0,3.9,0,MC1
1.0,4.0,0.56,0.0,3.0,0.01,13.0,3.9,0,MC1
1.0,4.0,0.56,0.0,3.0,0.01,13.0,3.9,0,MC1
1.0,4.0,0.56,0.0,3.0,0.01,13.0,3.9,0,MC1
1.0,8.0,0.19,5.0,6.0,0.04,34.0,39.36,0,MC1
1.0,8.0,0.19,5.0,6.0,0.04,34.0,39.36,0,MC1
1.0,4.0,0.56,0.0,3.0,0.01,13.0,3.9,0,MC1
1.0,4.0,0.56,0.0,3.0,0.01,13.0,3.9,0,MC1
1.0,4.0,0.56,0.0,3.0,0.01,13.0,3.9,0,MC1
1.0,4.0,0.56,0.0,3.0,0.01,13.0,3.9,0,MC1
1.0,4.0,0.56,0.0,3.0,0.01,13.0,3.9,0,MC1
1.0,4.0,0.56,0.0,3.0,0.01,13.0,3.9,0,MC1
1.0,4.0,0.56,0.0,3.0,0.01,13.0,3.9,0,MC1
1.0,4.0,0.56,0.0,3.0,0.01,13.0,3.9,0,MC1
1.0,4.0,0.56,0.0,3.0,0.01,13.0,3.9,0,MC1
1.0,4.0,0.56,0.0,3.0,0.01,13.0,3.9,0,MC1
1.0,4.0,0.56,0.0,3.0,0.01,13.0,3.9,0,MC1
1.0,4.0,0.56,0.0,3.0,0.01,13.0,3.9,0,MC1
1.0,4.0,0.56,0.0,3.0,0.01,13.0,3.9,0,MC1
1.0,4.0,0.56,0.0,3.0,0.01,13.0,3.9,0,MC1
1.0,4.0,0.56,0.0,3.0,0.01,13.0,3.9,0,MC1
1.0,4.0,0.56,0.0,3.0,0.01,13.0,3.9,0,MC1
1.0,4.0,0.56,0.0,3.0,0.01,13.0,3.9,0,MC1
1.0,4.0,0.56,0.0,3.0,0.01,13.0,3.9,0,MC1
1.0,4.0,0.56,0.0,3.0,0.01,13.0,3.9,0,MC1
1.0,4.0,0.56,0.0,3.0,0.01,13.0,3.9,0,MC1
1.0,4.0,0.56,0.0,3.0,0.01,13.0,3.9,0,MC1
1.0,4.0,0.56,0.0,3.0,0.01,13.0,3.9,0,MC1
1.0,4.0,0.56,2.0,3.0,0.01,13.0,3.9,0,MC1
1.0,4.0,0.56,2.0,3.0,0.01,13.0,3.9,0,MC1
10.0,14.0,0.08,0.0,15.0,0.16,94.0,356.77,0,MW1
4.0,26.0,0.13,0.0,13.0,0.21,108.0,273.62,0,MW1
3.0,11.0,0.16,0.0,9.0,0.07,45.0,72.7,0,MW1
3.0,9.0,0.13,0.0,9.0,0.04,27.0,43.95,0,MW1
5.0,15.0,0.08,0.0,12.0,0.1,65.0,208.32,0,MW1
3.0,13.0,0.14,0.0,12.0,0.06,37.0,65.97,0,MW1
7.0,31.0,0.09,0.0,12.0,0.24,130.0,439.94,0,MW1
1.0,20.0,0.19,0.0,6.0,0.12,76.0,103.25,1,MW1
1.0,30.0,0.09,0.0,8.0,0.19,118.0,347.8,0,MW1
1.0,10.0,0.11,0.0,11.0,0.06,42.0,95.83,0,MW1
1.0,10.0,0.25,0.0,7.0,0.03,25.0,21.15,0,MW1
1.0,4.0,0.22,0.0,6.0,0.01,10.0,7.5,0,MW1
1.0,9.0,0.21,0.0,7.0,0.06,41.0,47.52,0,MW1
1.0,7.0,0.21,0.0,7.0,0.03,26.0,27.16,0,MW1
1.0,5.0,0.16,0.0,10.0,0.04,26.0,37.96,0,MW1
2.0,28.0,0.1,0.0,12.0,0.14,81.0,238.46,0,MW1
3.0,15.0,0.06,0.0,19.0,0.09,53.0,231.81,0,MW1
4.0,12.0,0.06,0.0,15.0,0.08,51.0,217.93,0,MW1
2.0,7.0,0.24,0.0,5.0,0.01,12.0,8.33,0,MW1
3.0,16.0,0.08,0.0,14.0,0.09,55.0,184.32,1,MW1
4.0,31.0,0.14,0.0,11.0,0.16,90.0,196.82,0,MW1
3.0,26.0,0.15,0.0,10.0,0.13,76.0,147.68,0,MW1
1.0,23.0,0.11,0.0,8.0,0.23,133.0,353.73,0,MW1
8.0,44.0,0.11,0.0,13.0,0.37,181.0,562.27,1,MW1
1.0,7.0,0.34,0.0,5.0,0.04,29.0,19.04,0,MW1
1.0,3.0,0.5,0.0,4.0,0.01,7.0,2.18,0,MW1
3.0,16.0,0.09,0.0,13.0,0.08,51.0,143.86,0,MW1
28.0,100.0,0.02,0.0,40.0,1.24,526.0,9797.14,0,MW1
2.0,9.0,0.12,0.0,7.0,0.11,75.0,150.3,1,MW1
5.0,22.0,0.06,0.0,19.0,0.16,92.0,474.78,0,MW1
22.0,46.0,0.03,0.0,29.0,0.6,286.0,3311.29,0,MW1
1.0,11.0,0.13,0.0,12.0,0.08,48.0,96.37,0,MW1
8.0,18.0,0.1,3.0,15.0,0.1,62.0,167.16,0,MW1
1.0,17.0,0.15,0.0,6.0,0.14,92.0,162.17,0,MW1
11.0,37.0,0.05,1.0,16.0,0.3,161.0,936.64,0,MW1
2.0,10.0,0.13,0.0,11.0,0.07,42.0,80.88,0,MW1
3.0,24.0,0.08,0.0,14.0,0.22,121.0,466.65,0,MW1
1.0,7.0,0.18,0.0,7.0,0.09,61.0,83.84,0,MW1
1.0,11.0,0.13,0.0,11.0,0.08,49.0,98.53,0,MW1
2.0,9.0,0.26,0.0,6.0,0.02,19.0,15.07,0,MW1
2.0,11.0,0.13,0.0,11.0,0.04,30.0,56.37,0,MW1
4.0,28.0,0.17,0.0,9.0,0.2,109.0,199.33,1,MW1
3.0,18.0,0.23,0.0,8.0,0.07,46.0,53.72,1,MW1
7.0,32.0,0.06,0.0,22.0,0.2,106.0,538.83,0,MW1
1.0,4.0,0.67,0.0,3.0,0.01,7.0,1.35,0,MW1
6.0,39.0,0.04,0.0,26.0,0.25,130.0,1061.34,0,MW1
3.0,12.0,0.07,0.0,18.0,0.13,73.0,293.54,0,MW1
1.0,7.0,0.11,0.0,10.0,0.05,34.0,71.32,0,MW1
7.0,47.0,0.04,0.0,21.0,0.45,235.0,2103.73,0,MW1
6.0,14.0,0.12,2.0,13.0,0.08,50.0,110.38,0,MW1
12.0,48.0,0.02,0.0,26.0,0.48,246.0,3805.31,0,MW1
6.0,23.0,0.07,0.0,17.0,0.15,87.0,345.45,0,MW1
1.0,80.0,0.03,0.0,17.0,2.06,889.0,10804.55,0,MW1
1.0,35.0,0.05,0.0,17.0,0.61,289.0,1900.97,0,MW1
2.0,34.0,0.06,0.0,15.0,0.57,276.0,1667.02,0,MW1
4.0,51.0,0.03,0.0,22.0,0.88,405.0,4489.4,0,MW1
4.0,26.0,0.04,0.0,18.0,0.38,195.0,1432.06,0,MW1
2.0,5.0,0.15,0.0,8.0,0.03,26.0,37.56,0,MW1
5.0,16.0,0.04,0.0,17.0,0.13,77.0,480.36,0,MW1
4.0,34.0,0.16,0.0,9.0,0.25,131.0,251.81,0,MW1
3.0,30.0,0.1,0.0,11.0,0.34,177.0,563.96,1,MW1
3.0,22.0,0.09,0.0,14.0,0.15,87.0,286.23,0,MW1
7.0,28.0,0.06,0.0,13.0,0.17,99.0,442.17,0,MW1
5.0,13.0,0.13,2.0,12.0,0.06,42.0,80.24,0,MW1
3.0,20.0,0.11,0.0,12.0,0.1,60.0,150.23,0,MW1
4.0,24.0,0.17,0.0,9.0,0.16,90.0,158.56,0,MW1
2.0,13.0,0.15,0.0,9.0,0.1,63.0,114.77,0,MW1
8.0,61.0,0.04,0.0,36.0,0.35,164.0,1646.12,1,MW1
9.0,58.0,0.04,0.0,44.0,0.38,170.0,1774.86,0,MW1
5.0,43.0,0.07,0.0,15.0,0.32,170.0,758.07,1,MW1
1.0,5.0,0.44,0.0,4.0,0.02,16.0,7.03,0,MW1
1.0,5.0,0.43,0.0,4.0,0.02,14.0,6.03,0,MW1
1.0,9.0,0.17,0.0,7.0,0.06,41.0,57.42,1,MW1
1.0,10.0,0.1,0.0,8.0,0.15,97.0,253.26,1,MW1
7.0,64.0,0.04,0.0,17.0,0.49,250.0,2057.83,0,MW1
3.0,23.0,0.19,0.0,7.0,0.11,70.0,99.18,0,MW1
7.0,15.0,0.12,3.0,13.0,0.08,51.0,112.14,0,MW1
1.0,13.0,0.1,0.0,7.0,0.23,141.0,396.16,0,MW1
3.0,9.0,0.22,0.0,8.0,0.03,22.0,22.0,0,MW1
1.0,15.0,0.06,2.0,9.0,0.26,160.0,708.45,0,MW1
10.0,32.0,0.06,0.0,16.0,0.26,144.0,763.56,0,MW1
1.0,3.0,0.67,0.0,3.0,0.0,5.0,0.97,0,MW1
1.0,4.0,0.67,0.0,3.0,0.01,9.0,2.11,0,MW1
1.0,3.0,0.17,0.0,8.0,0.02,17.0,20.31,0,MW1
1.0,3.0,0.19,0.0,7.0,0.02,15.0,15.14,0,MW1
1.0,3.0,0.33,0.0,6.0,0.01,9.0,4.75,0,MW1
8.0,43.0,0.18,0.0,7.0,0.14,83.0,129.93,0,MW1
1.0,12.0,0.29,0.0,6.0,0.05,37.0,30.23,0,MW1
1.0,3.0,0.67,0.0,3.0,0.0,5.0,0.97,0,MW1
1.0,4.0,0.67,0.0,3.0,0.01,9.0,2.11,0,MW1
1.0,3.0,0.17,0.0,8.0,0.02,17.0,20.31,0,MW1
1.0,7.0,0.16,0.0,9.0,0.02,18.0,23.99,0,MW1
3.0,16.0,0.08,0.0,17.0,0.1,57.0,201.38,0,MW1
2.0,5.0,0.33,0.0,6.0,0.02,14.0,8.36,0,MW1
1.0,5.0,0.28,0.0,4.0,0.02,19.0,12.05,0,MW1
2.0,9.0,0.13,0.0,11.0,0.05,35.0,69.37,0,MW1
1.0,4.0,0.67,0.0,3.0,0.01,9.0,2.11,0,MW1
1.0,4.0,0.67,0.0,3.0,0.01,9.0,2.11,0,MW1
3.0,7.0,0.08,0.0,10.0,0.06,41.0,112.79,0,MW1
4.0,30.0,0.08,0.0,14.0,0.25,138.0,551.43,0,MW1
5.0,41.0,0.05,0.0,23.0,0.36,179.0,1214.02,0,MW1
2.0,5.0,0.31,0.0,5.0,0.02,19.0,12.16,0,MW1
8.0,26.0,0.07,0.0,19.0,0.13,75.0,331.04,0,MW1
5.0,38.0,0.07,0.0,20.0,0.24,125.0,602.12,0,MW1
1.0,8.0,0.39,0.0,3.0,0.03,25.0,11.86,0,MW1
12.0,49.0,0.06,0.0,18.0,0.39,193.0,1057.39,0,MW1
1.0,6.0,0.11,0.0,8.0,0.06,45.0,90.83,0,MW1
3.0,15.0,0.09,0.0,12.0,0.08,52.0,142.41,0,MW1
1.0,5.0,0.44,0.0,3.0,0.01,13.0,4.56,0,MW1
3.0,19.0,0.09,0.0,10.0,0.09,61.0,166.48,0,MW1
1.0,7.0,0.36,0.0,4.0,0.03,22.0,12.05,0,MW1
3.0,16.0,0.18,0.0,7.0,0.07,47.0,63.08,0,MW1
2.0,9.0,0.27,0.0,5.0,0.02,20.0,14.41,0,MW1
18.0,64.0,0.05,0.0,17.0,0.54,264.0,1788.89,0,MW1
22.0,80.0,0.05,0.0,21.0,0.6,276.0,1849.11,0,MW1
12.0,69.0,0.04,0.0,24.0,0.54,258.0,2499.83,0,MW1
7.0,25.0,0.09,0.0,13.0,0.12,72.0,218.95,0,MW1
2.0,28.0,0.08,0.0,24.0,0.13,67.0,272.14,0,MW1
5.0,9.0,0.2,0.0,9.0,0.03,25.0,28.96,0,MW1
9.0,40.0,0.1,0.0,15.0,0.29,147.0,495.77,0,MW1
2.0,13.0,0.29,0.0,5.0,0.06,44.0,36.91,0,MW1
2.0,9.0,0.2,0.0,7.0,0.04,30.0,33.38,0,MW1
2.0,9.0,0.2,0.0,7.0,0.05,36.0,42.13,0,MW1
9.0,55.0,0.13,0.0,11.0,0.46,217.0,600.52,1,MW1
1.0,5.0,0.44,0.0,3.0,0.01,13.0,4.56,0,MW1
1.0,5.0,0.4,0.0,4.0,0.01,12.0,5.0,0,MW1
1.0,28.0,0.35,1.0,4.0,0.22,121.0,106.09,0,MW1
19.0,59.0,0.04,0.0,29.0,0.54,257.0,2284.71,0,MW1
6.0,19.0,0.09,0.0,15.0,0.13,77.0,243.11,0,MW1
19.0,64.0,0.05,0.0,28.0,0.47,222.0,1635.9,0,MW1
26.0,77.0,0.04,0.0,28.0,0.72,327.0,3235.52,1,MW1
21.0,67.0,0.05,0.0,29.0,0.48,224.0,1607.14,0,MW1
15.0,56.0,0.05,0.0,18.0,0.41,211.0,1301.79,1,MW1
2.0,10.0,0.18,0.0,8.0,0.03,26.0,31.78,0,MW1
1.0,12.0,0.39,0.0,4.0,0.07,45.0,28.42,0,MW1
14.0,23.0,0.07,3.0,21.0,0.21,110.0,499.51,0,MW1
1.0,6.0,0.41,0.0,4.0,0.05,35.0,19.69,0,MW1
1.0,5.0,0.4,0.0,5.0,0.02,18.0,9.25,0,MW1
4.0,23.0,0.11,0.0,15.0,0.11,62.0,165.63,0,MW1
1.0,6.0,0.16,0.0,7.0,0.02,17.0,20.01,0,MW1
5.0,29.0,0.08,0.0,17.0,0.14,77.0,269.23,0,MW1
18.0,61.0,0.04,0.0,24.0,0.59,276.0,2288.58,0,MW1
2.0,9.0,0.26,0.0,6.0,0.02,19.0,15.07,0,MW1
8.0,77.0,0.03,0.0,27.0,0.87,408.0,5490.66,0,MW1
4.0,28.0,0.15,0.0,9.0,0.23,122.0,249.66,0,MW1
3.0,12.0,0.22,0.0,8.0,0.05,32.0,36.04,0,MW1
10.0,32.0,0.08,0.0,16.0,0.21,110.0,424.22,0,MW1
5.0,20.0,0.13,0.0,12.0,0.08,51.0,102.39,0,MW1
7.0,15.0,0.11,2.0,14.0,0.09,58.0,145.26,0,MW1
7.0,29.0,0.08,1.0,16.0,0.25,130.0,503.19,0,MW1
18.0,71.0,0.04,0.0,22.0,0.47,232.0,1937.14,1,MW1
2.0,16.0,0.31,0.0,5.0,0.07,49.0,39.28,0,MW1
2.0,20.0,0.1,0.0,14.0,0.18,100.0,310.02,0,MW1
2.0,14.0,0.14,0.0,11.0,0.05,32.0,56.35,0,MW1
2.0,6.0,0.4,0.0,5.0,0.02,17.0,8.74,0,MW1
1.0,10.0,0.41,0.0,4.0,0.05,35.0,19.69,0,MW1
3.0,18.0,0.24,0.0,7.0,0.1,61.0,68.56,0,MW1
6.0,36.0,0.08,0.0,18.0,0.28,140.0,588.94,0,MW1
5.0,11.0,0.05,0.0,21.0,0.08,47.0,249.73,0,MW1
2.0,10.0,0.13,0.0,12.0,0.04,26.0,47.33,0,MW1
5.0,14.0,0.07,0.0,11.0,0.09,58.0,208.35,0,MW1
4.0,25.0,0.17,0.0,9.0,0.15,84.0,144.56,0,MW1
3.0,12.0,0.07,0.0,16.0,0.08,53.0,206.62,0,MW1
1.0,7.0,0.29,0.0,5.0,0.05,37.0,29.67,0,MW1
13.0,53.0,0.04,0.0,25.0,0.46,224.0,1770.86,0,MW1
2.0,6.0,0.14,0.0,10.0,0.04,31.0,52.1,0,MW1
1.0,7.0,0.36,4.0,4.0,0.04,29.0,17.18,0,MW1
1.0,16.0,0.27,13.0,4.0,0.13,83.0,80.79,0,MW1
1.0,16.0,0.27,13.0,4.0,0.13,83.0,80.79,1,MW1
2.0,25.0,0.18,16.0,7.0,0.19,109.0,181.16,0,MW1
2.0,25.0,0.17,16.0,7.0,0.19,109.0,190.16,0,MW1
2.0,12.0,0.1,0.0,12.0,0.05,34.0,79.6,0,MW1
2.0,25.0,0.18,16.0,7.0,0.19,109.0,181.16,0,MW1
9.0,17.0,0.1,0.0,15.0,0.11,67.0,186.88,0,MW1
1.0,5.0,0.67,0.0,3.0,0.02,15.0,4.15,0,MW1
6.0,20.0,0.05,0.0,19.0,0.14,82.0,434.32,0,MW1
1.0,6.0,0.29,0.0,6.0,0.02,19.0,13.39,0,MW1
8.0,11.0,0.08,0.0,12.0,0.07,50.0,156.08,0,MW1
1.0,6.0,0.42,0.0,3.0,0.02,17.0,6.8,0,MW1
13.0,39.0,0.04,0.0,21.0,0.45,228.0,1892.81,0,MW1
4.0,28.0,0.18,0.0,9.0,0.18,101.0,173.3,0,MW1
7.0,28.0,0.09,0.0,14.0,0.14,83.0,268.05,0,MW1
4.0,11.0,0.03,0.0,13.0,0.12,85.0,606.69,0,MW1
5.0,13.0,0.13,2.0,12.0,0.06,42.0,80.24,0,MW1
3.0,5.0,0.11,0.0,9.0,0.02,16.0,28.68,0,MW1
2.0,7.0,0.11,0.0,12.0,0.04,28.0,60.51,0,MW1
2.0,7.0,0.2,0.0,8.0,0.02,16.0,15.93,0,MW1
4.0,15.0,0.1,0.0,12.0,0.06,41.0,101.16,0,MW1
1.0,5.0,0.16,0.0,10.0,0.04,26.0,37.5,0,MW1
1.0,5.0,0.16,0.0,10.0,0.04,26.0,37.5,0,MW1
3.0,17.0,0.11,0.0,12.0,0.12,69.0,176.79,0,MW1
3.0,12.0,0.14,0.0,10.0,0.1,61.0,113.14,0,MW1
1.0,17.0,0.21,0.0,5.0,0.21,121.0,164.15,0,MW1
2.0,9.0,0.27,0.0,6.0,0.02,16.0,11.07,0,MW1
2.0,9.0,0.27,0.0,6.0,0.02,16.0,11.07,0,MW1
2.0,13.0,0.14,0.0,10.0,0.06,41.0,71.95,0,MW1
2.0,9.0,0.27,0.0,6.0,0.02,16.0,11.07,0,MW1
1.0,5.0,0.24,0.0,7.0,0.02,15.0,12.55,0,MW1
1.0,7.0,0.12,0.0,10.0,0.04,29.0,54.59,0,MW1
2.0,9.0,0.27,0.0,6.0,0.02,16.0,11.07,0,MW1
1.0,4.0,0.4,0.0,5.0,0.01,11.0,5.08,0,MW1
1.0,6.0,0.33,0.0,5.0,0.03,22.0,14.22,0,MW1
1.0,6.0,0.33,0.0,5.0,0.03,24.0,15.63,0,MW1
1.0,6.0,0.34,0.0,5.0,0.03,26.0,17.07,0,MW1
1.0,6.0,0.34,0.0,5.0,0.04,28.0,18.54,0,MW1
4.0,13.0,0.18,0.0,9.0,0.04,28.0,35.68,0,MW1
2.0,11.0,0.11,0.0,11.0,0.07,46.0,104.1,0,MW1
1.0,9.0,0.19,0.0,8.0,0.05,37.0,47.23,0,MW1
4.0,16.0,0.14,0.0,11.0,0.08,52.0,99.58,0,MW1
1.0,4.0,0.33,0.0,6.0,0.01,12.0,6.92,0,MW1
1.0,7.0,0.19,0.0,9.0,0.04,30.0,38.23,0,MW1
16.0,54.0,0.09,0.0,13.0,0.3,155.0,549.95,0,MW1
9.0,37.0,0.08,0.0,15.0,0.25,131.0,524.63,0,MW1
5.0,19.0,0.05,0.0,17.0,0.1,61.0,303.2,0,MW1
4.0,33.0,0.12,0.0,9.0,0.22,125.0,301.28,0,MW1
5.0,15.0,0.14,0.0,9.0,0.1,60.0,116.59,0,MW1
1.0,9.0,0.4,0.0,4.0,0.04,31.0,17.22,0,MW1
16.0,59.0,0.06,0.0,21.0,0.43,206.0,1267.08,1,MW1
16.0,66.0,0.05,0.0,19.0,0.51,250.0,1781.78,1,MW1
4.0,12.0,0.09,0.0,13.0,0.09,59.0,184.36,0,MW1
17.0,64.0,0.07,0.0,14.0,0.58,277.0,1375.31,1,MW1
4.0,24.0,0.11,0.0,16.0,0.12,67.0,177.92,0,MW1
16.0,67.0,0.06,1.0,22.0,0.42,201.0,1222.6,1,MW1
1.0,10.0,0.33,0.0,4.0,0.05,36.0,24.0,0,MW1
12.0,57.0,0.04,0.0,28.0,0.48,226.0,2078.19,1,MW1
3.0,26.0,0.1,0.0,12.0,0.21,114.0,341.49,0,MW1
14.0,83.0,0.05,1.0,21.0,0.7,322.0,2496.07,0,MW1
1.0,12.0,0.36,0.0,4.0,0.06,45.0,29.71,0,MW1
3.0,20.0,0.2,0.0,8.0,0.14,82.0,118.06,0,MW1
9.0,29.0,0.04,0.0,20.0,0.16,93.0,689.03,0,MW1
9.0,35.0,0.03,0.0,20.0,0.21,122.0,1251.55,0,MW1
3.0,18.0,0.1,0.0,12.0,0.1,61.0,171.06,0,MW1
2.0,19.0,0.22,0.0,7.0,0.1,59.0,70.93,0,MW1
3.0,17.0,0.1,0.0,12.0,0.12,71.0,195.25,0,MW1
4.0,18.0,0.11,0.0,11.0,0.14,84.0,210.06,0,MW1
1.0,14.0,0.33,0.0,4.0,0.08,54.0,40.13,0,MW1
1.0,5.0,0.57,0.0,3.0,0.02,15.0,4.62,0,MW1
1.0,5.0,0.57,0.0,3.0,0.02,15.0,4.62,0,MW1
4.0,21.0,0.17,0.0,9.0,0.11,68.0,111.22,0,MW1
4.0,12.0,0.17,0.0,11.0,0.06,39.0,58.84,0,MW1
4.0,12.0,0.17,0.0,11.0,0.06,39.0,58.84,1,MW1
8.0,52.0,0.04,0.0,21.0,0.34,176.0,1280.86,0,MW1
3.0,17.0,0.09,0.0,12.0,0.23,124.0,419.6,0,MW1
14.0,63.0,0.06,0.0,17.0,0.49,240.0,1464.48,1,MW1
13.0,52.0,0.08,0.0,15.0,0.42,206.0,922.41,1,MW1
6.0,44.0,0.06,0.0,14.0,0.37,192.0,1009.79,0,MW1
4.0,10.0,0.25,0.0,8.0,0.05,35.0,33.61,0,MW1
12.0,45.0,0.08,0.0,16.0,0.39,188.0,812.81,1,MW1
7.0,17.0,0.11,0.0,11.0,0.1,66.0,151.67,0,MW1
7.0,18.0,0.09,0.0,11.0,0.13,82.0,238.27,0,MW1
1.0,17.0,0.17,0.0,4.0,0.08,65.0,82.08,0,MW1
5.0,17.0,0.11,0.0,12.0,0.08,50.0,116.23,0,MW1
4.0,10.0,0.18,0.0,8.0,0.06,41.0,52.78,1,MW1
1.0,10.0,0.42,0.0,4.0,0.06,39.0,22.24,0,MW1
4.0,13.0,0.17,0.0,9.0,0.1,59.0,93.0,0,MW1
2.0,11.0,0.33,0.0,4.0,0.03,28.0,16.73,0,MW1
2.0,13.0,0.25,0.0,6.0,0.06,44.0,43.01,0,MW1
7.0,19.0,0.15,0.0,8.0,0.12,76.0,136.74,0,MW1
6.0,10.0,0.23,0.0,7.0,0.07,49.0,53.96,0,MW1
6.0,20.0,0.09,0.0,14.0,0.11,67.0,209.89,0,MW1
4.0,12.0,0.18,0.0,10.0,0.05,33.0,43.58,0,MW1
4.0,12.0,0.16,0.0,11.0,0.06,39.0,62.89,0,MW1
3.0,30.0,0.07,0.0,16.0,0.22,117.0,517.01,0,MW1
4.0,9.0,0.13,0.0,12.0,0.07,47.0,94.36,0,MW1
4.0,9.0,0.15,0.0,11.0,0.06,41.0,70.69,0,MW1
4.0,9.0,0.13,0.0,12.0,0.07,47.0,94.36,1,MW1
4.0,9.0,0.13,0.0,12.0,0.07,47.0,94.36,0,MW1
3.0,27.0,0.05,0.0,18.0,0.25,138.0,883.61,0,MW1
2.0,14.0,0.14,0.0,12.0,0.06,40.0,71.44,0,MW1
6.0,48.0,0.05,8.0,20.0,0.29,149.0,882.7,0,MW1
1.0,11.0,0.1,0.0,14.0,0.11,63.0,170.14,0,MW1
3.0,48.0,0.07,0.0,14.0,0.29,160.0,668.07,0,MW1
5.0,9.0,0.22,0.0,8.0,0.03,22.0,21.83,0,MW1
9.0,31.0,0.05,0.0,17.0,0.36,190.0,1241.98,0,MW1
16.0,50.0,0.04,0.0,31.0,0.52,243.0,2210.44,0,MW1
2.0,10.0,0.17,0.0,9.0,0.04,30.0,41.25,0,MW1
1.0,5.0,0.33,0.0,6.0,0.02,15.0,8.96,0,MW1
3.0,47.0,0.07,3.0,18.0,0.3,151.0,760.17,0,MW1
18.0,66.0,0.06,0.0,22.0,0.41,196.0,1223.38,0,MW1
2.0,9.0,0.12,0.0,8.0,0.17,105.0,241.17,0,MW1
9.0,35.0,0.08,0.0,15.0,0.24,133.0,532.06,0,MW1
2.0,6.0,0.14,0.0,11.0,0.03,22.0,36.64,0,MW1
19.0,43.0,0.04,0.0,29.0,0.45,216.0,2044.54,0,MW1
1.0,17.0,0.14,0.0,6.0,0.12,79.0,143.12,0,MW1
1.0,11.0,0.16,0.0,10.0,0.07,44.0,68.05,0,MW1
9.0,40.0,0.04,0.0,16.0,0.46,245.0,1952.11,0,MW1
1.0,8.0,0.27,0.0,4.0,0.04,31.0,23.15,0,MW1
1.0,5.0,0.22,0.0,5.0,0.02,22.0,18.27,0,MW1
1.0,6.0,0.19,0.0,6.0,0.03,22.0,22.83,0,MW1
1.0,5.0,0.24,0.0,7.0,0.02,16.0,13.38,0,MW1
1.0,5.0,0.24,0.0,7.0,0.02,16.0,13.38,0,MW1
4.0,26.0,0.09,0.0,12.0,0.15,94.0,298.96,0,MW1
1.0,5.0,0.17,0.0,10.0,0.03,26.0,33.7,0,MW1
1.0,10.0,0.12,0.0,7.0,0.04,36.0,60.44,0,MW1
1.0,4.0,0.4,0.0,5.0,0.01,8.0,3.33,0,MW1
1.0,4.0,0.29,0.0,7.0,0.01,10.0,6.46,0,MW1
2.0,14.0,0.21,0.0,9.0,0.07,45.0,55.99,0,MW1
2.0,4.0,0.19,0.0,8.0,0.01,13.0,13.33,0,MW1
1.0,12.0,0.29,0.0,7.0,0.02,17.0,13.51,0,MW1
1.0,12.0,0.29,0.0,7.0,0.02,17.0,13.51,0,MW1
9.0,50.0,0.05,0.0,18.0,0.47,233.0,1625.93,0,MW1
5.0,18.0,0.06,0.0,18.0,0.13,76.0,389.83,0,MW1
2.0,5.0,0.14,0.0,8.0,0.02,18.0,26.64,0,MW1
1.0,5.0,0.27,0.0,5.0,0.03,25.0,19.27,0,MW1
2.0,9.0,0.14,0.0,10.0,0.04,26.0,44.31,0,MW1
12.0,58.0,0.04,0.0,23.0,0.41,202.0,1601.31,0,MW1
3.0,13.0,0.06,0.0,14.0,0.07,45.0,186.67,0,MW1
1.0,4.0,0.5,0.0,3.0,0.01,9.0,2.58,0,MW1
6.0,40.0,0.06,0.0,19.0,0.29,147.0,797.89,0,MW1
4.0,13.0,0.16,3.0,11.0,0.04,30.0,44.02,0,MW1
1.0,3.0,0.67,0.0,3.0,0.0,5.0,0.97,0,MW1
10.0,42.0,0.05,0.0,22.0,0.32,162.0,1117.54,0,MW1
3.0,23.0,0.09,0.0,13.0,0.13,77.0,237.24,0,MW1
2.0,10.0,0.1,0.0,8.0,0.06,43.0,100.33,0,MW1
2.0,24.0,0.06,0.0,9.0,0.27,164.0,775.56,0,MW1
2.0,19.0,0.07,0.0,8.0,0.26,162.0,666.24,0,MW1
2.0,21.0,0.1,0.0,11.0,0.12,73.0,204.44,0,MW1
3.0,9.0,0.08,0.0,11.0,0.04,31.0,83.89,0,MW1
1.0,6.0,0.44,0.0,4.0,0.02,20.0,8.96,0,MW1
4.0,17.0,0.2,0.0,8.0,0.13,74.0,106.27,0,MW1
3.0,12.0,0.2,0.0,7.0,0.05,36.0,42.13,0,MW1
9.0,25.0,0.08,0.0,12.0,0.19,111.0,393.21,0,MW1
15.0,31.0,0.07,0.0,12.0,0.55,276.0,1280.56,0,MW1
4.0,26.0,0.1,0.0,13.0,0.15,85.0,246.51,0,MW1
3.0,8.0,0.29,0.0,6.0,0.04,29.0,23.51,0,MW1
2.0,11.0,0.33,0.0,5.0,0.06,39.0,28.09,0,MW1
2.0,10.0,0.24,0.0,7.0,0.08,51.0,56.75,0,MW1
2.0,4.0,0.4,0.0,5.0,0.01,11.0,5.08,0,MW1
1.0,4.0,0.19,0.0,8.0,0.03,21.0,23.44,0,MW1
26.0,112.0,0.03,0.0,27.0,1.1,483.0,6368.52,1,MW1
1.0,5.0,0.57,0.0,3.0,0.02,15.0,4.62,0,MW1
3.0,9.0,0.22,0.0,7.0,0.05,37.0,40.63,0,MW1
2.0,9.0,0.19,0.0,8.0,0.05,33.0,42.26,0,MW1
3.0,17.0,0.18,0.0,10.0,0.07,47.0,69.38,0,MW1
2.0,9.0,0.33,0.0,6.0,0.02,18.0,10.75,0,MW1
3.0,16.0,0.18,0.0,9.0,0.08,50.0,72.64,0,MW1
3.0,20.0,0.17,0.0,10.0,0.08,52.0,81.01,0,MW1
1.0,5.0,0.4,0.0,5.0,0.03,24.0,13.33,0,MW1
1.0,10.0,0.38,0.0,4.0,0.05,35.0,20.74,0,MW1
2.0,7.0,0.24,0.0,5.0,0.01,12.0,8.33,0,MW1
5.0,24.0,0.19,0.0,8.0,0.16,93.0,144.36,0,MW1
1.0,3.0,0.5,0.0,4.0,0.01,7.0,2.18,0,MW1
8.0,34.0,0.06,0.0,20.0,0.26,131.0,684.37,0,MW1
4.0,20.0,0.13,0.0,11.0,0.08,51.0,98.21,0,MW1
7.0,17.0,0.11,3.0,14.0,0.09,54.0,129.22,0,MW1
2.0,7.0,0.24,0.0,5.0,0.01,12.0,8.33,0,MW1
4.0,24.0,0.19,0.0,8.0,0.18,102.0,165.17,0,MW1
1.0,3.0,0.5,0.0,4.0,0.01,7.0,2.18,0,MW1
2.0,13.0,0.22,0.0,7.0,0.04,29.0,29.93,0,MW1
4.0,20.0,0.13,0.0,11.0,0.08,51.0,98.21,0,MW1
7.0,17.0,0.11,3.0,14.0,0.09,54.0,129.22,0,MW1
20.0,38.0,0.16,1.0,8.0,0.2,112.0,206.08,0,MW1
23.0,42.0,0.16,1.0,8.0,0.22,123.0,237.31,0,MW1
2.0,7.0,0.29,0.0,7.0,0.03,21.0,16.32,0,MW1
3.0,23.0,0.16,0.0,9.0,0.18,102.0,191.28,0,MW1
5.0,10.0,0.09,0.0,14.0,0.07,43.0,122.33,0,MW1
9.0,31.0,0.07,0.0,17.0,0.17,94.0,383.91,0,MW1
5.0,10.0,0.16,0.0,11.0,0.07,44.0,71.13,0,MW1
3.0,10.0,0.22,0.0,9.0,0.04,28.0,29.19,0,MW1
2.0,18.0,0.14,1.0,10.0,0.09,58.0,108.15,0,MW1
6.0,28.0,0.06,0.0,19.0,0.25,133.0,734.13,0,MW1
4.0,16.0,0.15,0.0,9.0,0.06,43.0,72.94,0,MW1
5.0,14.0,0.14,3.0,12.0,0.06,38.0,67.72,0,MW1
4.0,16.0,0.24,0.0,6.0,0.06,42.0,41.17,0,MW1
7.0,25.0,0.1,0.0,13.0,0.12,74.0,215.68,0,MW1
4.0,29.0,0.09,0.0,16.0,0.18,96.0,333.93,1,MW1
2.0,10.0,0.09,0.0,13.0,0.09,55.0,162.82,0,MW1
5.0,32.0,0.15,0.0,10.0,0.23,121.0,251.11,1,MW1
2.0,20.0,0.14,0.0,11.0,0.12,68.0,141.79,1,MW1
5.0,22.0,0.11,0.0,13.0,0.11,66.0,163.99,0,MW1
6.0,23.0,0.12,2.0,13.0,0.08,50.0,110.38,0,MW1
7.0,39.0,0.16,0.0,11.0,0.2,106.0,216.15,0,MW1
3.0,13.0,0.12,0.0,10.0,0.06,42.0,86.71,0,MW1
11.0,49.0,0.03,0.0,27.0,0.4,201.0,2152.57,0,MW1
5.0,37.0,0.07,0.0,19.0,0.24,127.0,562.07,0,MW1
2.0,8.0,0.08,0.0,13.0,0.04,29.0,84.05,0,MW1
14.0,111.0,0.03,1.0,25.0,0.72,345.0,4403.98,0,MW1
3.0,12.0,0.21,0.0,8.0,0.04,30.0,33.61,0,MW1
3.0,12.0,0.21,0.0,8.0,0.04,30.0,33.61,0,MW1
1.0,6.0,0.31,0.0,4.0,0.02,21.0,11.83,0,MW1
4.0,14.0,0.09,0.0,14.0,0.07,46.0,130.86,0,MW1
2.0,9.0,0.09,0.0,12.0,0.05,33.0,85.89,0,MW1
1.0,5.0,0.2,0.0,7.0,0.02,17.0,16.59,0,MW1
1.0,3.0,0.5,0.0,4.0,0.01,7.0,2.18,0,MW1
2.0,5.0,0.2,0.0,7.0,0.02,14.0,13.66,0,MW1
9.0,22.0,0.05,1.0,19.0,0.32,166.0,1104.78,0,MW1
6.0,21.0,0.05,0.0,17.0,0.2,117.0,745.58,0,MW1
7.0,52.0,0.12,0.0,9.0,0.38,193.0,516.58,0,MW1
4.0,27.0,0.08,0.0,18.0,0.14,80.0,295.19,0,MW1
6.0,37.0,0.04,0.0,23.0,0.36,181.0,1570.18,0,MW1
6.0,16.0,0.15,0.0,8.0,0.09,57.0,96.88,0,MW1
8.0,16.0,0.1,2.0,15.0,0.11,66.0,184.96,0,MW1
11.0,14.0,0.11,0.0,10.0,0.13,79.0,188.44,0,MW1
2.0,8.0,0.11,0.0,10.0,0.04,32.0,67.48,0,MW1
2.0,9.0,0.13,0.0,9.0,0.03,25.0,40.7,0,MW1
2.0,11.0,0.14,0.0,6.0,0.07,53.0,85.34,0,MW1
1.0,6.0,0.13,4.0,6.0,0.06,45.0,71.39,0,MW1
1.0,6.0,0.19,0.0,6.0,0.03,22.0,22.83,0,MW1
1.0,5.0,0.24,0.0,7.0,0.02,16.0,13.38,0,MW1
5.0,30.0,0.06,0.0,13.0,0.17,105.0,448.98,0,MW1
1.0,5.0,0.19,0.0,9.0,0.03,26.0,29.63,0,MW1
1.0,10.0,0.12,0.0,7.0,0.04,36.0,60.44,0,MW1
1.0,4.0,0.4,0.0,5.0,0.01,8.0,3.33,0,MW1
3.0,8.0,0.06,0.0,10.0,0.05,41.0,151.28,0,PC1
2.0,5.0,0.18,0.0,8.0,0.03,20.0,24.81,0,PC1
1.0,0.0,0.0,0.0,2.0,0.0,2.0,0.0,0,PC1
10.0,61.0,0.02,1.0,25.0,0.83,392.0,5538.39,0,PC1
2.0,10.0,0.15,0.0,7.0,0.1,68.0,117.68,0,PC1
1.0,6.0,0.2,0.0,8.0,0.03,23.0,25.56,0,PC1
7.0,120.0,0.02,0.0,28.0,2.36,1002.0,23607.11,1,PC1
22.0,108.0,0.03,1.0,31.0,1.07,464.0,5903.6,0,PC1
2.0,22.0,0.11,0.0,13.0,0.16,88.0,249.3,0,PC1
13.0,83.0,0.02,0.0,30.0,1.58,703.0,16958.56,0,PC1
11.0,54.0,0.04,0.0,24.0,0.43,214.0,1968.8,0,PC1
25.0,153.0,0.02,0.0,33.0,1.98,841.0,20441.11,1,PC1
29.0,106.0,0.03,0.0,28.0,1.23,539.0,8140.23,1,PC1
1.0,11.0,0.12,0.0,6.0,0.08,57.0,106.4,0,PC1
6.0,33.0,0.03,0.0,21.0,0.5,257.0,2871.98,0,PC1
14.0,84.0,0.03,1.0,37.0,0.67,295.0,3391.63,0,PC1
136.0,602.0,0.01,2.0,99.0,8.65,2785.0,151702.06,1,PC1
1.0,18.0,0.11,0.0,10.0,0.14,84.0,209.18,0,PC1
4.0,24.0,0.06,0.0,20.0,0.2,109.0,540.32,0,PC1
5.0,54.0,0.04,0.0,21.0,1.18,507.0,4699.28,0,PC1
9.0,84.0,0.02,0.0,31.0,2.17,876.0,16746.63,1,PC1
25.0,107.0,0.02,4.0,35.0,1.43,619.0,12588.26,1,PC1
17.0,93.0,0.03,0.0,28.0,0.89,409.0,5686.6,1,PC1
24.0,141.0,0.02,0.0,32.0,1.52,657.0,13132.05,1,PC1
5.0,29.0,0.05,0.0,18.0,0.27,146.0,842.58,1,PC1
5.0,29.0,0.05,0.0,18.0,0.31,164.0,1054.48,1,PC1
1.0,7.0,0.29,0.0,7.0,0.02,17.0,12.59,0,PC1
2.0,13.0,0.07,0.0,12.0,0.16,98.0,391.82,0,PC1
2.0,14.0,0.06,0.0,12.0,0.22,129.0,584.96,0,PC1
7.0,40.0,0.03,0.0,20.0,0.67,330.0,3667.62,0,PC1
1.0,0.0,0.0,0.0,2.0,0.0,2.0,0.0,0,PC1
2.0,14.0,0.21,0.0,8.0,0.05,35.0,39.05,0,PC1
5.0,22.0,0.04,1.0,18.0,0.19,111.0,872.14,0,PC1
26.0,167.0,0.04,1.0,20.0,1.63,671.0,6070.69,1,PC1
25.0,110.0,0.02,13.0,23.0,1.47,663.0,11037.62,1,PC1
1.0,5.0,0.22,0.0,8.0,0.03,21.0,21.0,0,PC1
1.0,3.0,0.33,0.0,6.0,0.01,9.0,4.75,0,PC1
7.0,27.0,0.05,0.0,22.0,0.17,94.0,604.03,1,PC1
1.0,4.0,0.31,0.0,4.0,0.02,17.0,9.58,0,PC1
1.0,18.0,0.19,0.0,4.0,0.19,123.0,172.35,0,PC1
6.0,25.0,0.05,2.0,18.0,0.34,175.0,1069.78,0,PC1
7.0,20.0,0.03,0.0,20.0,0.23,134.0,1501.93,0,PC1
7.0,42.0,0.04,0.0,21.0,0.29,156.0,1204.28,0,PC1
6.0,39.0,0.08,0.0,16.0,0.26,135.0,522.65,0,PC1
1.0,3.0,0.67,0.0,3.0,0.0,5.0,0.97,0,PC1
1.0,14.0,0.1,0.0,12.0,0.13,81.0,223.75,0,PC1
2.0,7.0,0.16,0.0,9.0,0.06,40.0,62.22,0,PC1
1.0,22.0,0.06,0.0,16.0,0.26,144.0,698.81,0,PC1
14.0,22.0,0.03,1.0,19.0,0.17,102.0,888.52,0,PC1
19.0,36.0,0.03,0.0,25.0,0.45,232.0,2949.56,0,PC1
7.0,17.0,0.08,0.0,12.0,0.19,110.0,402.82,0,PC1
11.0,29.0,0.03,0.0,25.0,0.31,161.0,1770.39,0,PC1
9.0,19.0,0.04,0.0,20.0,0.17,99.0,752.29,0,PC1
1.0,0.0,0.5,0.0,4.0,0.0,5.0,1.29,0,PC1
1.0,0.0,0.5,0.0,4.0,0.0,5.0,1.29,0,PC1
8.0,21.0,0.04,1.0,19.0,0.14,83.0,596.81,0,PC1
8.0,21.0,0.04,1.0,19.0,0.14,83.0,596.81,0,PC1
4.0,10.0,0.04,0.0,13.0,0.07,48.0,260.2,0,PC1
2.0,15.0,0.09,0.0,11.0,0.1,62.0,182.23,0,PC1
2.0,12.0,0.17,1.0,6.0,0.04,31.0,38.24,0,PC1
1.0,6.0,0.56,0.0,3.0,0.02,15.0,4.5,0,PC1
2.0,11.0,0.16,0.0,8.0,0.05,34.0,50.41,0,PC1
1.0,8.0,0.22,0.0,5.0,0.07,51.0,53.73,0,PC1
2.0,10.0,0.15,0.0,8.0,0.08,54.0,89.41,0,PC1
7.0,21.0,0.06,0.0,13.0,0.11,70.0,293.47,0,PC1
3.0,20.0,0.07,3.0,7.0,0.12,88.0,272.44,0,PC1
2.0,7.0,0.11,0.0,9.0,0.02,20.0,37.0,0,PC1
2.0,8.0,0.1,0.0,10.0,0.04,29.0,64.44,0,PC1
2.0,13.0,0.14,0.0,9.0,0.06,43.0,74.76,0,PC1
1.0,0.0,0.0,0.0,2.0,0.0,2.0,0.0,0,PC1
1.0,0.0,0.0,0.0,2.0,0.0,2.0,0.0,0,PC1
3.0,17.0,0.1,0.0,14.0,0.11,63.0,170.14,0,PC1
6.0,34.0,0.06,0.0,19.0,0.34,176.0,969.56,0,PC1
3.0,22.0,0.12,0.0,11.0,0.12,74.0,166.89,0,PC1
4.0,20.0,0.07,0.0,17.0,0.15,86.0,351.24,0,PC1
20.0,70.0,0.04,0.0,31.0,0.45,213.0,1916.8,0,PC1
2.0,9.0,0.14,0.0,8.0,0.05,38.0,63.38,0,PC1
6.0,44.0,0.06,0.0,15.0,0.39,202.0,1077.82,0,PC1
1.0,14.0,0.07,0.0,10.0,0.31,177.0,692.5,0,PC1
2.0,41.0,0.04,0.0,21.0,0.72,343.0,3381.0,0,PC1
14.0,77.0,0.02,0.0,30.0,1.25,555.0,9409.14,0,PC1
8.0,27.0,0.06,2.0,21.0,0.19,105.0,541.31,0,PC1
8.0,37.0,0.04,0.0,24.0,0.52,250.0,2102.67,0,PC1
1.0,9.0,0.11,0.0,12.0,0.11,65.0,163.84,0,PC1
1.0,6.0,0.15,0.0,13.0,0.05,30.0,50.31,1,PC1
9.0,33.0,0.1,0.0,11.0,0.16,96.0,269.03,0,PC1
9.0,41.0,0.04,0.0,24.0,0.61,290.0,2684.56,0,PC1
2.0,11.0,0.14,0.0,12.0,0.05,35.0,62.41,0,PC1
2.0,11.0,0.14,0.0,12.0,0.05,35.0,62.41,0,PC1
9.0,29.0,0.07,0.0,14.0,0.24,136.0,617.07,0,PC1
5.0,18.0,0.05,0.0,18.0,0.17,97.0,537.1,0,PC1
1.0,11.0,0.22,0.0,4.0,0.07,55.0,55.0,0,PC1
2.0,12.0,0.16,0.0,10.0,0.06,41.0,63.41,0,PC1
3.0,14.0,0.16,0.0,10.0,0.07,47.0,76.96,0,PC1
3.0,17.0,0.08,0.0,16.0,0.12,73.0,262.76,0,PC1
3.0,17.0,0.08,0.0,16.0,0.12,73.0,275.1,0,PC1
3.0,17.0,0.08,0.0,16.0,0.12,73.0,262.76,0,PC1
5.0,22.0,0.07,0.0,17.0,0.18,100.0,417.61,0,PC1
5.0,22.0,0.07,0.0,17.0,0.18,100.0,432.2,0,PC1
6.0,18.0,0.08,0.0,14.0,0.13,78.0,282.87,0,PC1
2.0,16.0,0.06,0.0,13.0,0.33,185.0,918.35,0,PC1
4.0,20.0,0.1,0.0,13.0,0.13,78.0,227.33,0,PC1
7.0,36.0,0.06,1.0,18.0,0.29,154.0,781.29,0,PC1
11.0,61.0,0.04,0.0,16.0,0.73,359.0,2998.52,0,PC1
9.0,40.0,0.03,0.0,25.0,0.5,247.0,2619.45,0,PC1
4.0,23.0,0.08,0.0,15.0,0.18,101.0,358.84,1,PC1
3.0,15.0,0.1,0.0,14.0,0.1,60.0,168.52,0,PC1
5.0,28.0,0.04,0.0,20.0,0.18,102.0,726.94,0,PC1
15.0,83.0,0.02,0.0,19.0,1.18,558.0,7889.94,0,PC1
19.0,103.0,0.02,2.0,19.0,1.56,716.0,11414.13,0,PC1
3.0,7.0,0.1,0.0,9.0,0.04,29.0,61.37,0,PC1
3.0,18.0,0.09,2.0,19.0,0.11,59.0,189.81,0,PC1
16.0,35.0,0.03,7.0,29.0,0.44,217.0,2778.07,0,PC1
3.0,8.0,0.07,0.0,13.0,0.06,39.0,130.43,0,PC1
10.0,48.0,0.02,17.0,28.0,0.48,246.0,3703.41,0,PC1
3.0,11.0,0.09,1.0,14.0,0.05,36.0,105.55,0,PC1
8.0,29.0,0.04,0.0,20.0,0.26,141.0,1145.81,0,PC1
7.0,13.0,0.03,0.0,19.0,0.15,91.0,753.47,0,PC1
34.0,89.0,0.02,2.0,40.0,1.07,470.0,9479.87,0,PC1
20.0,50.0,0.01,0.0,32.0,0.6,307.0,7080.96,0,PC1
10.0,20.0,0.05,0.0,18.0,0.2,113.0,738.05,0,PC1
1.0,4.0,0.5,0.0,3.0,0.01,9.0,2.58,0,PC1
34.0,91.0,0.05,1.0,19.0,1.28,548.0,4547.89,0,PC1
34.0,88.0,0.02,0.0,32.0,1.04,466.0,7738.83,0,PC1
10.0,45.0,0.02,0.0,31.0,0.68,319.0,4750.15,0,PC1
23.0,71.0,0.03,2.0,26.0,0.79,377.0,5132.09,0,PC1
1.0,12.0,0.08,0.0,14.0,0.09,57.0,191.02,0,PC1
25.0,144.0,0.02,2.0,25.0,1.75,751.0,11817.24,0,PC1
1.0,0.0,0.4,0.0,5.0,0.01,6.0,2.15,0,PC1
1.0,0.0,0.0,0.0,2.0,0.0,2.0,0.0,0,PC1
1.0,0.0,0.0,0.0,2.0,0.0,2.0,0.0,0,PC1
17.0,63.0,0.03,6.0,24.0,0.95,429.0,5055.99,1,PC1
3.0,10.0,0.06,0.0,13.0,0.05,35.0,134.22,0,PC1
6.0,42.0,0.03,2.0,22.0,0.46,242.0,2978.5,0,PC1
12.0,64.0,0.03,10.0,26.0,0.79,368.0,4792.82,1,PC1
7.0,31.0,0.03,3.0,21.0,0.22,125.0,1177.59,0,PC1
7.0,31.0,0.03,4.0,21.0,0.22,125.0,1123.32,0,PC1
21.0,118.0,0.04,17.0,19.0,0.98,440.0,3715.52,0,PC1
7.0,31.0,0.03,5.0,21.0,0.22,125.0,1074.3,0,PC1
9.0,46.0,0.04,1.0,23.0,0.3,161.0,1311.58,0,PC1
4.0,10.0,0.05,0.0,13.0,0.05,37.0,189.43,0,PC1
8.0,46.0,0.04,1.0,22.0,0.34,176.0,1414.57,0,PC1
13.0,60.0,0.03,4.0,25.0,0.43,213.0,2071.62,0,PC1
20.0,63.0,0.02,3.0,27.0,0.79,375.0,5659.76,0,PC1
16.0,76.0,0.02,3.0,26.0,1.0,466.0,7425.6,0,PC1
21.0,76.0,0.03,3.0,25.0,0.71,331.0,3584.96,0,PC1
1.0,14.0,0.08,0.0,12.0,0.17,99.0,356.71,0,PC1
4.0,8.0,0.22,3.0,6.0,0.04,28.0,26.65,0,PC1
3.0,21.0,0.1,0.0,14.0,0.11,64.0,178.41,0,PC1
26.0,155.0,0.02,12.0,34.0,1.43,604.0,10653.28,0,PC1
3.0,53.0,0.06,2.0,17.0,0.64,296.0,1775.43,0,PC1
10.0,49.0,0.05,6.0,26.0,0.34,168.0,1213.43,0,PC1
3.0,7.0,0.09,1.0,11.0,0.06,40.0,105.65,0,PC1
2.0,6.0,0.13,1.0,10.0,0.04,29.0,50.39,0,PC1
7.0,15.0,0.06,2.0,13.0,0.12,79.0,361.02,0,PC1
9.0,34.0,0.04,9.0,23.0,0.39,200.0,1512.55,0,PC1
11.0,70.0,0.04,13.0,28.0,1.02,434.0,4508.48,1,PC1
5.0,11.0,0.1,1.0,13.0,0.06,42.0,102.91,0,PC1
106.0,505.0,0.01,48.0,64.0,6.9,2339.0,87305.94,1,PC1
1.0,31.0,0.05,0.0,14.0,0.43,225.0,1351.98,0,PC1
1.0,0.0,0.0,0.0,2.0,0.0,2.0,0.0,0,PC1
1.0,5.0,0.33,0.0,4.0,0.02,19.0,10.52,0,PC1
1.0,6.0,0.29,0.0,4.0,0.03,25.0,16.47,0,PC1
4.0,25.0,0.07,3.0,13.0,0.25,143.0,640.34,0,PC1
5.0,32.0,0.05,4.0,18.0,0.27,146.0,905.75,0,PC1
12.0,77.0,0.02,6.0,33.0,0.84,393.0,7521.99,0,PC1
4.0,24.0,0.06,5.0,12.0,0.2,116.0,520.13,1,PC1
2.0,9.0,0.33,1.0,5.0,0.02,18.0,9.97,0,PC1
2.0,11.0,0.35,1.0,5.0,0.03,24.0,13.66,0,PC1
1.0,9.0,0.24,0.0,6.0,0.05,35.0,32.5,0,PC1
2.0,10.0,0.11,1.0,8.0,0.06,41.0,82.76,0,PC1
1.0,49.0,0.18,3.0,4.0,0.54,283.0,510.31,0,PC1
5.0,18.0,0.07,3.0,15.0,0.12,72.0,273.53,0,PC1
2.0,15.0,0.08,1.0,10.0,0.16,100.0,326.71,0,PC1
6.0,18.0,0.11,3.0,10.0,0.12,75.0,178.05,0,PC1
6.0,28.0,0.09,2.0,12.0,0.25,134.0,439.5,0,PC1
2.0,12.0,0.13,1.0,9.0,0.08,52.0,100.81,0,PC1
5.0,29.0,0.09,5.0,13.0,0.25,136.0,485.87,0,PC1
2.0,11.0,0.09,1.0,13.0,0.05,35.0,90.21,0,PC1
1.0,11.0,0.09,0.0,13.0,0.14,84.0,268.74,0,PC1
3.0,12.0,0.08,1.0,12.0,0.09,56.0,171.17,0,PC1
4.0,17.0,0.08,2.0,13.0,0.13,79.0,266.96,1,PC1
6.0,32.0,0.05,5.0,17.0,0.27,147.0,850.42,0,PC1
2.0,11.0,0.09,1.0,15.0,0.06,36.0,106.98,0,PC1
4.0,22.0,0.05,1.0,20.0,0.19,103.0,645.17,0,PC1
2.0,13.0,0.08,1.0,8.0,0.11,75.0,222.1,0,PC1
5.0,14.0,0.05,2.0,16.0,0.11,66.0,352.54,0,PC1
5.0,30.0,0.07,3.0,15.0,0.25,136.0,609.85,0,PC1
2.0,12.0,0.08,0.0,15.0,0.16,91.0,339.01,0,PC1
5.0,21.0,0.04,0.0,19.0,0.19,111.0,776.69,0,PC1
3.0,12.0,0.06,0.0,16.0,0.11,64.0,281.84,0,PC1
2.0,8.0,0.1,0.0,13.0,0.05,33.0,86.25,0,PC1
8.0,39.0,0.05,2.0,21.0,0.26,134.0,797.52,0,PC1
8.0,39.0,0.04,0.0,18.0,0.33,175.0,1352.03,0,PC1
10.0,36.0,0.07,0.0,15.0,0.29,151.0,693.95,0,PC1
13.0,43.0,0.05,0.0,22.0,0.35,176.0,1200.76,0,PC1
1.0,0.0,0.0,0.0,2.0,0.0,2.0,0.0,0,PC1
29.0,90.0,0.05,24.0,21.0,1.13,488.0,3894.48,1,PC1
4.0,6.0,0.13,0.0,11.0,0.05,35.0,65.76,0,PC1
21.0,72.0,0.06,10.0,16.0,0.81,371.0,2286.26,0,PC1
1.0,4.0,0.28,0.0,6.0,0.02,15.0,10.38,0,PC1
14.0,37.0,0.03,1.0,11.0,0.27,174.0,1349.5,0,PC1
1.0,23.0,0.06,0.0,8.0,0.36,218.0,1022.62,0,PC1
2.0,29.0,0.1,1.0,8.0,0.24,140.0,395.99,1,PC1
8.0,25.0,0.08,5.0,16.0,0.2,110.0,411.72,1,PC1
3.0,10.0,0.11,1.0,14.0,0.09,52.0,130.24,0,PC1
1.0,23.0,0.05,0.0,11.0,0.29,170.0,869.46,0,PC1
1.0,23.0,0.05,0.0,13.0,0.27,159.0,955.79,0,PC1
1.0,8.0,0.1,0.0,10.0,0.08,56.0,138.74,0,PC1
1.0,11.0,0.09,0.0,11.0,0.13,81.0,250.08,0,PC1
1.0,11.0,0.09,0.0,10.0,0.12,77.0,218.52,0,PC1
3.0,12.0,0.08,1.0,15.0,0.13,75.0,264.48,0,PC1
5.0,16.0,0.08,3.0,16.0,0.16,90.0,325.74,1,PC1
3.0,10.0,0.11,1.0,14.0,0.09,52.0,130.24,0,PC1
4.0,14.0,0.09,2.0,15.0,0.12,69.0,213.83,1,PC1
1.0,8.0,0.67,0.0,3.0,0.02,19.0,5.02,0,PC1
3.0,15.0,0.12,1.0,14.0,0.08,50.0,113.35,0,PC1
12.0,69.0,0.04,1.0,21.0,1.25,536.0,4865.0,1,PC1
1.0,5.0,0.22,0.0,6.0,0.01,10.0,7.5,0,PC1
1.0,5.0,0.22,0.0,6.0,0.01,10.0,7.5,0,PC1
1.0,5.0,0.22,0.0,6.0,0.01,10.0,7.5,0,PC1
11.0,41.0,0.04,7.0,23.0,0.33,171.0,1261.68,0,PC1
1.0,5.0,0.22,0.0,6.0,0.01,10.0,7.5,0,PC1
1.0,5.0,0.21,0.0,7.0,0.01,12.0,10.33,0,PC1
1.0,5.0,0.19,0.0,7.0,0.01,11.0,10.17,0,PC1
1.0,8.0,0.5,0.0,4.0,0.04,31.0,13.78,0,PC1
1.0,45.0,0.21,0.0,4.0,0.4,215.0,313.62,0,PC1
1.0,3.0,0.5,0.0,4.0,0.01,7.0,2.18,0,PC1
1.0,3.0,0.5,0.0,4.0,0.01,7.0,2.18,0,PC1
3.0,10.0,0.14,2.0,10.0,0.06,38.0,67.44,0,PC1
1.0,3.0,0.5,0.0,4.0,0.01,7.0,2.18,0,PC1
1.0,16.0,0.21,0.0,5.0,0.1,67.0,76.64,0,PC1
1.0,3.0,0.5,0.0,4.0,0.01,7.0,2.18,0,PC1
1.0,3.0,0.5,0.0,4.0,0.01,7.0,2.18,0,PC1
6.0,42.0,0.12,5.0,12.0,0.47,221.0,643.02,0,PC1
4.0,12.0,0.12,2.0,13.0,0.09,55.0,125.73,0,PC1
21.0,109.0,0.04,12.0,28.0,0.85,381.0,4015.7,1,PC1
3.0,20.0,0.07,1.0,17.0,0.2,108.0,494.99,0,PC1
1.0,6.0,0.22,0.0,6.0,0.01,10.0,7.5,0,PC1
1.0,0.0,0.0,0.0,2.0,0.0,2.0,0.0,0,PC1
1.0,5.0,0.2,0.0,9.0,0.03,23.0,26.44,0,PC1
1.0,5.0,0.18,0.0,5.0,0.02,22.0,21.79,0,PC1
1.0,8.0,0.14,0.0,11.0,0.08,49.0,92.94,1,PC1
10.0,47.0,0.06,0.0,17.0,0.47,230.0,1249.28,0,PC1
3.0,15.0,0.13,0.0,11.0,0.08,53.0,106.57,1,PC1
2.0,9.0,0.14,0.0,10.0,0.05,37.0,64.93,0,PC1
6.0,40.0,0.03,0.0,28.0,0.58,273.0,2999.82,0,PC1
1.0,9.0,0.13,0.0,9.0,0.06,43.0,78.7,0,PC1
4.0,20.0,0.08,0.0,14.0,0.15,90.0,338.32,0,PC1
3.0,20.0,0.08,0.0,16.0,0.15,83.0,316.78,0,PC1
1.0,0.0,0.0,0.0,2.0,0.0,2.0,0.0,0,PC1
7.0,16.0,0.05,0.0,11.0,0.14,97.0,520.73,0,PC1
3.0,22.0,0.12,0.0,11.0,0.12,74.0,166.89,0,PC1
3.0,15.0,0.09,0.0,14.0,0.1,62.0,195.22,0,PC1
15.0,55.0,0.05,0.0,26.0,0.32,159.0,1046.22,0,PC1
3.0,28.0,0.11,1.0,10.0,0.22,123.0,325.85,0,PC1
1.0,13.0,0.15,0.0,7.0,0.1,64.0,105.55,0,PC1
26.0,72.0,0.02,0.0,24.0,0.9,425.0,6019.15,0,PC1
2.0,35.0,0.08,0.0,15.0,0.44,213.0,971.41,0,PC1
3.0,40.0,0.04,1.0,21.0,0.7,334.0,3287.1,0,PC1
2.0,14.0,0.11,0.0,11.0,0.1,61.0,149.56,0,PC1
6.0,21.0,0.06,2.0,19.0,0.14,80.0,361.52,0,PC1
9.0,27.0,0.08,0.0,13.0,0.16,98.0,348.11,0,PC1
2.0,13.0,0.06,0.0,14.0,0.13,81.0,389.4,0,PC1
1.0,6.0,0.18,2.0,7.0,0.04,28.0,34.57,0,PC1
1.0,7.0,0.27,0.0,4.0,0.04,31.0,23.15,0,PC1
2.0,9.0,0.12,0.0,8.0,0.05,39.0,74.79,0,PC1
2.0,12.0,0.16,0.0,10.0,0.06,41.0,63.41,0,PC1
7.0,40.0,0.06,0.0,18.0,0.32,167.0,944.31,0,PC1
10.0,50.0,0.03,0.0,28.0,0.77,351.0,4202.39,0,PC1
3.0,12.0,0.09,0.0,14.0,0.08,49.0,149.28,0,PC1
7.0,23.0,0.06,0.0,14.0,0.17,104.0,461.72,0,PC1
2.0,13.0,0.11,0.0,12.0,0.07,46.0,104.07,0,PC1
14.0,51.0,0.05,0.0,21.0,0.5,245.0,1818.77,0,PC1
1.0,3.0,0.4,0.0,5.0,0.01,7.0,2.73,0,PC1
3.0,15.0,0.1,0.0,14.0,0.1,60.0,168.52,0,PC1
1.0,0.0,0.0,0.0,1.0,0.0,1.0,0.0,0,PC1
2.0,12.0,0.21,0.0,7.0,0.03,21.0,20.15,0,PC1
7.0,27.0,0.05,0.0,19.0,0.12,73.0,405.08,0,PC1
2.0,7.0,0.24,0.0,7.0,0.02,17.0,14.22,0,PC1
1.0,4.0,0.4,0.0,5.0,0.01,8.0,3.12,0,PC1
5.0,48.0,0.05,0.0,22.0,0.4,197.0,1359.85,0,PC1
2.0,17.0,0.04,0.0,12.0,0.22,139.0,827.56,0,PC1
3.0,17.0,0.14,0.0,11.0,0.05,35.0,61.07,0,PC1
2.0,8.0,0.15,0.0,10.0,0.04,27.0,42.48,0,PC1
1.0,6.0,0.34,0.0,5.0,0.02,15.0,8.41,0,PC1
1.0,4.0,0.67,0.0,3.0,0.01,9.0,2.11,0,PC1
8.0,17.0,0.05,0.0,16.0,0.1,66.0,330.91,0,PC1
1.0,8.0,0.33,0.0,5.0,0.02,14.0,7.75,0,PC1
2.0,17.0,0.06,0.0,10.0,0.11,76.0,311.9,0,PC1
28.0,66.0,0.02,0.0,32.0,0.79,366.0,6059.65,0,PC1
4.0,12.0,0.08,0.0,14.0,0.08,51.0,170.91,0,PC1
1.0,4.0,0.67,0.0,3.0,0.01,8.0,1.72,0,PC1
6.0,62.0,0.04,3.0,24.0,0.57,268.0,2408.85,0,PC1
2.0,8.0,0.15,0.0,10.0,0.04,27.0,42.48,0,PC1
8.0,64.0,0.04,16.0,22.0,0.39,198.0,1453.64,1,PC1
1.0,10.0,0.26,0.0,6.0,0.04,32.0,27.75,0,PC1
7.0,21.0,0.08,0.0,10.0,0.14,91.0,311.89,0,PC1
5.0,21.0,0.07,1.0,17.0,0.1,58.0,233.15,0,PC1
2.0,4.0,0.33,0.0,6.0,0.01,9.0,4.75,0,PC1
3.0,23.0,0.08,0.0,11.0,0.17,100.0,363.31,0,PC1
1.0,3.0,0.67,0.0,3.0,0.0,4.0,0.67,0,PC1
1.0,6.0,0.31,0.0,5.0,0.02,19.0,12.16,0,PC1
1.0,3.0,0.0,0.0,1.0,0.0,1.0,0.0,0,PC1
2.0,4.0,0.12,0.0,12.0,0.03,25.0,47.69,0,PC1
6.0,14.0,0.04,0.0,20.0,0.12,74.0,462.89,0,PC1
2.0,7.0,0.1,0.0,9.0,0.03,23.0,47.87,0,PC1
2.0,7.0,0.2,0.0,7.0,0.03,20.0,21.15,0,PC1
5.0,17.0,0.04,0.0,20.0,0.19,110.0,764.99,0,PC1
1.0,5.0,0.33,0.0,4.0,0.01,13.0,6.5,0,PC1
1.0,4.0,0.4,0.0,5.0,0.01,7.0,2.73,0,PC1
1.0,4.0,0.4,0.0,5.0,0.01,7.0,2.73,0,PC1
1.0,8.0,0.27,2.0,6.0,0.03,25.0,19.9,0,PC1
6.0,29.0,0.04,0.0,18.0,0.29,159.0,1164.27,0,PC1
4.0,13.0,0.08,0.0,12.0,0.06,42.0,128.58,0,PC1
1.0,9.0,0.05,0.0,10.0,0.04,31.0,138.08,0,PC1
1.0,3.0,0.5,0.0,4.0,0.01,11.0,3.87,0,PC1
1.0,11.0,0.17,0.0,9.0,0.03,22.0,28.65,0,PC1
2.0,6.0,0.16,0.0,10.0,0.03,25.0,36.5,0,PC1
4.0,13.0,0.05,0.0,22.0,0.1,61.0,347.69,0,PC1
1.0,10.0,0.17,0.0,9.0,0.03,22.0,28.65,0,PC1
6.0,21.0,0.05,1.0,17.0,0.15,87.0,492.2,0,PC1
1.0,8.0,0.16,0.0,10.0,0.03,21.0,30.66,0,PC1
8.0,19.0,0.05,0.0,16.0,0.14,85.0,437.18,0,PC1
4.0,16.0,0.1,0.0,13.0,0.12,69.0,193.16,0,PC1
3.0,7.0,0.2,0.0,9.0,0.03,24.0,27.59,0,PC1
3.0,9.0,0.07,0.0,12.0,0.05,37.0,127.24,0,PC1
5.0,14.0,0.1,0.0,14.0,0.09,56.0,157.28,0,PC1
72.0,58.0,0.03,0.0,17.0,0.99,483.0,5501.1,0,PC1
5.0,10.0,0.06,0.0,16.0,0.08,49.0,204.73,0,PC1
5.0,10.0,0.06,0.0,16.0,0.07,45.0,185.75,0,PC1
3.0,10.0,0.08,0.0,12.0,0.05,37.0,113.27,0,PC1
3.0,13.0,0.1,0.0,11.0,0.07,45.0,117.06,0,PC1
2.0,3.0,0.07,0.0,14.0,0.05,37.0,122.25,0,PC1
4.0,10.0,0.07,0.0,13.0,0.08,51.0,183.28,0,PC1
7.0,13.0,0.02,0.0,18.0,0.11,74.0,819.94,0,PC1
5.0,8.0,0.05,0.0,13.0,0.05,38.0,182.29,0,PC1
2.0,6.0,0.12,0.0,8.0,0.03,27.0,49.5,0,PC1
6.0,18.0,0.05,0.0,18.0,0.15,88.0,505.5,0,PC1
8.0,27.0,0.04,0.0,22.0,0.24,127.0,887.67,0,PC1
3.0,7.0,0.09,0.0,11.0,0.05,34.0,88.26,0,PC1
1.0,3.0,0.67,0.0,3.0,0.01,7.0,1.51,0,PC1
3.0,13.0,0.08,0.0,14.0,0.08,53.0,177.62,0,PC1
8.0,21.0,0.05,0.0,19.0,0.26,141.0,919.22,0,PC1
36.0,88.0,0.03,4.0,23.0,1.18,516.0,5883.07,0,PC1
3.0,8.0,0.08,0.0,14.0,0.06,37.0,115.71,0,PC1
12.0,51.0,0.03,1.0,22.0,0.55,272.0,2717.29,0,PC1
3.0,13.0,0.18,0.0,10.0,0.07,43.0,63.16,0,PC1
1.0,7.0,0.16,0.0,9.0,0.05,33.0,49.06,0,PC1
7.0,20.0,0.05,0.0,19.0,0.16,91.0,504.09,0,PC1
1.0,6.0,0.35,0.0,5.0,0.02,18.0,10.24,0,PC1
10.0,12.0,0.03,0.0,15.0,0.19,118.0,1036.34,0,PC1
18.0,62.0,0.03,0.0,26.0,0.66,319.0,4308.54,0,PC1
10.0,21.0,0.05,1.0,17.0,0.22,122.0,733.18,0,PC1
2.0,6.0,0.22,0.0,9.0,0.03,23.0,23.98,0,PC1
2.0,10.0,0.25,0.0,6.0,0.05,33.0,30.58,0,PC1
11.0,21.0,0.04,0.0,15.0,0.3,172.0,1278.41,0,PC1
3.0,10.0,0.11,0.0,9.0,0.08,53.0,116.4,0,PC1
26.0,82.0,0.03,0.0,23.0,0.96,448.0,5574.94,0,PC1
1.0,0.0,0.0,0.0,2.0,0.0,2.0,0.0,0,PC1
1.0,5.0,0.5,0.0,4.0,0.01,7.0,2.18,0,PC1
6.0,25.0,0.09,7.0,14.0,0.16,93.0,310.92,0,PC1
1.0,0.0,0.0,0.0,2.0,0.0,2.0,0.0,0,PC1
33.0,253.0,0.01,35.0,47.0,2.67,1054.0,32344.76,0,PC1
3.0,15.0,0.1,1.0,11.0,0.07,45.0,117.06,0,PC1
7.0,61.0,0.05,12.0,16.0,0.63,304.0,2068.3,1,PC1
7.0,47.0,0.08,7.0,18.0,0.3,149.0,653.12,1,PC1
3.0,72.0,0.05,7.0,15.0,0.89,412.0,2939.92,0,PC1
5.0,45.0,0.07,9.0,19.0,0.25,128.0,599.82,0,PC1
4.0,14.0,0.05,0.0,17.0,0.16,94.0,562.26,0,PC1
2.0,5.0,0.16,0.0,8.0,0.02,19.0,25.0,0,PC1
6.0,22.0,0.08,0.0,13.0,0.13,80.0,269.59,0,PC1
1.0,3.0,0.5,0.0,4.0,0.01,7.0,2.18,0,PC1
1.0,3.0,0.5,0.0,4.0,0.01,7.0,2.18,0,PC1
2.0,11.0,0.33,0.0,6.0,0.02,15.0,8.3,0,PC1
4.0,14.0,0.08,0.0,14.0,0.07,46.0,155.84,0,PC1
1.0,4.0,0.4,0.0,5.0,0.01,9.0,3.75,0,PC1
1.0,4.0,0.25,0.0,6.0,0.01,11.0,7.75,0,PC1
2.0,11.0,0.15,0.0,10.0,0.04,26.0,41.41,0,PC1
5.0,21.0,0.07,0.0,15.0,0.08,53.0,205.1,0,PC1
2.0,9.0,0.11,0.0,10.0,0.05,34.0,71.32,0,PC1
3.0,10.0,0.12,0.0,7.0,0.04,29.0,48.69,0,PC1
1.0,3.0,0.5,0.0,4.0,0.01,7.0,2.18,0,PC1
1.0,5.0,0.23,0.0,6.0,0.03,21.0,18.5,0,PC1
4.0,21.0,0.07,0.0,13.0,0.16,97.0,390.35,0,PC1
1.0,12.0,0.13,0.0,7.0,0.1,67.0,127.81,0,PC1
8.0,34.0,0.09,0.0,14.0,0.21,115.0,398.97,0,PC1
4.0,21.0,0.11,0.0,11.0,0.16,94.0,251.22,0,PC1
2.0,4.0,0.16,0.0,7.0,0.02,14.0,16.48,0,PC1
2.0,14.0,0.08,0.0,10.0,0.08,58.0,173.7,0,PC1
14.0,31.0,0.08,0.0,18.0,0.2,108.0,426.1,0,PC1
4.0,17.0,0.09,0.0,10.0,0.1,64.0,179.4,0,PC1
2.0,8.0,0.18,1.0,7.0,0.03,25.0,29.08,0,PC1
3.0,17.0,0.08,0.0,11.0,0.1,66.0,213.38,0,PC1
3.0,20.0,0.07,1.0,12.0,0.15,91.0,348.01,0,PC1
1.0,3.0,0.67,0.0,3.0,0.0,5.0,0.97,0,PC1
2.0,10.0,0.11,0.0,11.0,0.06,42.0,93.65,0,PC1
7.0,22.0,0.06,0.0,12.0,0.18,111.0,482.38,0,PC1
3.0,8.0,0.18,0.0,7.0,0.02,19.0,21.19,0,PC1
7.0,13.0,0.05,0.0,15.0,0.07,50.0,259.26,0,PC1
21.0,77.0,0.03,4.0,27.0,1.01,441.0,4907.95,0,PC1
4.0,9.0,0.06,0.0,15.0,0.07,46.0,195.29,0,PC1
4.0,11.0,0.07,0.0,13.0,0.08,52.0,186.87,0,PC1
1.0,3.0,0.67,0.0,3.0,0.0,5.0,0.97,0,PC1
3.0,7.0,0.13,0.0,11.0,0.04,26.0,47.33,0,PC1
7.0,10.0,0.05,0.0,16.0,0.1,63.0,355.35,0,PC1
3.0,10.0,0.09,0.0,14.0,0.05,34.0,93.04,0,PC1
15.0,122.0,0.02,2.0,32.0,1.17,532.0,11725.99,0,PC1
4.0,11.0,0.07,2.0,14.0,0.08,52.0,190.11,0,PC1
3.0,15.0,0.09,2.0,11.0,0.08,51.0,137.4,0,PC1
3.0,36.0,0.04,2.0,15.0,0.48,254.0,1907.72,1,PC1
3.0,48.0,0.07,2.0,15.0,0.61,284.0,1523.81,0,PC1
1.0,13.0,0.1,0.0,9.0,0.1,70.0,180.09,0,PC1
6.0,23.0,0.03,2.0,21.0,0.26,141.0,1278.07,0,PC1
8.0,41.0,0.06,4.0,22.0,0.26,134.0,759.53,0,PC1
12.0,60.0,0.04,2.0,25.0,0.36,183.0,1587.13,1,PC1
5.0,18.0,0.07,4.0,14.0,0.12,72.0,269.28,0,PC1
1.0,3.0,0.5,1.0,4.0,0.01,7.0,2.18,0,PC1
9.0,40.0,0.04,4.0,25.0,0.32,165.0,1256.97,0,PC1
2.0,5.0,0.17,0.0,8.0,0.02,18.0,22.84,0,PC1
1.0,0.0,0.0,0.0,2.0,0.0,2.0,0.0,0,PC1
1.0,0.0,0.0,0.0,2.0,0.0,2.0,0.0,0,PC1
1.0,17.0,0.07,1.0,16.0,0.18,102.0,413.69,1,PC1
4.0,9.0,0.07,0.0,9.0,0.03,28.0,75.28,0,PC1
2.0,5.0,0.19,0.0,9.0,0.03,22.0,25.14,0,PC1
2.0,9.0,0.15,0.0,9.0,0.04,28.0,42.92,0,PC1
2.0,9.0,0.13,0.0,10.0,0.04,28.0,48.65,0,PC1
3.0,6.0,0.24,0.0,6.0,0.02,21.0,16.95,0,PC1
5.0,6.0,0.16,0.0,8.0,0.04,29.0,39.57,0,PC1
3.0,6.0,0.2,0.0,7.0,0.03,21.0,20.49,0,PC1
3.0,5.0,0.21,0.0,8.0,0.02,17.0,16.78,0,PC1
3.0,5.0,0.21,0.0,8.0,0.02,17.0,16.78,0,PC1
3.0,5.0,0.21,0.0,8.0,0.02,17.0,16.78,0,PC1
2.0,8.0,0.22,2.0,6.0,0.01,11.0,8.25,0,PC1
1.0,11.0,0.14,1.0,8.0,0.05,38.0,59.11,0,PC1
1.0,8.0,0.3,1.0,5.0,0.01,14.0,7.78,0,PC1
3.0,22.0,0.12,5.0,10.0,0.08,55.0,115.91,0,PC1
2.0,7.0,0.22,1.0,8.0,0.03,24.0,24.0,0,PC1
1.0,4.0,0.33,2.0,6.0,0.01,12.0,6.64,0,PC1
1.0,10.0,0.14,1.0,8.0,0.05,37.0,57.56,0,PC1
2.0,13.0,0.18,0.0,11.0,0.03,24.0,31.69,0,PC1
3.0,5.0,0.21,0.0,8.0,0.02,17.0,16.78,0,PC1
7.0,7.0,0.14,0.0,8.0,0.06,41.0,66.21,0,PC1
1.0,0.0,0.0,0.0,2.0,0.0,2.0,0.0,0,PC1
1.0,0.0,0.0,0.0,2.0,0.0,2.0,0.0,0,PC1
2.0,7.0,0.5,0.0,4.0,0.01,10.0,3.12,0,PC1
9.0,19.0,0.04,0.0,19.0,0.26,145.0,1211.17,0,PC1
1.0,5.0,0.17,0.0,7.0,0.01,13.0,14.0,0,PC1
2.0,6.0,0.07,0.0,10.0,0.03,21.0,64.76,0,PC1
5.0,19.0,0.08,0.0,13.0,0.2,111.0,426.64,0,PC1
1.0,0.0,0.0,0.0,1.0,0.0,1.0,0.0,0,PC1
1.0,0.0,0.0,0.0,1.0,0.0,1.0,0.0,0,PC1
73.0,142.0,0.02,3.0,36.0,2.67,1061.0,26735.64,0,PC1
7.0,21.0,0.05,0.0,16.0,0.25,139.0,783.84,0,PC1
4.0,12.0,0.1,0.0,13.0,0.07,48.0,122.82,0,PC1
2.0,3.0,0.5,0.0,4.0,0.0,5.0,1.29,0,PC1
1.0,56.0,0.02,7.0,34.0,0.69,327.0,5113.08,0,PC1
2.0,8.0,0.1,0.0,14.0,0.06,41.0,106.17,0,PC1
1.0,3.0,0.33,0.0,4.0,0.02,19.0,10.52,0,PC1
3.0,3.0,0.11,0.0,10.0,0.05,32.0,67.13,0,PC1
1.0,5.0,0.13,0.0,9.0,0.04,31.0,55.44,0,PC1
5.0,20.0,0.02,0.0,20.0,0.25,149.0,1830.86,0,PC1
1.0,4.0,0.1,0.0,10.0,0.07,49.0,115.64,0,PC1
4.0,8.0,0.12,1.0,10.0,0.06,40.0,81.64,0,PC1
11.0,77.0,0.05,15.0,21.0,0.29,153.0,937.95,0,PC1
20.0,109.0,0.04,20.0,23.0,0.44,223.0,1756.64,1,PC1
6.0,22.0,0.05,0.0,23.0,0.18,101.0,628.21,0,PC1
53.0,152.0,0.0,0.0,66.0,5.27,2134.0,237757.4,0,PC1
2.0,6.0,0.14,0.0,9.0,0.03,20.0,30.46,0,PC1
3.0,10.0,0.09,0.0,15.0,0.08,51.0,152.93,0,PC1
4.0,10.0,0.08,0.0,14.0,0.07,45.0,140.82,0,PC1
4.0,11.0,0.08,0.0,16.0,0.1,62.0,220.77,0,PC1
8.0,17.0,0.05,0.0,20.0,0.13,74.0,435.8,0,PC1
14.0,46.0,0.04,0.0,25.0,0.51,238.0,1906.47,0,PC1
17.0,36.0,0.03,2.0,25.0,0.38,196.0,2334.49,0,PC1
19.0,50.0,0.03,4.0,22.0,0.59,294.0,3536.07,0,PC1
6.0,29.0,0.08,0.0,15.0,0.13,79.0,285.97,0,PC1
11.0,63.0,0.03,0.0,30.0,0.56,267.0,3153.14,0,PC1
13.0,48.0,0.08,5.0,15.0,0.4,198.0,850.66,0,PC1
7.0,19.0,0.05,0.0,15.0,0.23,130.0,716.84,0,PC1
3.0,11.0,0.21,0.0,8.0,0.03,22.0,21.72,0,PC1
1.0,4.0,0.17,0.0,9.0,0.04,31.0,39.86,0,PC1
1.0,13.0,0.17,0.0,8.0,0.04,33.0,43.3,0,PC1
1.0,8.0,0.25,0.0,8.0,0.03,25.0,21.15,0,PC1
1.0,3.0,0.5,0.0,4.0,0.01,7.0,2.18,0,PC1
1.0,4.0,0.4,0.0,5.0,0.01,11.0,4.84,0,PC1
1.0,4.0,0.4,0.0,5.0,0.01,11.0,4.84,0,PC1
1.0,6.0,0.15,0.0,11.0,0.02,18.0,26.4,0,PC1
8.0,19.0,0.01,0.0,21.0,0.26,161.0,4391.36,0,PC1
6.0,27.0,0.02,5.0,22.0,0.25,146.0,1983.14,0,PC1
2.0,15.0,0.06,0.0,18.0,0.09,57.0,256.39,0,PC1
1.0,0.0,0.0,0.0,2.0,0.0,2.0,0.0,0,PC1
1.0,0.0,0.0,0.0,2.0,0.0,2.0,0.0,0,PC1
5.0,19.0,0.04,3.0,15.0,0.15,91.0,602.92,0,PC1
16.0,91.0,0.02,8.0,26.0,0.86,424.0,8388.52,0,PC1
2.0,19.0,0.06,3.0,16.0,0.21,118.0,587.35,0,PC1
3.0,37.0,0.04,2.0,21.0,0.37,187.0,1519.8,1,PC1
3.0,19.0,0.08,4.0,14.0,0.13,77.0,266.6,1,PC1
14.0,76.0,0.04,9.0,27.0,0.48,227.0,1993.3,0,PC1
5.0,19.0,0.09,0.0,14.0,0.12,70.0,222.13,0,PC1
5.0,17.0,0.09,0.0,15.0,0.1,61.0,181.01,0,PC1
2.0,5.0,0.2,0.0,8.0,0.02,15.0,14.94,0,PC1
1.0,10.0,0.27,2.0,6.0,0.03,25.0,19.9,0,PC1
1.0,4.0,0.4,0.0,5.0,0.01,11.0,4.84,0,PC1
1.0,9.0,0.17,0.0,9.0,0.03,24.0,31.26,0,PC1
2.0,7.0,0.08,0.0,11.0,0.03,25.0,67.22,0,PC1
7.0,36.0,0.04,0.0,16.0,0.28,161.0,1216.82,0,PC1
14.0,46.0,0.02,1.0,29.0,0.44,221.0,3115.79,0,PC1
1.0,20.0,0.19,0.0,6.0,0.14,89.0,120.91,0,PC1
5.0,11.0,0.07,0.0,13.0,0.08,51.0,183.28,0,PC1
12.0,45.0,0.03,2.0,28.0,0.51,255.0,2873.1,0,PC1
7.0,27.0,0.07,5.0,15.0,0.16,95.0,360.36,0,PC1
2.0,19.0,0.08,1.0,15.0,0.12,71.0,247.32,1,PC1
9.0,33.0,0.03,5.0,29.0,0.45,223.0,2925.55,0,PC1
1.0,0.0,0.0,0.0,1.0,0.0,1.0,0.0,0,PC1
15.0,42.0,0.02,3.0,29.0,0.91,446.0,8969.59,0,PC1
1.0,0.0,0.0,0.0,1.0,0.0,1.0,0.0,0,PC1
16.0,70.0,0.02,2.0,30.0,0.86,407.0,7984.9,0,PC1
4.0,10.0,0.05,0.0,17.0,0.09,55.0,311.98,0,PC1
2.0,4.0,0.11,0.0,11.0,0.03,26.0,50.84,0,PC1
2.0,20.0,0.04,0.0,16.0,0.45,249.0,2046.17,0,PC1
1.0,0.0,0.0,0.0,1.0,0.0,1.0,0.0,0,PC1
3.0,5.0,0.1,0.0,13.0,0.05,36.0,90.18,0,PC1
11.0,24.0,0.03,0.0,25.0,0.27,147.0,1653.85,0,PC1
1.0,0.0,0.0,0.0,1.0,0.0,1.0,0.0,0,PC1
1.0,0.0,0.0,0.0,2.0,0.0,2.0,0.0,0,PC1
1.0,0.0,0.0,0.0,2.0,0.0,2.0,0.0,0,PC1
2.0,19.0,0.08,1.0,16.0,0.16,90.0,337.06,0,PC1
9.0,27.0,0.04,3.0,18.0,0.25,139.0,955.16,0,PC1
1.0,14.0,0.13,0.0,12.0,0.11,68.0,141.56,0,PC1
1.0,9.0,0.16,0.0,10.0,0.04,31.0,44.71,0,PC1
1.0,9.0,0.16,0.0,10.0,0.04,31.0,44.71,0,PC1
3.0,15.0,0.16,0.0,10.0,0.08,48.0,78.32,0,PC1
3.0,15.0,0.16,0.0,10.0,0.08,48.0,78.32,0,PC1
1.0,15.0,0.12,0.0,10.0,0.07,48.0,95.83,0,PC1
1.0,16.0,0.12,0.0,10.0,0.08,54.0,109.61,0,PC1
1.0,7.0,0.24,0.0,7.0,0.04,28.0,26.7,0,PC1
1.0,7.0,0.24,0.0,7.0,0.04,28.0,26.7,0,PC1
11.0,42.0,0.03,4.0,24.0,0.25,136.0,1223.73,0,PC1
1.0,17.0,0.1,0.0,13.0,0.1,60.0,161.89,0,PC1
1.0,17.0,0.1,0.0,13.0,0.1,60.0,161.89,0,PC1
1.0,7.0,0.24,0.0,7.0,0.04,28.0,26.7,0,PC1
1.0,7.0,0.24,0.0,7.0,0.04,28.0,26.7,0,PC1
1.0,16.0,0.11,0.0,11.0,0.08,54.0,124.4,0,PC1
1.0,16.0,0.11,0.0,11.0,0.08,54.0,124.4,0,PC1
2.0,11.0,0.15,0.0,11.0,0.06,40.0,69.11,0,PC1
2.0,11.0,0.15,0.0,11.0,0.06,40.0,69.11,0,PC1
1.0,10.0,0.17,0.0,7.0,0.05,39.0,51.74,0,PC1
1.0,10.0,0.17,0.0,7.0,0.05,39.0,51.74,0,PC1
1.0,11.0,0.25,1.0,6.0,0.07,44.0,42.92,0,PC1
1.0,11.0,0.24,1.0,6.0,0.06,44.0,45.09,0,PC1
1.0,7.0,0.22,0.0,5.0,0.03,27.0,24.97,0,PC1
1.0,7.0,0.22,0.0,5.0,0.03,27.0,24.97,0,PC1
1.0,7.0,0.22,0.0,5.0,0.03,27.0,24.97,0,PC1
1.0,7.0,0.22,0.0,5.0,0.03,27.0,24.97,0,PC1
3.0,32.0,0.06,0.0,14.0,0.48,239.0,1226.87,0,PC1
3.0,32.0,0.06,1.0,16.0,0.51,252.0,1520.93,0,PC1
1.0,22.0,0.21,0.0,5.0,0.3,161.0,236.58,0,PC1
1.0,22.0,0.21,0.0,5.0,0.3,161.0,236.58,0,PC1
3.0,31.0,0.06,0.0,15.0,0.51,252.0,1467.05,0,PC1
3.0,31.0,0.06,0.0,15.0,0.51,252.0,1467.05,0,PC1
3.0,31.0,0.06,0.0,15.0,0.51,252.0,1467.05,0,PC1
3.0,31.0,0.06,0.0,15.0,0.51,252.0,1467.05,0,PC1
1.0,10.0,0.14,0.0,12.0,0.06,37.0,65.93,0,PC1
1.0,10.0,0.14,0.0,12.0,0.06,37.0,65.93,0,PC1
5.0,26.0,0.09,0.0,15.0,0.15,86.0,273.2,0,PC1
5.0,26.0,0.09,0.0,15.0,0.15,86.0,273.2,0,PC1
5.0,28.0,0.06,0.0,17.0,0.2,113.0,583.68,0,PC1
5.0,28.0,0.06,0.0,17.0,0.2,113.0,583.68,0,PC1
1.0,7.0,0.16,0.0,10.0,0.04,29.0,41.99,0,PC1
1.0,11.0,0.14,0.0,12.0,0.06,41.0,73.23,0,PC1
1.0,11.0,0.14,0.0,12.0,0.06,41.0,73.23,0,PC1
1.0,8.0,0.21,0.0,8.0,0.05,33.0,36.98,0,PC1
1.0,8.0,0.21,0.0,8.0,0.05,33.0,36.98,0,PC1
1.0,6.0,0.19,1.0,7.0,0.02,16.0,16.14,0,PC1
1.0,6.0,0.19,1.0,7.0,0.02,16.0,16.14,0,PC1
1.0,3.0,0.5,0.0,4.0,0.01,7.0,2.18,0,PC1
1.0,3.0,0.5,0.0,4.0,0.01,7.0,2.18,0,PC1
1.0,5.0,0.27,1.0,6.0,0.01,13.0,9.0,0,PC1
1.0,5.0,0.27,1.0,6.0,0.01,13.0,9.0,0,PC1
1.0,6.0,0.11,0.0,9.0,0.02,20.0,37.0,0,PC1
1.0,6.0,0.11,0.0,9.0,0.02,20.0,37.0,0,PC1
1.0,6.0,0.19,2.0,6.0,0.02,17.0,16.47,0,PC1
1.0,6.0,0.19,2.0,6.0,0.02,17.0,16.47,0,PC1
1.0,5.0,0.32,0.0,5.0,0.01,12.0,6.6,0,PC1
1.0,5.0,0.32,0.0,5.0,0.01,12.0,6.6,0,PC1
1.0,6.0,0.13,0.0,8.0,0.02,19.0,30.27,0,PC1
1.0,6.0,0.13,0.0,8.0,0.02,19.0,30.27,0,PC1
1.0,6.0,0.23,2.0,5.0,0.02,16.0,12.33,0,PC1
1.0,6.0,0.23,2.0,5.0,0.02,16.0,12.33,0,PC1
1.0,3.0,0.29,0.0,7.0,0.01,10.0,6.16,0,PC1
1.0,3.0,0.29,0.0,7.0,0.01,10.0,6.16,0,PC1
1.0,5.0,0.21,0.0,7.0,0.01,12.0,10.33,0,PC1
1.0,5.0,0.21,0.0,7.0,0.01,12.0,10.33,0,PC1
1.0,3.0,0.67,0.0,3.0,0.0,5.0,0.97,0,PC1
1.0,3.0,0.67,0.0,3.0,0.0,5.0,0.97,0,PC1
3.0,10.0,0.09,0.0,15.0,0.05,31.0,85.54,0,PC1
3.0,10.0,0.09,0.0,15.0,0.05,31.0,85.54,0,PC1
1.0,4.0,0.42,0.0,4.0,0.01,13.0,5.49,0,PC1
1.0,4.0,0.42,0.0,4.0,0.01,13.0,5.49,0,PC1
7.0,28.0,0.06,0.0,17.0,0.23,125.0,612.03,0,PC1
7.0,28.0,0.06,0.0,17.0,0.23,125.0,612.03,0,PC1
8.0,76.0,0.04,0.0,14.0,0.98,473.0,4338.85,0,PC1
8.0,76.0,0.04,0.0,14.0,0.98,473.0,4338.85,0,PC1
3.0,14.0,0.08,0.0,12.0,0.07,44.0,137.35,0,PC1
3.0,14.0,0.08,0.0,12.0,0.07,44.0,137.35,0,PC1
6.0,21.0,0.07,0.0,15.0,0.2,110.0,487.84,0,PC1
6.0,21.0,0.07,0.0,15.0,0.2,110.0,487.84,0,PC1
6.0,21.0,0.07,0.0,14.0,0.19,109.0,448.08,0,PC1
6.0,21.0,0.07,0.0,14.0,0.19,109.0,448.08,0,PC1
6.0,49.0,0.03,0.0,23.0,0.51,254.0,2646.07,0,PC1
6.0,49.0,0.03,0.0,23.0,0.51,254.0,2646.07,0,PC1
7.0,23.0,0.08,0.0,13.0,0.11,71.0,225.75,0,PC1
7.0,23.0,0.08,0.0,13.0,0.11,71.0,225.75,0,PC1
3.0,18.0,0.07,0.0,18.0,0.15,83.0,338.34,0,PC1
3.0,18.0,0.07,0.0,18.0,0.15,83.0,338.34,0,PC1
6.0,39.0,0.06,0.0,21.0,0.26,133.0,687.86,0,PC1
6.0,39.0,0.06,0.0,21.0,0.26,133.0,687.86,0,PC1
6.0,39.0,0.06,0.0,21.0,0.26,133.0,687.86,0,PC1
6.0,39.0,0.06,0.0,21.0,0.26,133.0,687.86,0,PC1
2.0,11.0,0.06,0.0,17.0,0.1,63.0,284.25,0,PC1
2.0,11.0,0.06,0.0,17.0,0.1,63.0,284.25,0,PC1
11.0,45.0,0.04,2.0,25.0,0.41,203.0,1891.23,0,PC1
11.0,45.0,0.04,2.0,25.0,0.41,203.0,1891.23,0,PC1
3.0,22.0,0.07,0.0,18.0,0.2,107.0,485.48,0,PC1
3.0,22.0,0.07,0.0,18.0,0.2,107.0,485.48,0,PC1
3.0,16.0,0.07,0.0,13.0,0.1,61.0,223.01,0,PC1
3.0,16.0,0.07,0.0,13.0,0.1,61.0,223.01,0,PC1
3.0,15.0,0.09,0.0,18.0,0.1,59.0,194.88,0,PC1
3.0,15.0,0.09,0.0,18.0,0.1,59.0,194.88,0,PC1
3.0,15.0,0.09,0.0,18.0,0.1,59.0,194.88,0,PC1
3.0,15.0,0.09,0.0,18.0,0.1,59.0,194.88,0,PC1
20.0,83.0,0.03,3.0,32.0,0.7,325.0,4591.56,0,PC1
20.0,83.0,0.03,3.0,32.0,0.7,325.0,4591.56,0,PC1
20.0,83.0,0.02,3.0,33.0,0.71,325.0,4746.67,0,PC1
20.0,83.0,0.02,3.0,33.0,0.71,325.0,4746.67,0,PC1
1.0,9.0,0.16,0.0,10.0,0.04,31.0,44.71,0,PC1
1.0,9.0,0.16,0.0,10.0,0.04,31.0,44.71,0,PC1
1.0,7.0,0.24,0.0,7.0,0.04,28.0,26.7,0,PC1
1.0,7.0,0.24,0.0,7.0,0.04,28.0,26.7,0,PC1
2.0,9.0,0.24,0.0,6.0,0.04,30.0,28.0,0,PC1
2.0,9.0,0.24,0.0,6.0,0.04,30.0,28.0,0,PC1
1.0,10.0,0.17,0.0,10.0,0.05,35.0,50.47,0,PC1
1.0,9.0,0.16,0.0,10.0,0.04,31.0,44.71,0,PC1
1.0,7.0,0.24,0.0,7.0,0.04,31.0,29.71,0,PC1
1.0,7.0,0.24,0.0,7.0,0.04,31.0,29.71,0,PC1
12.0,78.0,0.03,2.0,28.0,0.58,281.0,3813.38,0,PC1
14.0,84.0,0.02,2.0,30.0,0.52,260.0,3951.82,0,PC1
6.0,63.0,0.15,2.0,11.0,0.38,182.0,432.99,0,PC1
1.0,15.0,0.26,2.0,5.0,0.08,53.0,50.52,1,PC1
3.0,17.0,0.11,0.0,12.0,0.06,40.0,87.73,0,PC1
5.0,18.0,0.05,0.0,11.0,0.13,87.0,409.52,0,PC1
1.0,3.0,0.29,0.0,7.0,0.01,12.0,8.07,0,PC1
6.0,36.0,0.09,4.0,14.0,0.19,107.0,371.56,0,PC1
1.0,8.0,0.18,0.0,8.0,0.03,25.0,31.01,0,PC1
1.0,8.0,0.18,0.0,8.0,0.03,25.0,31.01,0,PC1
1.0,123.0,0.07,0.0,6.0,2.85,1212.0,6789.18,0,PC1
1.0,7.0,0.4,0.0,5.0,0.03,24.0,13.33,0,PC1
1.0,7.0,0.36,0.0,5.0,0.03,24.0,14.33,0,PC1
1.0,13.0,0.23,2.0,6.0,0.07,49.0,52.35,0,PC1
1.0,10.0,0.27,2.0,5.0,0.06,40.0,33.86,0,PC1
2.0,12.0,0.16,0.0,10.0,0.04,27.0,39.09,0,PC1
3.0,12.0,0.12,0.0,11.0,0.05,32.0,62.3,0,PC1
8.0,44.0,0.03,1.0,23.0,0.33,177.0,1649.46,0,PC1
5.0,19.0,0.13,2.0,12.0,0.09,58.0,126.49,0,PC1
1.0,3.0,0.5,0.0,4.0,0.01,7.0,2.18,0,PC1
1.0,5.0,0.24,0.0,7.0,0.02,17.0,14.27,0,PC1
1.0,5.0,0.24,0.0,7.0,0.02,17.0,14.27,0,PC1
21.0,50.0,0.02,1.0,30.0,0.78,384.0,8570.73,0,PC1
2.0,16.0,0.14,0.0,8.0,0.12,73.0,142.09,0,PC1
7.0,32.0,0.03,0.0,20.0,0.34,182.0,1683.55,0,PC1
3.0,11.0,0.11,0.0,10.0,0.09,57.0,137.25,0,PC1
5.0,39.0,0.04,0.0,16.0,0.58,296.0,2429.67,0,PC1
2.0,9.0,0.09,0.0,9.0,0.07,48.0,127.88,0,PC1
6.0,27.0,0.04,0.0,21.0,0.36,185.0,1468.75,0,PC1
8.0,22.0,0.05,0.0,20.0,0.27,144.0,878.31,0,PC1
5.0,27.0,0.04,0.0,14.0,0.24,142.0,903.7,0,PC1
5.0,23.0,0.07,0.0,13.0,0.12,76.0,272.67,0,PC1
13.0,43.0,0.04,0.0,20.0,0.5,254.0,2298.76,0,PC1
9.0,43.0,0.07,0.0,14.0,0.36,186.0,804.58,1,PC1
2.0,7.0,0.17,0.0,7.0,0.03,26.0,33.0,0,PC1
1.0,9.0,0.09,0.0,13.0,0.1,62.0,176.74,0,PC1
1.0,0.0,0.0,0.0,2.0,0.0,2.0,0.0,0,PC1
1.0,0.0,0.0,0.0,2.0,0.0,2.0,0.0,0,PC1
3.0,16.0,0.11,0.0,14.0,0.1,60.0,155.56,1,PC1
6.0,34.0,0.06,0.0,19.0,0.34,176.0,969.56,1,PC1
6.0,38.0,0.05,0.0,19.0,0.48,244.0,1745.71,1,PC1
1.0,3.0,0.22,0.0,9.0,0.02,18.0,17.13,1,PC1
3.0,22.0,0.12,0.0,11.0,0.12,74.0,166.89,1,PC1
2.0,13.0,0.1,0.0,16.0,0.09,54.0,156.67,0,PC1
23.0,79.0,0.03,0.0,34.0,0.52,243.0,2525.64,0,PC1
2.0,8.0,0.15,0.0,8.0,0.04,32.0,48.44,0,PC1
6.0,58.0,0.05,0.0,16.0,0.65,314.0,2179.83,1,PC1
1.0,11.0,0.08,0.0,10.0,0.21,126.0,429.36,0,PC1
3.0,50.0,0.04,0.0,20.0,0.95,440.0,4443.31,0,PC1
10.0,49.0,0.04,0.0,23.0,0.7,326.0,2974.33,0,PC1
7.0,24.0,0.06,2.0,20.0,0.17,93.0,438.82,0,PC1
2.0,12.0,0.1,0.0,12.0,0.06,43.0,106.1,0,PC1
11.0,44.0,0.03,0.0,28.0,0.7,324.0,3638.3,0,PC1
1.0,6.0,0.15,0.0,13.0,0.05,30.0,50.31,1,PC1
9.0,32.0,0.1,0.0,11.0,0.17,98.0,271.56,0,PC1
10.0,46.0,0.04,0.0,25.0,0.72,335.0,3322.57,0,PC1
2.0,11.0,0.14,0.0,12.0,0.05,35.0,62.41,0,PC1
4.0,19.0,0.08,0.0,14.0,0.16,91.0,337.11,0,PC1
9.0,29.0,0.07,0.0,14.0,0.24,136.0,617.07,0,PC1
4.0,19.0,0.08,0.0,14.0,0.16,91.0,337.11,0,PC1
9.0,20.0,0.05,0.0,18.0,0.21,115.0,669.69,0,PC1
1.0,12.0,0.22,0.0,4.0,0.08,61.0,63.93,0,PC1
2.0,12.0,0.16,0.0,10.0,0.06,41.0,63.41,1,PC1
3.0,14.0,0.16,0.0,10.0,0.07,47.0,76.96,1,PC1
5.0,22.0,0.07,0.0,17.0,0.18,100.0,417.61,1,PC1
5.0,22.0,0.07,0.0,17.0,0.18,100.0,432.2,1,PC1
3.0,19.0,0.06,0.0,15.0,0.3,161.0,772.02,0,PC1
3.0,14.0,0.16,0.0,11.0,0.06,39.0,63.24,0,PC1
7.0,35.0,0.06,1.0,18.0,0.28,148.0,732.0,0,PC1
8.0,44.0,0.04,0.0,16.0,0.48,247.0,1773.81,0,PC1
9.0,40.0,0.03,0.0,25.0,0.5,247.0,2781.61,0,PC1
4.0,23.0,0.08,0.0,15.0,0.18,101.0,369.81,1,PC1
3.0,15.0,0.1,0.0,14.0,0.1,60.0,168.52,0,PC1
27.0,117.0,0.04,1.0,25.0,1.06,485.0,5023.14,0,PC1
1.0,10.0,0.16,0.0,10.0,0.04,26.0,37.96,0,PC1
12.0,46.0,0.03,5.0,23.0,0.33,178.0,1829.83,0,PC1
1.0,5.0,0.33,0.0,6.0,0.01,12.0,6.92,0,PC1
1.0,4.0,0.29,0.0,7.0,0.01,11.0,7.4,0,PC1
1.0,5.0,0.21,0.0,7.0,0.03,21.0,20.15,0,PC1
4.0,7.0,0.1,0.0,11.0,0.05,32.0,72.69,0,PC1
48.0,106.0,0.01,3.0,13.0,1.81,1007.0,34822.1,0,PC1
5.0,11.0,0.06,1.0,13.0,0.1,63.0,274.99,0,PC1
3.0,7.0,0.11,0.0,9.0,0.06,40.0,84.96,0,PC1
6.0,19.0,0.06,1.0,16.0,0.11,69.0,303.86,0,PC1
4.0,16.0,0.07,0.0,14.0,0.09,59.0,212.73,0,PC1
8.0,24.0,0.02,0.0,18.0,0.15,95.0,1129.29,0,PC1
1.0,5.0,0.17,0.0,8.0,0.02,15.0,17.92,0,PC1
6.0,17.0,0.04,0.0,17.0,0.12,74.0,466.84,0,PC1
5.0,16.0,0.07,0.0,11.0,0.12,79.0,296.26,0,PC1
7.0,29.0,0.05,0.0,13.0,0.2,122.0,703.28,0,PC1
1.0,4.0,0.4,0.0,4.0,0.01,11.0,4.58,0,PC1
58.0,199.0,0.02,0.0,18.0,2.39,1079.0,22158.53,0,PC1
4.0,16.0,0.05,0.0,15.0,0.09,60.0,325.07,0,PC1
1.0,4.0,0.32,0.0,5.0,0.01,11.0,6.05,0,PC1
1.0,12.0,0.09,0.0,6.0,0.16,111.0,285.56,0,PC1
2.0,6.0,0.5,0.0,4.0,0.01,11.0,3.67,0,PC1
1.0,5.0,0.29,0.0,7.0,0.01,12.0,8.36,0,PC1
25.0,52.0,0.03,0.0,13.0,0.41,249.0,2621.31,0,PC1
2.0,4.0,0.16,0.0,7.0,0.02,14.0,16.48,0,PC1
4.0,21.0,0.09,0.0,11.0,0.06,42.0,109.03,0,PC1
1.0,24.0,0.05,0.0,11.0,0.31,186.0,1133.73,0,PC1
2.0,4.0,0.14,0.0,7.0,0.01,13.0,16.79,0,PC1
9.0,31.0,0.03,0.0,17.0,0.27,154.0,1307.01,0,PC1
1.0,16.0,0.03,3.0,16.0,0.14,91.0,834.75,0,PC1
2.0,12.0,0.07,0.0,12.0,0.07,49.0,167.4,0,PC1
1.0,4.0,0.14,0.0,10.0,0.02,19.0,28.87,0,PC1
1.0,4.0,0.25,0.0,8.0,0.02,14.0,11.15,0,PC1
1.0,4.0,0.67,0.0,3.0,0.0,5.0,0.97,0,PC1
7.0,26.0,0.03,5.0,19.0,0.2,120.0,1074.02,0,PC1
19.0,128.0,0.02,21.0,34.0,1.1,494.0,9333.72,1,PC1
3.0,48.0,0.03,11.0,23.0,0.49,248.0,2744.89,1,PC1
5.0,21.0,0.04,2.0,21.0,0.15,89.0,608.53,0,PC1
9.0,91.0,0.04,11.0,29.0,0.7,318.0,3212.96,1,PC1
4.0,13.0,0.04,0.0,21.0,0.15,88.0,690.01,0,PC1
3.0,12.0,0.08,0.0,11.0,0.06,42.0,122.66,0,PC1
47.0,63.0,0.02,1.0,24.0,0.89,450.0,7742.02,0,PC1
13.0,30.0,0.05,0.0,13.0,0.4,213.0,1247.61,0,PC1
15.0,37.0,0.06,0.0,19.0,0.57,268.0,1655.12,0,PC1
1.0,5.0,2.0,0.0,1.0,0.0,2.0,0.06,0,PC1
1.0,4.0,0.33,0.0,6.0,0.01,9.0,4.75,0,PC1
2.0,8.0,0.16,0.0,11.0,0.03,24.0,34.95,0,PC1
9.0,19.0,0.04,0.0,22.0,0.22,125.0,968.0,0,PC1
2.0,6.0,0.21,1.0,8.0,0.02,17.0,16.78,0,PC1
2.0,5.0,0.21,1.0,8.0,0.02,17.0,16.78,0,PC1
57.0,141.0,0.02,6.0,34.0,2.31,951.0,22955.9,0,PC1
3.0,8.0,0.1,0.0,13.0,0.04,28.0,68.67,0,PC1
1.0,11.0,0.1,0.0,10.0,0.05,34.0,77.21,0,PC1
5.0,11.0,0.05,0.0,12.0,0.05,38.0,177.33,0,PC1
1.0,0.0,0.0,0.0,2.0,0.0,2.0,0.0,0,PC1
3.0,12.0,0.13,0.0,10.0,0.05,36.0,66.08,0,PC1
5.0,19.0,0.09,2.0,14.0,0.11,66.0,207.81,0,PC1
2.0,17.0,0.07,1.0,16.0,0.19,107.0,468.8,0,PC1
4.0,9.0,0.18,0.0,8.0,0.04,27.0,33.0,0,PC1
4.0,15.0,0.07,1.0,18.0,0.15,86.0,374.47,1,PC1
3.0,12.0,0.22,1.0,9.0,0.03,22.0,21.49,0,PC1
7.0,32.0,0.06,0.0,16.0,0.21,120.0,605.76,0,PC1
11.0,69.0,0.04,9.0,30.0,0.6,270.0,2232.46,0,PC1
3.0,12.0,0.22,3.0,9.0,0.03,22.0,21.49,0,PC1
1.0,12.0,0.08,0.0,13.0,0.07,44.0,133.84,0,PC1
4.0,15.0,0.07,1.0,18.0,0.15,86.0,374.47,1,PC1
5.0,23.0,0.05,2.0,25.0,0.22,113.0,731.9,1,PC1
4.0,20.0,0.09,2.0,13.0,0.1,65.0,199.3,0,PC1
1.0,7.0,0.24,0.0,6.0,0.02,16.0,12.92,0,PC1
2.0,7.0,0.17,1.0,10.0,0.03,22.0,28.52,0,PC1
1.0,0.0,0.0,0.0,2.0,0.0,2.0,0.0,0,PC1
2.0,12.0,0.13,1.0,12.0,0.07,42.0,84.13,0,PC1
1.0,4.0,0.25,0.0,6.0,0.02,20.0,15.93,0,PC1
1.0,9.0,0.17,0.0,6.0,0.09,64.0,92.2,0,PC1
2.0,5.0,0.13,0.0,10.0,0.03,21.0,37.47,0,PC1
2.0,5.0,0.11,0.0,12.0,0.03,24.0,53.4,0,PC1
9.0,49.0,0.05,3.0,25.0,0.39,191.0,1381.07,1,PC1
1.0,29.0,0.09,0.0,13.0,0.37,184.0,666.83,0,PC1
1.0,3.0,0.33,0.0,6.0,0.01,10.0,5.54,1,PC1
1.0,23.0,0.35,0.0,3.0,0.13,85.0,62.8,0,PC1
1.0,4.0,0.24,0.0,7.0,0.02,16.0,13.43,0,PC1
4.0,22.0,0.07,1.0,16.0,0.12,73.0,283.89,0,PC1
1.0,9.0,0.5,0.0,4.0,0.03,25.0,10.28,0,PC1
6.0,23.0,0.1,1.0,14.0,0.15,85.0,245.75,0,PC1
2.0,5.0,0.12,0.0,13.0,0.04,26.0,51.55,0,PC1
6.0,32.0,0.03,2.0,28.0,0.37,186.0,1904.78,1,PC1
2.0,13.0,0.09,0.0,13.0,0.11,69.0,215.61,0,PC1
3.0,21.0,0.06,0.0,15.0,0.22,126.0,594.54,0,PC1
1.0,0.0,0.0,0.0,2.0,0.0,2.0,0.0,0,PC1
2.0,8.0,0.19,0.0,9.0,0.02,18.0,20.51,0,PC1
1.0,5.0,0.23,0.0,7.0,0.01,13.0,10.93,0,PC1
4.0,10.0,0.07,0.0,12.0,0.05,35.0,113.28,0,PC1
7.0,31.0,0.07,3.0,18.0,0.2,108.0,472.49,1,PC1
19.0,81.0,0.02,1.0,31.0,0.63,304.0,4745.34,0,PC1
2.0,12.0,0.16,0.0,9.0,0.04,29.0,40.75,0,PC1
1.0,5.0,0.5,0.0,4.0,0.01,8.0,2.3,0,PC1
3.0,15.0,0.09,1.0,11.0,0.06,41.0,106.43,0,PC1
1.0,8.0,0.18,0.0,8.0,0.03,25.0,31.01,0,PC1
3.0,22.0,0.08,0.0,8.0,0.2,123.0,400.77,0,PC1
15.0,91.0,0.02,1.0,23.0,0.77,382.0,6124.13,0,PC1
6.0,33.0,0.11,0.0,14.0,0.2,108.0,309.47,0,PC1
7.0,28.0,0.02,2.0,22.0,0.32,177.0,2196.03,0,PC1
4.0,8.0,0.07,0.0,12.0,0.04,31.0,101.37,0,PC1
7.0,35.0,0.04,2.0,23.0,0.32,167.0,1487.1,0,PC1
3.0,13.0,0.05,0.0,16.0,0.14,84.0,431.57,0,PC1
7.0,18.0,0.06,2.0,17.0,0.22,124.0,585.32,0,PC1
2.0,14.0,0.1,0.0,11.0,0.08,50.0,126.7,0,PC1
4.0,33.0,0.03,2.0,23.0,0.29,158.0,1420.7,0,PC1
1.0,3.0,0.67,0.0,3.0,0.0,4.0,0.67,0,PC1
4.0,13.0,0.1,0.0,13.0,0.06,41.0,107.16,0,PC1
6.0,30.0,0.06,3.0,14.0,0.23,129.0,617.18,0,PC1
3.0,19.0,0.09,0.0,12.0,0.24,134.0,437.84,0,PC1
1.0,3.0,0.33,0.0,6.0,0.01,11.0,6.09,0,PC1
13.0,69.0,0.04,1.0,22.0,0.81,378.0,3639.89,0,PC1
8.0,51.0,0.07,0.0,18.0,0.26,136.0,615.65,0,PC1
2.0,13.0,0.07,2.0,13.0,0.16,97.0,377.93,0,PC1
2.0,8.0,0.12,0.0,10.0,0.03,26.0,48.15,0,PC1
1.0,3.0,0.33,2.0,5.0,0.02,14.0,7.75,0,PC1
2.0,12.0,0.14,1.0,6.0,0.06,47.0,74.81,0,PC1
1.0,3.0,0.29,0.0,7.0,0.01,9.0,5.55,0,PC1
3.0,23.0,0.06,1.0,16.0,0.19,107.0,507.27,0,PC1
3.0,27.0,0.08,0.0,12.0,0.18,110.0,378.73,0,PC1
13.0,83.0,0.04,2.0,21.0,0.96,443.0,4392.57,0,PC1
8.0,54.0,0.04,2.0,20.0,0.52,257.0,2137.62,0,PC1
4.0,21.0,0.09,0.0,15.0,0.09,57.0,164.82,0,PC1
5.0,21.0,0.05,2.0,14.0,0.14,90.0,492.75,0,PC1
1.0,10.0,0.09,0.0,13.0,0.11,69.0,204.26,0,PC1
5.0,18.0,0.07,0.0,13.0,0.15,92.0,356.61,0,PC1
5.0,21.0,0.07,0.0,16.0,0.28,152.0,678.15,0,PC1
1.0,0.0,0.0,0.0,2.0,0.0,2.0,0.0,0,PC1
4.0,12.0,0.06,0.0,18.0,0.12,73.0,324.96,0,PC1
1.0,3.0,0.16,0.0,10.0,0.04,29.0,42.33,0,PC1
1.0,4.0,0.16,0.0,10.0,0.05,33.0,47.78,0,PC1
4.0,14.0,0.06,0.0,16.0,0.12,75.0,333.84,0,PC1
1.0,5.0,0.14,0.0,9.0,0.03,25.0,39.29,0,PC1
9.0,57.0,0.04,0.0,27.0,0.44,211.0,1649.83,0,PC1
1.0,3.0,0.67,0.0,3.0,0.0,4.0,0.67,0,PC1
1.0,3.0,0.67,0.0,3.0,0.0,4.0,0.67,0,PC1
2.0,11.0,0.25,0.0,6.0,0.02,17.0,11.98,0,PC1
3.0,14.0,0.08,1.0,15.0,0.07,46.0,151.89,1,PC1
1.0,10.0,0.16,0.0,10.0,0.04,26.0,37.96,0,PC1
1.0,10.0,0.17,0.0,9.0,0.03,22.0,28.65,0,PC1
54.0,75.0,0.01,0.0,38.0,1.55,694.0,19216.15,0,PC1
37.0,67.0,0.02,0.0,37.0,1.03,469.0,9460.88,0,PC1
2.0,15.0,0.14,2.0,9.0,0.09,60.0,105.45,0,PC1
4.0,52.0,0.05,11.0,19.0,0.44,224.0,1438.36,0,PC1
11.0,74.0,0.03,14.0,29.0,0.64,294.0,3065.47,1,PC1
9.0,21.0,0.04,3.0,17.0,0.16,94.0,621.44,0,PC1
3.0,14.0,0.1,0.0,11.0,0.11,69.0,185.13,0,PC1
4.0,9.0,0.05,0.0,14.0,0.07,45.0,208.64,0,PC1
7.0,17.0,0.05,0.0,16.0,0.19,112.0,671.91,0,PC1
4.0,11.0,0.08,0.0,9.0,0.13,83.0,274.89,0,PC1
5.0,11.0,0.04,0.0,15.0,0.12,77.0,479.84,0,PC1
6.0,16.0,0.06,0.0,10.0,0.11,74.0,303.69,0,PC1
6.0,24.0,0.08,1.0,14.0,0.14,84.0,304.63,0,PC1
1.0,15.0,0.1,0.0,9.0,0.1,68.0,160.3,0,PC1
1.0,15.0,0.09,0.0,9.0,0.1,68.0,173.32,0,PC1
1.0,10.0,0.11,0.0,10.0,0.06,42.0,91.22,0,PC1
2.0,16.0,0.08,0.0,12.0,0.11,70.0,222.88,0,PC1
1.0,15.0,0.1,0.0,10.0,0.1,70.0,180.65,0,PC1
2.0,18.0,0.08,0.0,12.0,0.13,84.0,282.03,0,PC1
3.0,12.0,0.12,0.0,10.0,0.05,36.0,70.8,0,PC1
3.0,11.0,0.12,0.0,10.0,0.05,36.0,70.8,0,PC1
6.0,23.0,0.04,0.0,20.0,0.2,116.0,849.17,0,PC1
6.0,37.0,0.07,0.0,20.0,0.18,97.0,419.2,0,PC1
5.0,34.0,0.08,0.0,16.0,0.18,100.0,393.01,0,PC1
5.0,36.0,0.07,0.0,16.0,0.21,115.0,493.64,0,PC1
1.0,5.0,0.33,0.0,6.0,0.02,14.0,8.36,0,PC1
2.0,20.0,0.13,0.0,11.0,0.08,51.0,101.36,0,PC1
2.0,20.0,0.13,0.0,11.0,0.08,53.0,109.91,0,PC1
1.0,6.0,0.25,0.0,4.0,0.03,25.0,18.46,0,PC1
1.0,13.0,0.14,0.0,8.0,0.15,89.0,177.18,0,PC1
3.0,14.0,0.12,0.0,13.0,0.06,39.0,87.2,0,PC1
27.0,123.0,0.02,1.0,46.0,0.9,388.0,6442.72,0,PC1
2.0,28.0,0.07,2.0,12.0,0.32,175.0,776.26,0,PC1
9.0,36.0,0.08,8.0,16.0,0.21,112.0,412.43,0,PC1
2.0,21.0,0.07,0.0,16.0,0.17,99.0,414.77,0,PC1
6.0,44.0,0.05,1.0,19.0,0.35,182.0,1295.77,0,PC1
8.0,64.0,0.03,2.0,25.0,0.52,260.0,3234.93,0,PC1
7.0,54.0,0.05,2.0,22.0,0.3,154.0,1028.77,0,PC1
4.0,32.0,0.07,1.0,17.0,0.19,102.0,418.79,0,PC1
1.0,5.0,0.19,0.0,7.0,0.02,14.0,14.13,0,PC1
1.0,6.0,0.33,0.0,6.0,0.02,14.0,8.36,0,PC1
1.0,6.0,0.33,0.0,6.0,0.02,14.0,8.36,0,PC1
1.0,6.0,0.33,0.0,6.0,0.02,14.0,8.36,0,PC1
1.0,5.0,0.33,0.0,6.0,0.01,12.0,6.92,0,PC1
1.0,6.0,0.33,0.0,6.0,0.02,14.0,8.36,0,PC1
1.0,5.0,0.33,0.0,6.0,0.01,12.0,6.92,0,PC1
1.0,6.0,0.33,0.0,6.0,0.02,16.0,9.87,0,PC1
1.0,5.0,0.33,0.0,6.0,0.02,14.0,8.36,0,PC1
20.0,89.0,0.04,2.0,23.0,0.73,337.0,2910.9,0,PC1
11.0,67.0,0.04,3.0,23.0,0.59,284.0,2780.66,0,PC1
8.0,64.0,0.02,2.0,26.0,0.55,275.0,3721.5,0,PC1
5.0,42.0,0.07,5.0,18.0,0.29,146.0,670.33,0,PC1
1.0,5.0,0.33,0.0,6.0,0.01,12.0,6.92,0,PC1
1.0,11.0,0.26,0.0,4.0,0.08,55.0,49.15,0,PC1
31.0,130.0,0.02,4.0,27.0,1.26,560.0,8954.35,0,PC1
2.0,10.0,0.08,0.0,10.0,0.04,27.0,70.32,0,PC1
21.0,152.0,0.03,2.0,26.0,0.95,430.0,5273.87,1,PC1
2.0,12.0,0.25,0.0,8.0,0.03,23.0,20.89,0,PC1
1.0,13.0,0.11,0.0,7.0,0.11,73.0,155.73,0,PC1
1.0,0.0,0.0,0.0,2.0,0.0,2.0,0.0,0,PC1
1.0,0.0,0.0,0.0,2.0,0.0,2.0,0.0,0,PC1
5.0,10.0,0.04,1.0,17.0,0.11,66.0,416.37,0,PC1
3.0,8.0,0.08,0.0,11.0,0.07,48.0,142.7,0,PC1
4.0,14.0,0.05,0.0,11.0,0.08,57.0,249.7,0,PC1
1.0,10.0,0.17,0.0,9.0,0.03,22.0,28.65,0,PC1
4.0,12.0,0.05,0.0,16.0,0.11,66.0,364.29,0,PC1
6.0,19.0,0.04,0.0,14.0,0.14,87.0,530.11,0,PC1
7.0,11.0,0.04,0.0,13.0,0.1,69.0,451.45,0,PC1
4.0,13.0,0.04,0.0,16.0,0.11,70.0,430.34,0,PC1
1.0,5.0,0.14,0.0,9.0,0.04,33.0,51.86,0,PC1
7.0,14.0,0.07,0.0,16.0,0.14,82.0,347.74,0,PC1
4.0,31.0,0.02,1.0,18.0,0.4,222.0,2668.52,0,PC1
6.0,35.0,0.02,1.0,15.0,0.48,278.0,3620.57,0,PC1
4.0,6.0,0.1,0.0,11.0,0.05,32.0,72.69,0,PC1
1.0,7.0,0.17,0.0,9.0,0.02,19.0,24.74,0,PC1
2.0,6.0,0.15,0.0,8.0,0.03,20.0,28.2,0,PC1
4.0,12.0,0.05,0.0,16.0,0.11,66.0,364.29,0,PC1
2.0,6.0,0.11,0.0,8.0,0.02,19.0,34.06,0,PC1
3.0,7.0,0.08,0.0,12.0,0.06,41.0,133.4,0,PC1
1.0,3.0,0.67,0.0,3.0,0.0,5.0,0.97,0,PC1
2.0,6.0,0.12,0.0,10.0,0.05,33.0,64.9,0,PC1
5.0,8.0,0.05,0.0,11.0,0.08,59.0,268.03,0,PC1
3.0,8.0,0.09,0.0,10.0,0.07,47.0,129.78,0,PC1
2.0,42.0,0.04,0.0,14.0,0.96,471.0,4542.68,0,PC1
2.0,6.0,0.17,0.0,6.0,0.01,13.0,13.0,0,PC1
3.0,7.0,0.09,0.0,10.0,0.07,47.0,129.78,0,PC1
1.0,4.0,0.29,0.0,6.0,0.02,15.0,10.46,0,PC1
3.0,15.0,0.09,1.0,12.0,0.13,79.0,256.75,0,PC1
3.0,9.0,0.17,1.0,9.0,0.04,30.0,41.25,0,PC1
3.0,13.0,0.04,1.0,14.0,0.09,60.0,395.31,0,PC1
5.0,11.0,0.06,0.0,13.0,0.1,63.0,274.99,0,PC1
2.0,14.0,0.07,0.0,10.0,0.09,63.0,226.9,0,PC1
4.0,17.0,0.09,0.0,10.0,0.09,63.0,176.59,0,PC1
49.0,69.0,0.01,0.0,16.0,1.92,1018.0,39279.32,0,PC1
2.0,4.0,0.19,0.0,7.0,0.01,13.0,13.12,0,PC1
3.0,6.0,0.15,0.0,9.0,0.04,30.0,45.17,0,PC1
7.0,17.0,0.03,0.0,15.0,0.17,111.0,1138.33,0,PC1
1.0,4.0,0.17,0.0,8.0,0.02,16.0,19.12,0,PC1
3.0,6.0,0.11,0.0,9.0,0.06,40.0,84.96,0,PC1
3.0,7.0,0.08,0.0,12.0,0.07,44.0,137.35,0,PC1
2.0,7.0,0.12,0.0,10.0,0.05,33.0,64.9,0,PC1
1.0,5.0,0.25,0.0,4.0,0.02,17.0,10.61,0,PC1
4.0,12.0,0.05,0.0,16.0,0.11,66.0,364.29,0,PC1
2.0,12.0,0.09,0.0,8.0,0.06,46.0,112.44,0,PC1
3.0,12.0,0.09,1.0,13.0,0.09,58.0,175.32,0,PC1
3.0,8.0,0.09,0.0,14.0,0.09,57.0,176.75,0,PC1
6.0,14.0,0.05,0.0,17.0,0.1,63.0,314.42,0,PC1
8.0,24.0,0.02,0.0,17.0,0.22,136.0,1585.95,0,PC1
1.0,4.0,0.19,0.0,8.0,0.02,18.0,20.31,0,PC1
8.0,18.0,0.04,0.0,19.0,0.23,131.0,1068.81,0,PC1
10.0,23.0,0.03,0.0,18.0,0.2,119.0,1040.55,0,PC1
8.0,11.0,0.05,0.0,15.0,0.11,70.0,379.25,0,PC1
8.0,22.0,0.04,0.0,15.0,0.13,83.0,546.04,0,PC1
7.0,8.0,0.05,0.0,13.0,0.06,44.0,211.07,0,PC1
5.0,10.0,0.05,0.0,11.0,0.05,42.0,175.48,0,PC1
2.0,9.0,0.09,0.0,10.0,0.04,32.0,77.04,0,PC1
4.0,6.0,0.08,0.0,10.0,0.03,26.0,71.27,0,PC1
5.0,11.0,0.05,0.0,11.0,0.05,41.0,170.38,0,PC1
3.0,7.0,0.05,0.0,11.0,0.04,29.0,112.46,0,PC1
1.0,7.0,0.15,0.0,9.0,0.03,22.0,32.22,0,PC1
4.0,6.0,0.1,0.0,10.0,0.03,27.0,57.11,0,PC1
6.0,7.0,0.06,0.0,12.0,0.05,39.0,143.0,0,PC1
4.0,10.0,0.04,0.0,13.0,0.06,41.0,226.94,0,PC1
6.0,9.0,0.05,0.0,13.0,0.06,45.0,189.73,0,PC1
2.0,5.0,0.13,0.0,10.0,0.03,21.0,35.0,0,PC1
3.0,7.0,0.08,0.0,10.0,0.03,23.0,63.04,0,PC1
6.0,9.0,0.04,0.0,13.0,0.08,57.0,317.71,0,PC1
6.0,11.0,0.04,0.0,14.0,0.07,47.0,248.46,0,PC1
8.0,11.0,0.04,0.0,16.0,0.09,60.0,356.75,0,PC1
5.0,10.0,0.05,0.0,14.0,0.06,43.0,213.1,0,PC1
7.0,11.0,0.03,0.0,14.0,0.07,51.0,351.49,0,PC1
19.0,27.0,0.02,0.0,22.0,0.43,238.0,3307.21,0,PC1
3.0,7.0,0.11,0.0,11.0,0.03,24.0,46.93,0,PC1
9.0,16.0,0.03,0.0,17.0,0.11,73.0,597.76,0,PC1
4.0,7.0,0.05,0.0,14.0,0.05,36.0,166.52,0,PC1
6.0,12.0,0.05,0.0,19.0,0.09,57.0,336.13,0,PC1
6.0,12.0,0.04,0.0,20.0,0.1,61.0,415.72,0,PC1
3.0,10.0,0.05,0.0,14.0,0.07,49.0,251.09,0,PC1
3.0,8.0,0.07,0.0,13.0,0.05,32.0,106.36,0,PC1
3.0,7.0,0.11,0.0,10.0,0.03,22.0,40.72,0,PC1
5.0,18.0,0.04,0.0,14.0,0.11,72.0,499.46,0,PC1
5.0,11.0,0.05,0.0,12.0,0.06,42.0,194.56,0,PC1
9.0,16.0,0.03,0.0,15.0,0.1,69.0,521.87,0,PC1
4.0,12.0,0.07,0.0,12.0,0.07,50.0,180.08,0,PC1
3.0,5.0,0.07,0.0,10.0,0.02,19.0,56.76,0,PC1
3.0,5.0,0.07,0.0,10.0,0.02,19.0,56.76,0,PC1
3.0,8.0,0.07,0.0,13.0,0.05,37.0,131.99,0,PC1
7.0,20.0,0.05,0.0,18.0,0.23,127.0,785.61,0,PC1
43.0,140.0,0.03,4.0,27.0,2.27,920.0,15141.69,0,PC1
6.0,17.0,0.05,0.0,13.0,0.11,71.0,381.12,0,PC1
5.0,24.0,0.05,0.0,14.0,0.19,113.0,581.27,0,PC1
3.0,13.0,0.09,0.0,10.0,0.07,50.0,133.1,0,PC1
15.0,36.0,0.04,0.0,19.0,0.36,193.0,1643.12,0,PC1
3.0,8.0,0.17,0.0,10.0,0.04,31.0,44.66,0,PC1
12.0,45.0,0.04,0.0,21.0,0.44,225.0,1987.9,0,PC1
4.0,13.0,0.09,1.0,13.0,0.1,60.0,171.04,0,PC1
3.0,12.0,0.06,0.0,14.0,0.06,43.0,188.87,0,PC1
3.0,10.0,0.08,0.0,12.0,0.04,32.0,96.37,0,PC1
7.0,12.0,0.09,0.0,12.0,0.14,84.0,255.58,0,PC1
5.0,24.0,0.04,1.0,17.0,0.2,116.0,796.08,0,PC1
11.0,30.0,0.03,2.0,16.0,0.27,158.0,1429.01,0,PC1
4.0,18.0,0.06,1.0,14.0,0.1,66.0,281.5,0,PC1
2.0,14.0,0.13,0.0,10.0,0.1,61.0,126.71,0,PC1
1.0,0.0,0.0,0.0,2.0,0.0,2.0,0.0,0,PC1
1.0,3.0,0.67,0.0,3.0,0.0,4.0,0.67,0,PC1
6.0,28.0,0.07,0.0,21.0,0.16,86.0,364.4,1,PC1
2.0,7.0,0.33,0.0,6.0,0.02,16.0,9.56,0,PC1
1.0,11.0,0.08,0.0,12.0,0.14,86.0,304.77,0,PC1
1.0,3.0,0.21,0.0,7.0,0.01,12.0,10.33,0,PC1
7.0,30.0,0.07,1.0,16.0,0.23,124.0,523.37,0,PC1
1.0,0.0,0.0,0.0,2.0,0.0,2.0,0.0,0,PC1
1.0,3.0,0.3,0.0,5.0,0.01,9.0,5.0,0,PC1
1.0,3.0,0.3,0.0,5.0,0.01,9.0,5.0,0,PC1
3.0,19.0,0.06,2.0,12.0,0.11,69.0,281.21,0,PC1
3.0,19.0,0.06,2.0,12.0,0.11,69.0,281.21,0,PC1
1.0,3.0,0.5,0.0,4.0,0.01,7.0,2.18,0,PC1
1.0,3.0,0.5,0.0,4.0,0.01,7.0,2.18,0,PC1
1.0,6.0,0.5,0.0,4.0,0.01,11.0,3.87,1,PC1
1.0,6.0,0.5,0.0,4.0,0.01,11.0,3.87,1,PC1
1.0,5.0,0.23,0.0,6.0,0.03,22.0,19.38,0,PC1
1.0,5.0,0.23,0.0,6.0,0.03,22.0,19.38,0,PC1
1.0,6.0,0.5,0.0,4.0,0.01,11.0,3.87,1,PC1
1.0,6.0,0.5,0.0,4.0,0.01,11.0,3.87,1,PC1
1.0,5.0,0.5,0.0,4.0,0.01,11.0,3.87,1,PC1
1.0,5.0,0.5,0.0,4.0,0.01,11.0,3.87,1,PC1
1.0,5.0,0.5,0.0,4.0,0.01,11.0,3.87,1,PC1
1.0,5.0,0.5,0.0,4.0,0.01,11.0,3.87,1,PC1
1.0,18.0,0.08,2.0,12.0,0.19,110.0,377.45,0,PC1
1.0,18.0,0.08,2.0,12.0,0.19,110.0,377.45,0,PC1
1.0,6.0,0.14,0.0,11.0,0.04,27.0,47.54,0,PC1
1.0,6.0,0.14,0.0,11.0,0.04,27.0,47.54,0,PC1
3.0,10.0,0.06,0.0,18.0,0.08,50.0,240.37,0,PC1
2.0,5.0,0.14,0.0,11.0,0.03,20.0,33.31,0,PC1
28.0,103.0,0.01,4.0,50.0,1.57,687.0,29141.6,0,PC1
16.0,39.0,0.04,6.0,27.0,0.41,201.0,1818.89,0,PC1
16.0,38.0,0.04,0.0,25.0,0.47,228.0,2199.73,0,PC1
8.0,18.0,0.04,0.0,22.0,0.2,111.0,780.59,0,PC1
2.0,10.0,0.15,0.0,9.0,0.04,29.0,43.67,0,PC1
6.0,35.0,0.03,0.0,21.0,0.63,305.0,3121.0,0,PC1
1.0,4.0,0.67,0.0,3.0,0.0,4.0,0.67,0,PC1
18.0,26.0,0.03,0.0,23.0,0.45,228.0,2657.46,0,PC1
2.0,9.0,0.08,0.0,16.0,0.08,49.0,162.76,0,PC1
5.0,19.0,0.1,0.0,15.0,0.09,54.0,148.34,0,PC1
5.0,19.0,0.09,0.0,15.0,0.09,54.0,158.09,0,PC1
3.0,4.0,0.15,0.0,9.0,0.03,23.0,31.92,0,PC1
3.0,6.0,0.13,0.0,10.0,0.04,28.0,48.62,0,PC1
4.0,8.0,0.1,0.0,10.0,0.05,36.0,80.0,0,PC1
2.0,5.0,0.17,0.0,8.0,0.02,18.0,21.51,0,PC1
2.0,5.0,0.19,0.0,7.0,0.02,18.0,18.16,0,PC1
2.0,14.0,0.11,0.0,13.0,0.08,50.0,118.78,0,PC1
2.0,0.0,0.33,0.0,6.0,0.01,12.0,6.64,0,PC1
2.0,0.0,0.25,0.0,6.0,0.01,12.0,8.45,0,PC1
2.0,0.0,0.25,0.0,6.0,0.01,12.0,8.45,0,PC1
2.0,0.0,0.25,0.0,6.0,0.01,12.0,8.45,0,PC1
2.0,0.0,0.25,0.0,6.0,0.01,12.0,8.45,0,PC1
2.0,0.0,0.33,0.0,6.0,0.01,12.0,6.64,0,PC1
1.0,9.0,0.06,0.0,13.0,0.07,49.0,196.65,0,PC1
3.0,15.0,0.04,0.0,17.0,0.26,154.0,1109.91,0,PC1
4.0,9.0,0.08,0.0,13.0,0.07,49.0,149.05,0,PC1
2.0,5.0,0.24,0.0,7.0,0.02,19.0,15.89,0,PC1
3.0,13.0,0.11,0.0,8.0,0.04,35.0,69.1,0,PC1
4.0,26.0,0.05,0.0,19.0,0.34,185.0,1216.8,0,PC1
5.0,18.0,0.04,0.0,15.0,0.12,77.0,466.13,0,PC1
6.0,23.0,0.04,0.0,15.0,0.15,96.0,650.84,0,PC1
16.0,74.0,0.01,10.0,35.0,1.02,488.0,14026.17,0,PC1
1.0,9.0,0.1,0.0,9.0,0.03,24.0,49.96,0,PC1
1.0,7.0,0.16,0.0,7.0,0.03,23.0,27.07,0,PC1
1.0,8.0,0.14,0.0,7.0,0.04,31.0,43.22,0,PC1
1.0,0.0,0.0,0.0,2.0,0.0,2.0,0.0,0,PC1
2.0,9.0,0.08,0.0,12.0,0.05,34.0,101.91,0,PC1
3.0,22.0,0.12,1.0,11.0,0.12,72.0,172.86,0,PC1
3.0,13.0,0.06,0.0,12.0,0.09,58.0,230.56,0,PC1
10.0,13.0,0.05,0.0,14.0,0.13,85.0,459.44,0,PC1
35.0,65.0,0.02,0.0,33.0,1.17,526.0,9631.1,0,PC1
36.0,144.0,0.01,42.0,29.0,2.42,1070.0,35352.71,0,PC1
1.0,5.0,0.13,1.0,5.0,0.03,27.0,35.66,0,PC1
1.0,8.0,0.1,1.0,9.0,0.05,41.0,93.71,0,PC1
2.0,10.0,0.03,3.0,14.0,0.18,115.0,1066.26,0,PC1
1.0,5.0,0.27,1.0,6.0,0.02,14.0,9.69,0,PC1
36.0,141.0,0.01,42.0,29.0,2.38,1056.0,35567.99,0,PC1
4.0,28.0,0.05,2.0,12.0,0.17,108.0,551.64,0,PC1
12.0,45.0,0.03,2.0,26.0,0.45,221.0,2159.45,0,PC1
6.0,24.0,0.05,0.0,15.0,0.19,111.0,616.8,0,PC1
2.0,7.0,0.18,0.0,10.0,0.03,24.0,31.27,0,PC1
1.0,0.0,0.0,0.0,1.0,0.0,1.0,0.0,0,PC1
6.0,26.0,0.07,3.0,15.0,0.2,110.0,466.83,0,PC3
2.0,4.0,0.33,1.0,6.0,0.01,11.0,6.09,0,PC3
1.0,7.0,0.25,0.0,5.0,0.04,34.0,29.52,0,PC3
1.0,2.0,0.5,0.0,4.0,0.01,7.0,2.18,0,PC3
1.0,2.0,0.33,0.0,6.0,0.01,10.0,5.28,0,PC3
1.0,7.0,0.23,0.0,8.0,0.03,25.0,25.23,0,PC3
11.0,39.0,0.04,5.0,25.0,0.3,152.0,1180.47,0,PC3
10.0,39.0,0.05,3.0,23.0,0.2,107.0,650.91,0,PC3
1.0,3.0,0.4,0.0,5.0,0.01,10.0,4.4,0,PC3
2.0,11.0,0.14,1.0,9.0,0.07,48.0,84.36,1,PC3
1.0,6.0,0.19,0.0,7.0,0.03,25.0,28.49,1,PC3
4.0,20.0,0.07,4.0,14.0,0.23,125.0,545.75,0,PC3
3.0,10.0,0.09,2.0,14.0,0.07,42.0,121.56,0,PC3
1.0,8.0,0.39,0.0,3.0,0.03,25.0,11.86,0,PC3
1.0,7.0,0.4,0.0,5.0,0.04,28.0,14.81,0,PC3
3.0,11.0,0.16,1.0,8.0,0.07,48.0,70.03,0,PC3
1.0,0.0,0.0,0.0,2.0,0.0,2.0,0.0,0,PC3
6.0,30.0,0.06,7.0,17.0,0.19,107.0,496.29,0,PC3
1.0,9.0,0.11,3.0,12.0,0.05,37.0,82.5,0,PC3
6.0,48.0,0.06,8.0,13.0,0.33,180.0,950.12,0,PC3
1.0,2.0,0.0,0.0,1.0,0.0,1.0,0.0,0,PC3
3.0,13.0,0.14,0.0,11.0,0.06,38.0,70.03,0,PC3
6.0,39.0,0.05,0.0,17.0,0.35,186.0,1096.59,0,PC3
4.0,29.0,0.09,1.0,15.0,0.17,93.0,309.56,0,PC3
2.0,45.0,0.1,4.0,6.0,0.45,249.0,748.6,0,PC3
2.0,8.0,0.11,0.0,9.0,0.06,40.0,83.4,0,PC3
2.0,16.0,0.1,0.0,10.0,0.19,113.0,330.8,0,PC3
2.0,8.0,0.11,0.0,9.0,0.06,40.0,83.4,0,PC3
2.0,8.0,0.11,0.0,9.0,0.06,40.0,83.4,0,PC3
2.0,8.0,0.11,0.0,9.0,0.06,40.0,83.4,0,PC3
3.0,13.0,0.09,1.0,14.0,0.09,58.0,175.32,0,PC3
1.0,3.0,0.23,0.0,7.0,0.01,13.0,10.93,0,PC3
13.0,75.0,0.05,4.0,23.0,0.44,210.0,1364.6,1,PC3
1.0,3.0,0.33,0.0,6.0,0.01,12.0,6.92,0,PC3
3.0,14.0,0.1,1.0,15.0,0.11,63.0,188.5,0,PC3
4.0,397.0,0.09,0.0,9.0,5.67,1916.0,10451.01,0,PC3
28.0,817.0,0.03,0.0,23.0,17.97,5580.0,119613.86,0,PC3
3.0,8.0,0.06,0.0,10.0,0.05,41.0,151.28,0,PC3
2.0,5.0,0.18,0.0,8.0,0.03,20.0,24.81,0,PC3
1.0,36.0,0.08,0.0,7.0,0.42,235.0,835.24,0,PC3
1.0,0.0,0.0,0.0,2.0,0.0,2.0,0.0,0,PC3
3.0,21.0,0.12,1.0,11.0,0.14,85.0,202.48,1,PC3
3.0,17.0,0.16,1.0,9.0,0.11,66.0,111.2,1,PC3
13.0,15.0,0.14,13.0,8.0,0.24,136.0,292.38,1,PC3
9.0,19.0,0.06,17.0,11.0,0.41,222.0,1073.76,1,PC3
3.0,12.0,0.08,10.0,11.0,0.24,136.0,476.55,0,PC3
30.0,33.0,0.09,31.0,12.0,0.68,317.0,1261.9,1,PC3
22.0,27.0,0.06,25.0,11.0,0.68,345.0,2041.26,0,PC3
30.0,33.0,0.06,31.0,11.0,0.69,345.0,1834.03,0,PC3
9.0,16.0,0.09,14.0,11.0,0.31,168.0,573.39,1,PC3
5.0,7.0,0.19,5.0,8.0,0.07,46.0,61.65,0,PC3
1.0,3.0,0.5,1.0,4.0,0.01,6.0,1.72,0,PC3
33.0,56.0,0.03,0.0,15.0,2.36,1045.0,13147.36,1,PC3
14.0,24.0,0.04,2.0,15.0,0.82,407.0,3349.84,1,PC3
45.0,74.0,0.03,6.0,17.0,3.9,1588.0,23940.58,1,PC3
18.0,39.0,0.04,0.0,16.0,1.31,600.0,5300.24,1,PC3
26.0,48.0,0.03,6.0,15.0,2.31,1031.0,14037.06,1,PC3
14.0,22.0,0.03,1.0,19.0,0.17,102.0,888.52,0,PC3
5.0,51.0,0.05,2.0,16.0,0.5,257.0,1722.49,1,PC3
1.0,6.0,0.2,1.0,5.0,0.04,33.0,33.92,0,PC3
2.0,9.0,0.07,0.0,8.0,0.08,62.0,192.89,0,PC3
4.0,28.0,0.06,1.0,13.0,0.29,160.0,827.24,0,PC3
7.0,24.0,0.06,4.0,16.0,0.14,85.0,414.76,0,PC3
4.0,16.0,0.1,2.0,12.0,0.11,66.0,185.92,0,PC3
3.0,24.0,0.07,7.0,14.0,0.1,66.0,261.39,0,PC3
2.0,5.0,0.18,0.0,9.0,0.02,15.0,17.35,0,PC3
2.0,23.0,0.12,2.0,10.0,0.15,89.0,211.38,0,PC3
4.0,17.0,0.07,1.0,18.0,0.16,90.0,380.92,0,PC3
17.0,60.0,0.03,3.0,22.0,0.8,375.0,3879.89,0,PC3
9.0,33.0,0.07,4.0,19.0,0.29,147.0,723.06,0,PC3
3.0,22.0,0.11,4.0,14.0,0.07,45.0,108.81,0,PC3
15.0,64.0,0.02,5.0,31.0,0.83,390.0,7409.98,1,PC3
4.0,34.0,0.05,1.0,15.0,0.62,307.0,2218.64,1,PC3
2.0,14.0,0.05,1.0,17.0,0.21,119.0,654.52,0,PC3
19.0,36.0,0.03,0.0,25.0,0.45,232.0,2949.56,0,PC3
7.0,17.0,0.08,0.0,12.0,0.19,110.0,402.82,0,PC3
11.0,29.0,0.03,0.0,25.0,0.31,161.0,1770.39,0,PC3
9.0,19.0,0.04,0.0,20.0,0.17,99.0,752.29,0,PC3
1.0,0.0,0.5,0.0,4.0,0.0,5.0,1.29,0,PC3
1.0,0.0,0.5,0.0,4.0,0.0,5.0,1.29,0,PC3
8.0,21.0,0.04,1.0,19.0,0.14,83.0,596.81,0,PC3
8.0,21.0,0.04,1.0,19.0,0.14,83.0,596.81,0,PC3
4.0,42.0,0.04,3.0,18.0,0.75,350.0,2845.96,1,PC3
1.0,2.0,0.33,0.0,6.0,0.01,10.0,5.28,0,PC3
1.0,3.0,0.4,0.0,5.0,0.02,15.0,7.21,0,PC3
1.0,4.0,0.4,0.0,5.0,0.01,13.0,6.0,1,PC3
1.0,2.0,0.29,0.0,7.0,0.01,11.0,7.11,0,PC3
1.0,8.0,0.12,0.0,9.0,0.09,60.0,126.01,0,PC3
1.0,7.0,0.15,0.0,8.0,0.07,50.0,84.94,0,PC3
15.0,35.0,0.03,6.0,16.0,0.68,348.0,3630.62,0,PC3
1.0,3.0,0.33,1.0,6.0,0.01,10.0,5.28,0,PC3
6.0,22.0,0.07,4.0,16.0,0.16,94.0,368.73,1,PC3
1.0,13.0,0.1,0.0,13.0,0.16,88.0,255.38,0,PC3
1.0,3.0,0.29,0.0,7.0,0.02,15.0,10.46,0,PC3
1.0,2.0,0.33,0.0,6.0,0.01,11.0,6.09,0,PC3
7.0,31.0,0.05,4.0,17.0,0.36,188.0,1188.59,1,PC3
2.0,20.0,0.07,0.0,14.0,0.25,138.0,620.65,1,PC3
1.0,3.0,0.4,0.0,5.0,0.01,10.0,4.4,0,PC3
1.0,2.0,0.33,0.0,6.0,0.01,11.0,6.09,0,PC3
6.0,18.0,0.08,3.0,12.0,0.15,92.0,316.76,0,PC3
1.0,12.0,0.13,0.0,7.0,0.17,106.0,224.26,0,PC3
1.0,2.0,0.67,0.0,3.0,0.0,4.0,0.67,0,PC3
1.0,2.0,0.33,0.0,6.0,0.01,11.0,6.09,0,PC3
1.0,7.0,0.19,0.0,6.0,0.11,70.0,94.1,0,PC3
8.0,30.0,0.06,6.0,16.0,0.3,159.0,816.85,0,PC3
1.0,20.0,0.1,0.0,9.0,0.35,186.0,582.49,0,PC3
1.0,4.0,0.4,0.0,5.0,0.01,13.0,6.0,1,PC3
1.0,2.0,0.33,0.0,6.0,0.01,11.0,6.09,0,PC3
1.0,11.0,0.17,0.0,7.0,0.18,106.0,182.53,1,PC3
7.0,25.0,0.06,4.0,17.0,0.25,135.0,675.98,1,PC3
4.0,13.0,0.04,0.0,15.0,0.18,108.0,675.0,0,PC3
1.0,11.0,0.11,0.0,8.0,0.12,78.0,175.19,0,PC3
1.0,9.0,0.13,0.0,6.0,0.18,113.0,238.8,1,PC3
1.0,2.0,0.25,0.0,8.0,0.02,14.0,11.51,0,PC3
2.0,4.0,0.15,0.0,8.0,0.03,20.0,28.2,0,PC3
3.0,7.0,0.1,0.0,8.0,0.03,21.0,41.82,0,PC3
1.0,11.0,0.09,0.0,9.0,0.14,88.0,249.4,0,PC3
1.0,4.0,0.19,0.0,6.0,0.05,40.0,48.0,0,PC3
1.0,2.0,0.25,0.0,8.0,0.02,14.0,11.51,0,PC3
1.0,12.0,0.13,0.0,7.0,0.17,106.0,224.26,0,PC3
1.0,2.0,0.67,0.0,3.0,0.0,4.0,0.67,0,PC3
1.0,2.0,0.33,0.0,6.0,0.01,11.0,6.09,0,PC3
7.0,24.0,0.06,4.0,17.0,0.25,135.0,675.98,1,PC3
6.0,24.0,0.03,4.0,22.0,0.34,179.0,1787.55,0,PC3
7.0,18.0,0.07,4.0,16.0,0.16,90.0,376.87,1,PC3
12.0,27.0,0.06,4.0,19.0,0.3,155.0,909.28,1,PC3
5.0,26.0,0.05,1.0,15.0,0.23,135.0,772.54,1,PC3
2.0,10.0,0.11,1.0,15.0,0.11,62.0,165.63,0,PC3
2.0,5.0,0.18,0.0,9.0,0.05,36.0,49.4,0,PC3
6.0,19.0,0.12,4.0,13.0,0.15,83.0,200.63,1,PC3
3.0,12.0,0.09,2.0,14.0,0.07,46.0,140.14,0,PC3
1.0,4.0,0.16,0.0,7.0,0.04,33.0,43.87,0,PC3
1.0,10.0,0.08,0.0,12.0,0.13,81.0,283.93,0,PC3
1.0,10.0,0.1,0.0,8.0,0.15,95.0,237.05,0,PC3
1.0,13.0,0.08,0.0,11.0,0.17,102.0,370.57,0,PC3
1.0,3.0,0.22,0.0,6.0,0.03,22.0,19.72,0,PC3
2.0,6.0,0.17,0.0,8.0,0.05,34.0,47.26,0,PC3
4.0,10.0,0.04,0.0,13.0,0.07,48.0,260.2,0,PC3
2.0,15.0,0.09,0.0,11.0,0.1,62.0,182.23,0,PC3
2.0,12.0,0.17,1.0,6.0,0.04,31.0,38.24,0,PC3
1.0,6.0,0.56,0.0,3.0,0.02,15.0,4.5,0,PC3
2.0,11.0,0.16,0.0,8.0,0.05,34.0,50.41,0,PC3
1.0,8.0,0.22,0.0,5.0,0.07,51.0,53.73,0,PC3
2.0,10.0,0.15,0.0,8.0,0.08,54.0,89.41,0,PC3
7.0,21.0,0.06,0.0,13.0,0.11,70.0,293.47,0,PC3
3.0,20.0,0.07,3.0,7.0,0.12,88.0,272.44,0,PC3
2.0,7.0,0.11,0.0,9.0,0.02,20.0,37.0,0,PC3
2.0,8.0,0.1,0.0,10.0,0.04,29.0,64.44,0,PC3
2.0,13.0,0.14,0.0,9.0,0.06,43.0,74.76,0,PC3
2.0,6.0,0.12,0.0,14.0,0.04,28.0,60.2,0,PC3
1.0,14.0,0.15,0.0,7.0,0.13,83.0,146.11,0,PC3
1.0,11.0,0.15,0.0,7.0,0.1,67.0,115.95,0,PC3
1.0,5.0,0.18,0.0,6.0,0.03,23.0,25.19,0,PC3
1.0,2.0,0.33,0.0,6.0,0.01,9.0,4.75,0,PC3
5.0,28.0,0.05,0.0,20.0,0.15,89.0,560.61,0,PC3
3.0,7.0,0.1,0.0,9.0,0.04,29.0,61.37,0,PC3
6.0,42.0,0.04,4.0,19.0,0.38,198.0,1588.52,1,PC3
17.0,54.0,0.06,5.0,18.0,0.33,173.0,962.62,0,PC3
5.0,37.0,0.08,5.0,13.0,0.4,200.0,794.31,1,PC3
2.0,19.0,0.08,3.0,15.0,0.1,61.0,204.62,1,PC3
9.0,39.0,0.05,4.0,21.0,0.27,143.0,914.8,0,PC3
3.0,19.0,0.1,1.0,12.0,0.1,62.0,163.78,0,PC3
2.0,21.0,0.07,2.0,9.0,0.26,157.0,643.48,1,PC3
1.0,19.0,0.11,0.0,9.0,0.24,133.0,361.84,0,PC3
3.0,18.0,0.07,3.0,14.0,0.18,105.0,440.27,0,PC3
4.0,23.0,0.07,4.0,15.0,0.2,114.0,493.3,0,PC3
1.0,0.0,0.0,0.0,2.0,0.0,2.0,0.0,0,PC3
5.0,36.0,0.05,8.0,19.0,0.22,121.0,674.45,0,PC3
5.0,24.0,0.06,5.0,21.0,0.18,95.0,469.98,1,PC3
3.0,17.0,0.08,4.0,16.0,0.15,85.0,321.21,1,PC3
1.0,0.0,0.0,0.0,2.0,0.0,2.0,0.0,0,PC3
2.0,31.0,0.07,8.0,13.0,0.34,180.0,791.17,1,PC3
10.0,45.0,0.06,12.0,22.0,0.26,133.0,700.96,0,PC3
11.0,53.0,0.05,7.0,17.0,0.43,222.0,1563.05,1,PC3
4.0,25.0,0.07,4.0,17.0,0.17,95.0,390.05,1,PC3
4.0,15.0,0.13,1.0,10.0,0.08,50.0,100.07,1,PC3
12.0,65.0,0.07,1.0,17.0,0.37,183.0,869.46,1,PC3
23.0,63.0,0.03,8.0,21.0,0.8,389.0,4913.93,1,PC3
3.0,13.0,0.11,6.0,11.0,0.07,48.0,113.8,1,PC3
3.0,12.0,0.13,0.0,10.0,0.07,47.0,94.06,0,PC3
1.0,3.0,0.5,0.0,4.0,0.01,7.0,2.0,1,PC3
2.0,6.0,0.09,0.0,12.0,0.05,36.0,97.24,0,PC3
1.0,2.0,0.33,0.0,6.0,0.01,13.0,7.5,0,PC3
1.0,2.0,0.29,0.0,7.0,0.02,16.0,11.51,1,PC3
1.0,2.0,0.0,0.0,1.0,0.0,1.0,0.0,0,PC3
3.0,18.0,0.1,2.0,19.0,0.09,52.0,159.56,0,PC3
16.0,35.0,0.03,7.0,29.0,0.4,198.0,2324.14,0,PC3
3.0,8.0,0.07,0.0,13.0,0.06,39.0,130.43,0,PC3
8.0,190.0,0.02,0.0,20.0,3.12,1309.0,27633.67,0,PC3
1.0,34.0,0.11,0.0,7.0,0.3,173.0,472.27,0,PC3
1.0,33.0,0.12,0.0,7.0,0.31,171.0,440.11,0,PC3
1.0,7.0,0.14,0.0,6.0,0.09,63.0,106.36,0,PC3
1.0,5.0,0.31,0.0,4.0,0.04,33.0,22.34,0,PC3
5.0,15.0,0.05,3.0,15.0,0.14,86.0,443.81,0,PC3
1.0,2.0,0.5,0.0,4.0,0.01,7.0,2.18,0,PC3
2.0,8.0,0.11,2.0,13.0,0.07,43.0,101.06,0,PC3
2.0,8.0,0.11,2.0,13.0,0.07,43.0,101.06,0,PC3
2.0,6.0,0.25,1.0,7.0,0.03,21.0,17.95,0,PC3
13.0,56.0,0.05,12.0,21.0,0.5,237.0,1637.81,1,PC3
5.0,23.0,0.07,5.0,16.0,0.19,104.0,460.14,0,PC3
10.0,48.0,0.02,17.0,28.0,0.48,246.0,3703.41,0,PC3
3.0,11.0,0.09,1.0,14.0,0.05,36.0,105.55,0,PC3
8.0,29.0,0.03,0.0,21.0,0.26,143.0,1296.2,0,PC3
7.0,13.0,0.03,0.0,19.0,0.14,84.0,672.39,0,PC3
2.0,24.0,0.06,0.0,15.0,0.18,108.0,553.96,0,PC3
10.0,43.0,0.04,0.0,25.0,0.36,181.0,1678.86,0,PC3
5.0,20.0,0.06,0.0,16.0,0.13,79.0,362.08,0,PC3
3.0,10.0,0.11,0.0,11.0,0.04,31.0,68.23,0,PC3
17.0,33.0,0.08,0.0,13.0,0.39,199.0,848.95,0,PC3
3.0,9.0,0.21,0.0,7.0,0.04,28.0,29.04,0,PC3
27.0,62.0,0.03,0.0,22.0,0.98,450.0,5381.94,0,PC3
21.0,55.0,0.04,0.0,21.0,0.82,374.0,3487.31,0,PC3
10.0,30.0,0.04,0.0,21.0,0.33,171.0,1260.63,0,PC3
1.0,5.0,0.5,0.0,4.0,0.01,7.0,2.18,0,PC3
34.0,89.0,0.02,2.0,39.0,1.03,448.0,7653.27,0,PC3
20.0,49.0,0.01,0.0,32.0,0.58,293.0,6428.38,0,PC3
11.0,21.0,0.04,0.0,18.0,0.22,125.0,983.99,0,PC3
1.0,4.0,0.5,0.0,3.0,0.01,9.0,2.58,0,PC3
34.0,91.0,0.05,1.0,19.0,1.28,548.0,4547.89,0,PC3
14.0,45.0,0.04,0.0,26.0,0.51,243.0,2254.37,0,PC3
34.0,88.0,0.02,0.0,32.0,1.01,450.0,7035.46,0,PC3
10.0,45.0,0.03,0.0,31.0,0.62,291.0,4015.22,0,PC3
23.0,71.0,0.03,2.0,26.0,0.74,350.0,4312.38,0,PC3
7.0,23.0,0.05,0.0,19.0,0.18,102.0,563.72,0,PC3
25.0,144.0,0.03,2.0,24.0,1.7,729.0,10605.06,0,PC3
1.0,0.0,0.4,0.0,5.0,0.01,6.0,2.15,0,PC3
1.0,0.0,0.0,0.0,2.0,0.0,2.0,0.0,0,PC3
4.0,15.0,0.11,1.0,12.0,0.09,56.0,140.21,0,PC3
3.0,23.0,0.05,4.0,20.0,0.31,160.0,1000.31,0,PC3
1.0,0.0,0.0,0.0,2.0,0.0,2.0,0.0,0,PC3
17.0,63.0,0.05,6.0,19.0,0.67,313.0,2363.46,1,PC3
3.0,10.0,0.06,0.0,13.0,0.05,35.0,134.22,0,PC3
6.0,42.0,0.04,2.0,19.0,0.39,204.0,1774.94,0,PC3
11.0,85.0,0.04,12.0,19.0,0.99,444.0,3732.18,1,PC3
6.0,31.0,0.04,3.0,19.0,0.21,116.0,822.31,0,PC3
6.0,31.0,0.04,4.0,19.0,0.21,116.0,822.31,0,PC3
19.0,121.0,0.06,18.0,15.0,0.95,419.0,2451.22,0,PC3
6.0,31.0,0.04,5.0,19.0,0.21,116.0,790.18,0,PC3
9.0,46.0,0.05,1.0,19.0,0.28,152.0,942.42,0,PC3
4.0,10.0,0.05,0.0,13.0,0.05,37.0,189.43,0,PC3
8.0,46.0,0.04,1.0,22.0,0.34,176.0,1380.19,1,PC3
19.0,82.0,0.04,5.0,21.0,0.54,266.0,2373.6,0,PC3
20.0,63.0,0.04,3.0,21.0,0.54,258.0,2065.83,0,PC3
16.0,76.0,0.04,3.0,20.0,0.76,355.0,3171.47,0,PC3
35.0,121.0,0.04,4.0,22.0,1.13,497.0,5030.64,1,PC3
1.0,14.0,0.12,0.0,8.0,0.14,87.0,190.53,0,PC3
4.0,8.0,0.22,3.0,6.0,0.04,28.0,26.65,0,PC3
3.0,21.0,0.1,0.0,14.0,0.11,64.0,178.41,0,PC3
35.0,181.0,0.03,15.0,29.0,1.63,666.0,9147.29,0,PC3
3.0,53.0,0.11,2.0,11.0,0.54,256.0,851.89,1,PC3
10.0,46.0,0.07,6.0,21.0,0.25,130.0,648.34,0,PC3
3.0,7.0,0.1,1.0,11.0,0.06,40.0,96.63,0,PC3
2.0,6.0,0.13,1.0,10.0,0.04,29.0,50.39,0,PC3
14.0,29.0,0.06,4.0,14.0,0.27,149.0,758.85,0,PC3
30.0,206.0,0.03,0.0,19.0,2.88,1172.0,17404.85,0,PC3
30.0,208.0,0.03,0.0,19.0,2.94,1190.0,17755.98,0,PC3
44.0,255.0,0.02,0.0,23.0,3.59,1405.0,25802.64,0,PC3
29.0,209.0,0.03,0.0,20.0,2.93,1182.0,18319.26,0,PC3
9.0,137.0,0.03,0.0,20.0,1.94,832.0,12166.55,0,PC3
5.0,21.0,0.04,0.0,20.0,0.2,114.0,825.79,0,PC3
3.0,12.0,0.05,0.0,18.0,0.12,70.0,376.65,0,PC3
2.0,8.0,0.09,0.0,15.0,0.06,36.0,108.96,0,PC3
8.0,39.0,0.05,2.0,23.0,0.26,137.0,917.18,0,PC3
8.0,39.0,0.04,0.0,18.0,0.33,175.0,1352.03,0,PC3
10.0,36.0,0.06,0.0,16.0,0.3,160.0,841.32,0,PC3
13.0,43.0,0.04,0.0,24.0,0.37,185.0,1443.0,0,PC3
3.0,20.0,0.04,3.0,19.0,0.28,150.0,1052.0,0,PC3
3.0,12.0,0.04,1.0,15.0,0.15,96.0,665.68,1,PC3
1.0,7.0,0.16,0.0,10.0,0.05,35.0,54.19,0,PC3
5.0,24.0,0.09,3.0,11.0,0.21,118.0,378.43,0,PC3
11.0,41.0,0.05,10.0,20.0,0.37,187.0,1322.44,0,PC3
6.0,20.0,0.06,2.0,18.0,0.15,87.0,453.22,0,PC3
2.0,11.0,0.14,1.0,11.0,0.06,40.0,72.77,0,PC3
8.0,40.0,0.04,5.0,24.0,0.57,271.0,2584.83,1,PC3
4.0,12.0,0.05,1.0,17.0,0.16,91.0,514.48,1,PC3
7.0,38.0,0.04,5.0,22.0,0.55,270.0,2528.33,1,PC3
9.0,25.0,0.04,5.0,22.0,0.29,152.0,1290.01,0,PC3
3.0,13.0,0.07,2.0,16.0,0.1,62.0,232.5,0,PC3
3.0,14.0,0.1,2.0,13.0,0.08,51.0,137.61,0,PC3
9.0,26.0,0.04,5.0,21.0,0.27,146.0,1127.08,1,PC3
4.0,46.0,0.03,4.0,19.0,0.95,458.0,5855.58,1,PC3
1.0,3.0,0.33,0.0,6.0,0.01,10.0,5.28,0,PC3
1.0,7.0,0.13,0.0,10.0,0.07,48.0,91.7,1,PC3
2.0,14.0,0.07,0.0,11.0,0.2,121.0,492.96,1,PC3
2.0,7.0,0.12,0.0,9.0,0.03,22.0,37.69,0,PC3
3.0,14.0,0.1,1.0,11.0,0.07,45.0,114.75,0,PC3
2.0,5.0,0.17,0.0,6.0,0.01,13.0,13.0,0,PC3
15.0,52.0,0.02,4.0,24.0,0.29,163.0,2602.42,0,PC3
1.0,6.0,0.22,0.0,6.0,0.01,10.0,7.5,0,PC3
5.0,15.0,0.11,0.0,12.0,0.12,72.0,180.0,0,PC3
13.0,47.0,0.03,0.0,24.0,0.61,293.0,3196.81,0,PC3
37.0,120.0,0.01,20.0,41.0,1.62,700.0,20805.28,0,PC3
5.0,11.0,0.08,0.0,16.0,0.1,62.0,206.67,0,PC3
8.0,37.0,0.02,3.0,22.0,0.37,201.0,2804.33,0,PC3
8.0,16.0,0.06,0.0,17.0,0.17,97.0,489.17,0,PC3
7.0,33.0,0.03,3.0,19.0,0.35,187.0,1748.65,0,PC3
6.0,18.0,0.1,1.0,15.0,0.12,70.0,200.29,0,PC3
2.0,12.0,0.21,0.0,7.0,0.03,21.0,20.15,0,PC3
7.0,27.0,0.05,0.0,19.0,0.12,73.0,405.08,0,PC3
2.0,7.0,0.24,0.0,7.0,0.02,17.0,14.22,0,PC3
1.0,4.0,0.4,0.0,5.0,0.01,8.0,3.12,0,PC3
5.0,48.0,0.05,0.0,22.0,0.4,197.0,1359.85,0,PC3
2.0,17.0,0.04,0.0,12.0,0.22,139.0,827.56,0,PC3
3.0,17.0,0.14,0.0,11.0,0.05,35.0,61.07,0,PC3
2.0,8.0,0.15,0.0,10.0,0.04,27.0,42.48,0,PC3
1.0,6.0,0.34,0.0,5.0,0.02,15.0,8.41,0,PC3
1.0,4.0,0.67,0.0,3.0,0.01,9.0,2.11,0,PC3
8.0,17.0,0.05,0.0,16.0,0.1,66.0,330.91,0,PC3
1.0,8.0,0.33,0.0,5.0,0.02,14.0,7.75,0,PC3
2.0,17.0,0.06,0.0,10.0,0.11,76.0,311.9,0,PC3
28.0,66.0,0.02,0.0,31.0,0.71,335.0,5044.92,0,PC3
4.0,12.0,0.08,0.0,14.0,0.08,51.0,170.91,0,PC3
1.0,4.0,0.67,0.0,3.0,0.01,8.0,1.72,0,PC3
6.0,62.0,0.04,3.0,24.0,0.57,268.0,2408.85,0,PC3
2.0,8.0,0.15,0.0,10.0,0.04,27.0,42.48,0,PC3
1.0,9.0,0.23,0.0,7.0,0.06,42.0,46.13,0,PC3
5.0,47.0,0.04,2.0,19.0,0.59,286.0,2409.93,0,PC3
8.0,45.0,0.05,8.0,20.0,0.38,189.0,1250.38,0,PC3
1.0,0.0,0.0,0.0,2.0,0.0,2.0,0.0,0,PC3
3.0,36.0,0.05,0.0,13.0,0.32,185.0,1065.8,0,PC3
2.0,7.0,0.14,0.0,7.0,0.02,17.0,22.87,0,PC3
3.0,15.0,0.07,1.0,13.0,0.12,75.0,275.81,0,PC3
2.0,29.0,0.05,0.0,13.0,0.45,240.0,1590.38,0,PC3
2.0,16.0,0.07,0.0,8.0,0.18,119.0,426.2,0,PC3
2.0,12.0,0.07,0.0,8.0,0.12,83.0,272.36,0,PC3
2.0,12.0,0.11,0.0,8.0,0.09,59.0,128.47,0,PC3
3.0,21.0,0.07,1.0,9.0,0.24,143.0,551.79,0,PC3
4.0,37.0,0.11,3.0,14.0,0.26,134.0,381.89,0,PC3
22.0,77.0,0.06,2.0,31.0,0.41,192.0,1196.45,0,PC3
15.0,66.0,0.03,2.0,20.0,1.03,474.0,5551.48,0,PC3
10.0,51.0,0.04,6.0,24.0,0.47,226.0,1846.5,0,PC3
19.0,91.0,0.03,6.0,26.0,1.07,471.0,5519.99,0,PC3
3.0,20.0,0.09,1.0,15.0,0.11,64.0,206.42,0,PC3
2.0,10.0,0.22,1.0,7.0,0.03,25.0,23.8,0,PC3
1.0,5.0,0.36,0.0,4.0,0.02,15.0,7.4,0,PC3
2.0,33.0,0.06,0.0,13.0,0.31,175.0,858.51,0,PC3
6.0,21.0,0.09,2.0,16.0,0.1,62.0,188.06,0,PC3
6.0,30.0,0.04,4.0,13.0,0.42,228.0,1554.31,0,PC3
7.0,29.0,0.04,6.0,21.0,0.28,149.0,1086.82,0,PC3
7.0,41.0,0.04,0.0,17.0,0.45,232.0,1721.83,0,PC3
17.0,71.0,0.03,6.0,25.0,1.07,478.0,6167.57,1,PC3
15.0,61.0,0.04,9.0,26.0,0.67,306.0,2822.18,0,PC3
10.0,62.0,0.03,2.0,20.0,0.92,430.0,4867.48,1,PC3
7.0,32.0,0.03,4.0,16.0,0.43,241.0,2685.63,0,PC3
10.0,32.0,0.05,3.0,17.0,0.33,173.0,1026.86,0,PC3
5.0,22.0,0.07,1.0,16.0,0.22,122.0,559.07,0,PC3
20.0,74.0,0.01,10.0,23.0,1.44,719.0,23124.91,0,PC3
8.0,26.0,0.04,2.0,20.0,0.26,143.0,1156.59,0,PC3
4.0,13.0,0.06,2.0,15.0,0.11,70.0,333.99,0,PC3
3.0,12.0,0.06,2.0,12.0,0.09,60.0,238.52,0,PC3
8.0,39.0,0.04,1.0,19.0,0.5,252.0,2113.92,0,PC3
5.0,27.0,0.04,2.0,18.0,0.25,140.0,955.4,0,PC3
2.0,7.0,0.19,1.0,9.0,0.02,19.0,21.65,0,PC3
7.0,31.0,0.04,5.0,22.0,0.39,200.0,1787.76,0,PC3
5.0,19.0,0.07,1.0,16.0,0.19,106.0,484.61,0,PC3
8.0,47.0,0.04,2.0,20.0,0.59,289.0,2722.1,0,PC3
9.0,39.0,0.03,6.0,17.0,0.57,301.0,3379.92,0,PC3
4.0,13.0,0.15,3.0,10.0,0.06,42.0,69.01,0,PC3
2.0,15.0,0.05,1.0,10.0,0.17,115.0,633.59,0,PC3
8.0,61.0,0.04,7.0,18.0,0.56,274.0,2067.56,0,PC3
5.0,19.0,0.12,1.0,12.0,0.08,53.0,116.78,0,PC3
5.0,17.0,0.09,5.0,13.0,0.1,61.0,187.04,1,PC3
3.0,20.0,0.08,2.0,12.0,0.19,110.0,392.5,1,PC3
7.0,30.0,0.05,1.0,16.0,0.41,215.0,1374.02,1,PC3
1.0,13.0,0.05,0.0,14.0,0.45,236.0,1486.91,0,PC3
1.0,6.0,0.33,0.0,6.0,0.02,17.0,10.48,0,PC3
1.0,0.0,0.0,0.0,2.0,0.0,2.0,0.0,0,PC3
2.0,8.0,0.15,1.0,8.0,0.02,19.0,24.34,0,PC3
6.0,25.0,0.09,6.0,14.0,0.22,119.0,418.1,0,PC3
7.0,30.0,0.06,2.0,21.0,0.16,90.0,435.97,0,PC3
5.0,26.0,0.04,2.0,17.0,0.31,168.0,1267.26,0,PC3
3.0,12.0,0.09,0.0,14.0,0.07,46.0,130.86,0,PC3
4.0,17.0,0.06,0.0,17.0,0.17,94.0,458.56,0,PC3
1.0,7.0,0.1,0.0,12.0,0.05,38.0,95.8,0,PC3
8.0,26.0,0.04,3.0,15.0,0.31,171.0,1159.86,0,PC3
1.0,20.0,0.07,4.0,10.0,0.37,205.0,936.35,0,PC3
5.0,27.0,0.05,3.0,16.0,0.17,100.0,567.08,0,PC3
4.0,16.0,0.08,0.0,15.0,0.11,65.0,231.0,0,PC3
14.0,33.0,0.04,3.0,18.0,0.34,183.0,1437.11,0,PC3
3.0,15.0,0.07,2.0,17.0,0.13,75.0,304.43,1,PC3
2.0,8.0,0.12,0.0,7.0,0.07,50.0,95.37,0,PC3
1.0,7.0,0.15,0.0,9.0,0.05,34.0,54.16,0,PC3
2.0,12.0,0.11,0.0,10.0,0.08,54.0,125.27,0,PC3
2.0,10.0,0.15,0.0,10.0,0.06,39.0,64.41,0,PC3
2.0,10.0,0.13,0.0,11.0,0.05,36.0,67.64,0,PC3
2.0,8.0,0.21,0.0,8.0,0.03,21.0,20.73,0,PC3
1.0,3.0,0.5,0.0,4.0,0.01,9.0,3.0,1,PC3
2.0,7.0,0.09,0.0,10.0,0.05,35.0,86.15,0,PC3
3.0,9.0,0.12,2.0,10.0,0.04,30.0,58.39,0,PC3
2.0,5.0,0.16,0.0,8.0,0.02,18.0,23.68,0,PC3
1.0,9.0,0.12,0.0,6.0,0.05,41.0,68.63,0,PC3
2.0,10.0,0.17,0.0,10.0,0.05,33.0,47.58,0,PC3
1.0,10.0,0.26,0.0,6.0,0.04,32.0,27.75,0,PC3
7.0,19.0,0.08,0.0,10.0,0.14,91.0,311.89,0,PC3
2.0,14.0,0.09,1.0,11.0,0.08,55.0,154.11,0,PC3
5.0,17.0,0.12,0.0,13.0,0.07,44.0,97.14,0,PC3
1.0,6.0,0.1,0.0,9.0,0.04,29.0,61.37,0,PC3
1.0,8.0,0.07,0.0,9.0,0.07,53.0,169.25,0,PC3
5.0,20.0,0.08,1.0,16.0,0.09,53.0,186.72,0,PC3
6.0,26.0,0.07,3.0,15.0,0.2,110.0,466.83,0,PC3
2.0,4.0,0.33,1.0,6.0,0.01,11.0,6.09,0,PC3
1.0,7.0,0.25,0.0,5.0,0.04,34.0,29.52,0,PC3
1.0,2.0,0.5,0.0,4.0,0.01,7.0,2.18,0,PC3
1.0,2.0,0.33,0.0,6.0,0.01,10.0,5.28,0,PC3
1.0,7.0,0.23,0.0,8.0,0.03,25.0,25.23,0,PC3
11.0,39.0,0.04,5.0,24.0,0.29,151.0,1120.98,0,PC3
10.0,39.0,0.05,3.0,23.0,0.2,107.0,650.91,0,PC3
1.0,3.0,0.4,0.0,5.0,0.01,10.0,4.4,0,PC3
2.0,11.0,0.14,1.0,9.0,0.07,48.0,84.36,1,PC3
1.0,6.0,0.19,0.0,7.0,0.03,25.0,28.49,1,PC3
1.0,0.0,0.0,0.0,2.0,0.0,2.0,0.0,0,PC3
2.0,10.0,0.14,1.0,12.0,0.06,38.0,67.76,0,PC3
1.0,3.0,0.23,0.0,7.0,0.01,13.0,10.93,0,PC3
6.0,24.0,0.05,0.0,22.0,0.23,121.0,758.73,0,PC3
3.0,29.0,0.02,2.0,17.0,0.5,278.0,3709.35,1,PC3
6.0,19.0,0.03,0.0,15.0,0.29,171.0,1480.12,1,PC3
3.0,11.0,0.21,2.0,8.0,0.07,45.0,54.63,0,PC3
3.0,15.0,0.1,1.0,12.0,0.16,94.0,271.95,0,PC3
1.0,2.0,0.25,0.0,6.0,0.01,10.0,7.04,0,PC3
8.0,41.0,0.08,6.0,12.0,0.51,256.0,1076.3,1,PC3
3.0,8.0,0.09,2.0,11.0,0.05,34.0,86.64,0,PC3
2.0,12.0,0.13,2.0,11.0,0.06,37.0,72.45,0,PC3
3.0,24.0,0.08,0.0,13.0,0.22,122.0,455.2,0,PC3
1.0,19.0,0.06,0.0,14.0,0.39,206.0,1080.1,0,PC3
2.0,7.0,0.18,1.0,10.0,0.03,21.0,27.25,0,PC3
2.0,14.0,0.15,2.0,9.0,0.09,57.0,95.13,0,PC3
1.0,5.0,0.21,0.0,7.0,0.01,13.0,11.2,0,PC3
2.0,10.0,0.14,1.0,11.0,0.05,32.0,55.83,0,PC3
1.0,0.0,0.0,0.0,2.0,0.0,2.0,0.0,0,PC3
2.0,9.0,0.25,1.0,6.0,0.03,22.0,17.53,0,PC3
2.0,12.0,0.17,2.0,9.0,0.08,49.0,74.43,1,PC3
2.0,4.0,0.33,0.0,6.0,0.01,9.0,4.75,0,PC3
4.0,59.0,0.05,0.0,13.0,0.72,357.0,2612.83,0,PC3
3.0,49.0,0.02,0.0,18.0,0.88,457.0,8036.06,0,PC3
3.0,43.0,0.02,0.0,18.0,0.76,394.0,5629.92,0,PC3
1.0,25.0,0.1,0.0,9.0,0.24,136.0,412.23,0,PC3
1.0,3.0,0.67,0.0,3.0,0.0,4.0,0.67,0,PC3
4.0,24.0,0.05,4.0,23.0,0.24,127.0,864.89,0,PC3
8.0,30.0,0.04,5.0,24.0,0.25,132.0,1033.93,0,PC3
3.0,13.0,0.09,2.0,18.0,0.12,68.0,230.29,0,PC3
2.0,8.0,0.12,1.0,12.0,0.07,46.0,99.6,0,PC3
4.0,13.0,0.07,3.0,15.0,0.1,63.0,235.71,0,PC3
1.0,6.0,0.31,0.0,5.0,0.02,19.0,12.16,0,PC3
1.0,6.0,0.4,0.0,5.0,0.01,7.0,2.73,0,PC3
1.0,3.0,0.0,0.0,1.0,0.0,1.0,0.0,0,PC3
2.0,4.0,0.12,0.0,12.0,0.03,25.0,47.69,0,PC3
6.0,14.0,0.04,0.0,20.0,0.12,74.0,462.89,0,PC3
2.0,7.0,0.1,0.0,9.0,0.03,23.0,47.87,0,PC3
2.0,7.0,0.2,0.0,7.0,0.03,20.0,21.15,0,PC3
5.0,17.0,0.04,0.0,20.0,0.19,110.0,764.99,0,PC3
1.0,5.0,0.33,0.0,4.0,0.01,13.0,6.5,0,PC3
1.0,4.0,0.4,0.0,5.0,0.01,7.0,2.73,0,PC3
1.0,4.0,0.4,0.0,5.0,0.01,7.0,2.73,0,PC3
6.0,195.0,0.05,0.0,11.0,2.2,919.0,6819.54,0,PC3
3.0,46.0,0.06,0.0,14.0,0.56,276.0,1585.48,0,PC3
3.0,46.0,0.06,0.0,14.0,0.56,276.0,1585.48,0,PC3
3.0,46.0,0.06,0.0,14.0,0.56,276.0,1585.48,0,PC3
3.0,46.0,0.06,0.0,14.0,0.56,276.0,1585.48,0,PC3
3.0,46.0,0.06,0.0,14.0,0.56,276.0,1585.48,0,PC3
3.0,46.0,0.06,0.0,14.0,0.56,276.0,1585.48,0,PC3
1.0,23.0,0.04,0.0,11.0,0.34,208.0,1511.36,0,PC3
2.0,7.0,0.09,0.0,11.0,0.06,39.0,103.01,0,PC3
2.0,10.0,0.08,1.0,13.0,0.07,46.0,150.28,0,PC3
1.0,5.0,0.06,0.0,10.0,0.07,50.0,178.42,0,PC3
2.0,4.0,0.13,0.0,10.0,0.03,19.0,31.67,0,PC3
4.0,13.0,0.08,0.0,12.0,0.06,42.0,128.58,0,PC3
1.0,9.0,0.05,0.0,10.0,0.04,31.0,138.08,0,PC3
1.0,3.0,0.5,0.0,4.0,0.01,11.0,3.87,0,PC3
1.0,11.0,0.17,0.0,9.0,0.03,22.0,28.65,0,PC3
2.0,6.0,0.16,0.0,10.0,0.03,25.0,36.5,0,PC3
4.0,13.0,0.05,0.0,22.0,0.1,61.0,347.69,0,PC3
1.0,10.0,0.17,0.0,9.0,0.03,22.0,28.65,0,PC3
6.0,21.0,0.05,1.0,17.0,0.15,87.0,492.2,0,PC3
5.0,9.0,0.08,1.0,13.0,0.09,55.0,186.71,0,PC3
3.0,9.0,0.11,0.0,11.0,0.07,48.0,113.8,0,PC3
1.0,2.0,0.5,0.0,4.0,0.01,6.0,1.72,0,PC3
1.0,5.0,0.23,0.0,5.0,0.04,29.0,26.08,0,PC3
3.0,6.0,0.09,1.0,12.0,0.05,32.0,86.44,0,PC3
1.0,2.0,0.5,0.0,4.0,0.01,6.0,1.72,0,PC3
2.0,5.0,0.11,0.0,8.0,0.04,30.0,59.23,0,PC3
1.0,8.0,0.16,0.0,10.0,0.03,21.0,30.66,0,PC3
8.0,19.0,0.05,0.0,16.0,0.14,85.0,437.18,0,PC3
4.0,16.0,0.1,0.0,13.0,0.12,69.0,193.16,0,PC3
3.0,7.0,0.2,0.0,9.0,0.03,24.0,27.59,0,PC3
3.0,9.0,0.07,0.0,12.0,0.05,37.0,127.24,0,PC3
5.0,14.0,0.1,0.0,14.0,0.09,56.0,157.28,0,PC3
72.0,58.0,0.03,0.0,17.0,0.99,483.0,5501.1,0,PC3
5.0,10.0,0.06,0.0,16.0,0.08,49.0,204.73,0,PC3
5.0,10.0,0.06,0.0,16.0,0.07,45.0,185.75,0,PC3
3.0,10.0,0.08,0.0,12.0,0.05,37.0,113.27,0,PC3
3.0,13.0,0.1,0.0,11.0,0.07,45.0,117.06,0,PC3
2.0,3.0,0.07,0.0,14.0,0.05,37.0,122.25,0,PC3
4.0,10.0,0.07,0.0,13.0,0.08,51.0,183.28,0,PC3
7.0,13.0,0.02,0.0,18.0,0.11,74.0,819.94,0,PC3
5.0,8.0,0.05,0.0,13.0,0.05,38.0,182.29,0,PC3
2.0,6.0,0.12,0.0,8.0,0.03,27.0,49.5,0,PC3
6.0,18.0,0.05,0.0,18.0,0.15,88.0,505.5,0,PC3
16.0,41.0,0.03,0.0,26.0,0.44,218.0,2236.75,0,PC3
3.0,8.0,0.09,0.0,13.0,0.06,41.0,117.25,0,PC3
1.0,3.0,0.67,0.0,3.0,0.01,7.0,1.51,0,PC3
3.0,13.0,0.08,0.0,14.0,0.08,50.0,164.18,0,PC3
19.0,41.0,0.05,0.0,20.0,0.64,300.0,2336.82,0,PC3
47.0,100.0,0.02,4.0,35.0,1.62,679.0,13287.55,0,PC3
3.0,8.0,0.08,0.0,14.0,0.06,37.0,115.71,0,PC3
12.0,51.0,0.03,1.0,24.0,0.54,263.0,2689.47,0,PC3
3.0,13.0,0.17,0.0,10.0,0.06,38.0,55.09,0,PC3
1.0,7.0,0.16,0.0,9.0,0.05,33.0,49.06,0,PC3
4.0,7.0,0.09,0.0,12.0,0.05,36.0,97.24,0,PC3
7.0,19.0,0.05,0.0,19.0,0.16,91.0,504.09,0,PC3
1.0,6.0,0.35,0.0,5.0,0.02,18.0,10.24,0,PC3
10.0,12.0,0.03,0.0,15.0,0.19,118.0,1036.34,0,PC3
31.0,95.0,0.03,0.0,30.0,1.28,548.0,7888.93,0,PC3
10.0,21.0,0.05,1.0,17.0,0.22,122.0,733.18,0,PC3
2.0,6.0,0.22,0.0,9.0,0.03,23.0,23.98,0,PC3
3.0,11.0,0.21,0.0,7.0,0.05,38.0,44.22,0,PC3
11.0,21.0,0.04,0.0,15.0,0.3,172.0,1278.41,0,PC3
3.0,10.0,0.11,0.0,9.0,0.08,53.0,116.4,0,PC3
26.0,82.0,0.03,0.0,23.0,0.95,444.0,5613.43,0,PC3
4.0,14.0,0.05,0.0,17.0,0.16,94.0,562.26,0,PC3
2.0,5.0,0.16,0.0,8.0,0.02,19.0,25.0,0,PC3
6.0,22.0,0.08,0.0,13.0,0.13,80.0,269.59,0,PC3
1.0,3.0,0.5,0.0,4.0,0.01,7.0,2.18,0,PC3
1.0,3.0,0.5,0.0,4.0,0.01,7.0,2.18,0,PC3
2.0,11.0,0.33,0.0,6.0,0.02,15.0,8.3,0,PC3
4.0,14.0,0.08,0.0,14.0,0.07,46.0,155.84,0,PC3
1.0,4.0,0.4,0.0,5.0,0.01,9.0,3.75,0,PC3
1.0,4.0,0.25,0.0,6.0,0.01,11.0,7.75,0,PC3
2.0,11.0,0.15,0.0,10.0,0.04,26.0,41.41,0,PC3
5.0,21.0,0.07,0.0,15.0,0.08,53.0,205.1,0,PC3
2.0,9.0,0.11,0.0,10.0,0.05,34.0,71.32,0,PC3
3.0,10.0,0.12,0.0,7.0,0.04,29.0,48.69,0,PC3
1.0,3.0,0.5,0.0,4.0,0.01,7.0,2.18,0,PC3
1.0,5.0,0.23,0.0,6.0,0.03,21.0,18.5,0,PC3
4.0,21.0,0.07,0.0,13.0,0.16,97.0,390.35,0,PC3
1.0,12.0,0.13,0.0,7.0,0.1,67.0,127.81,0,PC3
8.0,34.0,0.09,0.0,14.0,0.21,115.0,398.97,0,PC3
4.0,21.0,0.11,0.0,11.0,0.16,94.0,251.22,0,PC3
2.0,4.0,0.16,0.0,7.0,0.02,14.0,16.48,0,PC3
2.0,14.0,0.08,0.0,10.0,0.08,58.0,173.7,0,PC3
14.0,31.0,0.08,0.0,18.0,0.2,108.0,426.1,0,PC3
4.0,17.0,0.09,0.0,10.0,0.1,64.0,179.4,0,PC3
2.0,8.0,0.18,1.0,7.0,0.03,25.0,29.08,0,PC3
3.0,17.0,0.08,0.0,11.0,0.1,66.0,213.38,0,PC3
3.0,20.0,0.07,1.0,12.0,0.15,91.0,348.01,0,PC3
1.0,3.0,0.67,0.0,3.0,0.0,5.0,0.97,0,PC3
2.0,10.0,0.11,0.0,11.0,0.06,42.0,93.65,0,PC3
7.0,22.0,0.06,0.0,12.0,0.18,111.0,482.38,0,PC3
3.0,7.0,0.18,0.0,7.0,0.02,19.0,21.19,0,PC3
7.0,25.0,0.06,0.0,20.0,0.24,125.0,655.65,0,PC3
7.0,13.0,0.05,0.0,15.0,0.07,50.0,259.26,0,PC3
22.0,77.0,0.03,4.0,28.0,1.01,442.0,5205.42,0,PC3
4.0,9.0,0.06,0.0,15.0,0.07,46.0,195.29,0,PC3
4.0,11.0,0.07,0.0,13.0,0.08,52.0,186.87,0,PC3
1.0,3.0,0.67,0.0,3.0,0.0,5.0,0.97,0,PC3
3.0,7.0,0.13,0.0,11.0,0.04,26.0,47.33,0,PC3
7.0,10.0,0.05,0.0,16.0,0.1,63.0,355.35,0,PC3
3.0,10.0,0.09,0.0,14.0,0.05,34.0,93.04,0,PC3
18.0,150.0,0.02,1.0,34.0,1.37,580.0,10286.22,0,PC3
4.0,16.0,0.08,2.0,14.0,0.08,52.0,166.65,0,PC3
4.0,17.0,0.08,1.0,14.0,0.09,57.0,193.83,0,PC3
5.0,58.0,0.09,1.0,12.0,0.5,241.0,945.59,1,PC3
3.0,51.0,0.06,2.0,16.0,0.6,285.0,1751.7,1,PC3
1.0,12.0,0.15,0.0,8.0,0.06,44.0,67.97,0,PC3
6.0,31.0,0.03,5.0,21.0,0.26,143.0,1296.2,1,PC3
8.0,50.0,0.07,2.0,22.0,0.25,127.0,612.3,0,PC3
10.0,60.0,0.05,1.0,20.0,0.34,174.0,1081.97,1,PC3
5.0,25.0,0.08,4.0,14.0,0.13,76.0,274.64,0,PC3
1.0,3.0,0.5,1.0,4.0,0.01,7.0,2.18,0,PC3
9.0,47.0,0.06,4.0,21.0,0.23,121.0,653.95,0,PC3
2.0,7.0,0.17,1.0,8.0,0.02,19.0,24.11,0,PC3
1.0,0.0,0.0,0.0,2.0,0.0,2.0,0.0,0,PC3
1.0,0.0,0.0,0.0,2.0,0.0,2.0,0.0,0,PC3
1.0,17.0,0.1,1.0,13.0,0.16,90.0,270.88,0,PC3
4.0,9.0,0.07,0.0,9.0,0.03,28.0,75.28,0,PC3
3.0,21.0,0.04,5.0,16.0,0.46,247.0,2085.02,0,PC3
2.0,8.0,0.07,0.0,11.0,0.09,63.0,224.95,0,PC3
1.0,6.0,0.17,2.0,7.0,0.07,48.0,66.08,0,PC3
1.0,19.0,0.08,0.0,6.0,0.22,150.0,470.78,0,PC3
2.0,5.0,0.19,0.0,9.0,0.03,22.0,25.14,0,PC3
2.0,9.0,0.15,0.0,9.0,0.04,28.0,42.92,0,PC3
2.0,9.0,0.13,0.0,10.0,0.04,28.0,48.65,0,PC3
3.0,18.0,0.07,1.0,16.0,0.21,114.0,503.83,0,PC3
3.0,23.0,0.06,1.0,13.0,0.35,185.0,906.48,0,PC3
10.0,35.0,0.02,3.0,25.0,0.48,246.0,3310.43,0,PC3
5.0,30.0,0.04,3.0,17.0,0.33,178.0,1229.49,1,PC3
1.0,8.0,0.07,0.0,7.0,0.12,89.0,275.53,0,PC3
5.0,22.0,0.04,4.0,18.0,0.16,95.0,694.76,0,PC3
6.0,20.0,0.08,1.0,13.0,0.15,89.0,327.01,0,PC3
2.0,12.0,0.14,1.0,8.0,0.1,63.0,116.99,0,PC3
1.0,3.0,0.5,0.0,4.0,0.01,7.0,2.18,0,PC3
5.0,23.0,0.06,0.0,17.0,0.13,76.0,358.89,0,PC3
2.0,32.0,0.15,2.0,10.0,0.19,104.0,212.76,0,PC3
7.0,34.0,0.05,1.0,18.0,0.34,176.0,1181.67,0,PC3
299.0,591.0,0.01,0.0,52.0,30.95,9605.0,708413.98,0,PC3
20.0,51.0,0.08,0.0,15.0,0.29,153.0,608.13,0,PC3
20.0,54.0,0.07,0.0,16.0,0.31,162.0,706.78,0,PC3
6.0,28.0,0.06,0.0,16.0,0.17,95.0,453.23,0,PC3
3.0,10.0,0.17,0.0,8.0,0.04,30.0,40.0,0,PC3
7.0,27.0,0.07,0.0,15.0,0.1,61.0,220.49,0,PC3
1.0,7.0,0.67,0.0,3.0,0.03,21.0,6.48,0,PC3
13.0,63.0,0.03,0.0,24.0,0.6,290.0,3028.38,0,PC3
3.0,21.0,0.08,3.0,11.0,0.12,75.0,243.25,0,PC3
1.0,13.0,0.14,0.0,7.0,0.12,80.0,152.5,0,PC3
1.0,17.0,0.08,3.0,7.0,0.18,119.0,379.43,0,PC3
27.0,164.0,0.02,42.0,36.0,2.1,863.0,20780.18,1,PC3
25.0,132.0,0.08,24.0,9.0,5.31,1879.0,10885.61,0,PC3
17.0,68.0,0.07,15.0,9.0,1.85,783.0,4331.14,0,PC3
3.0,6.0,0.24,0.0,6.0,0.02,21.0,16.95,0,PC3
5.0,6.0,0.16,0.0,8.0,0.04,29.0,39.57,0,PC3
3.0,6.0,0.2,0.0,7.0,0.03,21.0,20.49,0,PC3
3.0,5.0,0.21,0.0,8.0,0.02,17.0,16.78,0,PC3
1.0,0.0,0.0,0.0,2.0,0.0,2.0,0.0,0,PC3
3.0,5.0,0.21,0.0,8.0,0.02,17.0,16.78,0,PC3
3.0,5.0,0.21,0.0,8.0,0.02,17.0,16.78,0,PC3
2.0,13.0,0.18,0.0,11.0,0.03,24.0,31.69,0,PC3
1.0,0.0,0.0,0.0,2.0,0.0,2.0,0.0,0,PC3
3.0,5.0,0.21,0.0,8.0,0.02,17.0,16.78,0,PC3
7.0,7.0,0.14,0.0,8.0,0.06,41.0,66.21,0,PC3
1.0,0.0,0.0,0.0,2.0,0.0,2.0,0.0,0,PC3
1.0,0.0,0.0,0.0,2.0,0.0,2.0,0.0,0,PC3
2.0,7.0,0.5,0.0,4.0,0.01,10.0,3.12,0,PC3
8.0,28.0,0.05,6.0,15.0,0.36,195.0,1210.08,0,PC3
3.0,17.0,0.07,3.0,17.0,0.14,82.0,353.01,0,PC3
8.0,23.0,0.04,5.0,24.0,0.23,124.0,1077.28,0,PC3
3.0,7.0,0.13,1.0,12.0,0.05,31.0,59.22,0,PC3
2.0,11.0,0.11,1.0,9.0,0.16,98.0,249.94,0,PC3
3.0,10.0,0.09,1.0,14.0,0.12,72.0,225.69,0,PC3
5.0,18.0,0.04,1.0,16.0,0.28,156.0,1099.51,0,PC3
6.0,33.0,0.02,1.0,22.0,0.7,363.0,7500.67,0,PC3
1.0,6.0,0.07,0.0,10.0,0.11,77.0,278.2,0,PC3
2.0,11.0,0.09,0.0,11.0,0.1,64.0,180.16,0,PC3
3.0,18.0,0.03,2.0,18.0,0.27,158.0,1701.77,1,PC3
6.0,31.0,0.07,4.0,11.0,0.32,178.0,765.49,0,PC3
2.0,14.0,0.06,0.0,17.0,0.28,149.0,821.71,1,PC3
6.0,18.0,0.03,1.0,19.0,0.23,130.0,1124.18,0,PC3
9.0,19.0,0.03,0.0,20.0,0.28,154.0,1473.48,0,PC3
1.0,5.0,0.17,0.0,7.0,0.01,13.0,14.0,0,PC3
2.0,6.0,0.07,0.0,10.0,0.03,21.0,64.76,0,PC3
5.0,19.0,0.06,0.0,14.0,0.23,129.0,616.12,0,PC3
1.0,0.0,0.0,0.0,1.0,0.0,1.0,0.0,0,PC3
1.0,0.0,0.0,0.0,1.0,0.0,1.0,0.0,0,PC3
73.0,142.0,0.01,3.0,37.0,2.82,1130.0,32248.29,0,PC3
7.0,21.0,0.05,0.0,17.0,0.29,160.0,1064.93,0,PC3
4.0,12.0,0.1,0.0,13.0,0.07,48.0,122.82,0,PC3
2.0,3.0,0.5,0.0,4.0,0.0,5.0,1.29,0,PC3
17.0,55.0,0.01,0.0,35.0,0.74,367.0,9478.0,0,PC3
7.0,24.0,0.05,3.0,18.0,0.22,126.0,810.02,0,PC3
4.0,11.0,0.09,0.0,13.0,0.1,62.0,182.5,0,PC3
26.0,83.0,0.02,8.0,38.0,0.93,425.0,8380.54,0,PC3
14.0,25.0,0.03,0.0,26.0,0.28,147.0,1461.98,0,PC3
5.0,32.0,0.07,2.0,15.0,0.15,88.0,347.94,0,PC3
3.0,7.0,0.11,0.0,11.0,0.04,31.0,65.39,0,PC3
65.0,186.0,0.02,7.0,33.0,2.45,981.0,19959.29,0,PC3
6.0,40.0,0.05,3.0,18.0,0.21,117.0,657.19,0,PC3
6.0,24.0,0.08,0.0,13.0,0.08,54.0,170.69,0,PC3
1.0,6.0,0.5,0.0,3.0,0.02,17.0,5.99,0,PC3
2.0,8.0,0.28,0.0,6.0,0.02,14.0,9.69,0,PC3
3.0,21.0,0.09,0.0,15.0,0.1,62.0,199.97,0,PC3
2.0,12.0,0.25,0.0,8.0,0.03,25.0,23.17,0,PC3
2.0,8.0,0.13,0.0,10.0,0.06,42.0,82.38,0,PC3
2.0,8.0,0.16,0.0,9.0,0.03,22.0,31.43,0,PC3
13.0,28.0,0.05,0.0,19.0,0.25,138.0,905.01,0,PC3
1.0,5.0,0.4,0.0,5.0,0.01,10.0,4.4,0,PC3
6.0,22.0,0.05,0.0,23.0,0.18,101.0,628.21,0,PC3
1.0,43.0,0.04,0.0,14.0,1.28,576.0,4800.03,0,PC3
55.0,154.0,0.0,0.0,68.0,5.57,2242.0,261201.38,0,PC3
2.0,6.0,0.14,0.0,9.0,0.03,20.0,30.46,0,PC3
3.0,10.0,0.09,0.0,15.0,0.08,51.0,152.93,0,PC3
4.0,10.0,0.08,0.0,14.0,0.07,45.0,140.82,0,PC3
4.0,11.0,0.08,0.0,16.0,0.1,62.0,220.77,0,PC3
8.0,16.0,0.05,0.0,20.0,0.13,74.0,435.8,0,PC3
8.0,42.0,0.05,0.0,23.0,0.4,191.0,1300.92,0,PC3
17.0,36.0,0.03,2.0,25.0,0.38,196.0,2334.49,0,PC3
19.0,50.0,0.03,4.0,22.0,0.59,294.0,3536.07,0,PC3
13.0,48.0,0.08,5.0,15.0,0.4,198.0,850.66,0,PC3
1.0,6.0,0.23,0.0,7.0,0.01,13.0,10.93,0,PC3
3.0,9.0,0.09,0.0,11.0,0.04,28.0,69.94,0,PC3
7.0,19.0,0.06,0.0,14.0,0.21,124.0,623.26,0,PC3
6.0,18.0,0.08,0.0,14.0,0.15,86.0,314.37,0,PC3
4.0,10.0,0.14,0.0,10.0,0.04,31.0,47.1,0,PC3
3.0,11.0,0.21,0.0,8.0,0.03,22.0,21.72,0,PC3
1.0,3.0,0.5,0.0,4.0,0.01,7.0,2.18,0,PC3
9.0,30.0,0.08,1.0,16.0,0.13,79.0,291.72,0,PC3
1.0,6.0,0.15,0.0,11.0,0.02,18.0,26.4,0,PC3
8.0,19.0,0.01,0.0,21.0,0.26,161.0,4391.36,0,PC3
6.0,27.0,0.02,5.0,22.0,0.25,146.0,1983.14,0,PC3
2.0,15.0,0.06,0.0,18.0,0.09,57.0,256.39,0,PC3
7.0,31.0,0.07,9.0,16.0,0.25,135.0,634.3,1,PC3
2.0,7.0,0.15,1.0,10.0,0.04,30.0,47.78,0,PC3
2.0,24.0,0.07,2.0,12.0,0.24,140.0,565.16,0,PC3
4.0,29.0,0.09,5.0,15.0,0.18,99.0,318.39,1,PC3
4.0,14.0,0.09,1.0,13.0,0.1,61.0,173.89,0,PC3
4.0,20.0,0.08,2.0,16.0,0.11,64.0,233.14,1,PC3
7.0,31.0,0.06,3.0,18.0,0.23,125.0,656.56,1,PC3
1.0,10.0,0.02,0.0,6.0,0.27,217.0,2064.85,0,PC3
1.0,10.0,0.03,0.0,5.0,0.17,145.0,836.03,0,PC3
1.0,30.0,0.01,0.0,11.0,0.74,512.0,19157.35,0,PC3
1.0,10.0,0.03,0.0,6.0,0.2,163.0,1163.26,0,PC3
1.0,14.0,0.03,0.0,8.0,0.26,181.0,1397.95,0,PC3
1.0,10.0,0.02,0.0,6.0,0.27,217.0,2064.85,0,PC3
1.0,14.0,0.04,0.0,5.0,0.19,157.0,871.06,0,PC3
3.0,5.0,0.08,0.0,9.0,0.06,43.0,120.84,0,PC3
3.0,5.0,0.1,0.0,8.0,0.05,35.0,78.14,0,PC3
4.0,10.0,0.03,0.0,14.0,0.15,95.0,955.1,0,PC3
3.0,7.0,0.05,0.0,14.0,0.08,52.0,247.58,0,PC3
3.0,5.0,0.08,0.0,9.0,0.06,43.0,120.84,0,PC3
3.0,7.0,0.07,0.0,12.0,0.06,42.0,143.48,0,PC3
1.0,0.0,0.0,0.0,2.0,0.0,2.0,0.0,0,PC3
1.0,0.0,0.0,0.0,2.0,0.0,2.0,0.0,0,PC3
5.0,17.0,0.03,3.0,14.0,0.12,80.0,594.21,0,PC3
5.0,17.0,0.03,3.0,14.0,0.12,80.0,594.21,0,PC3
15.0,86.0,0.02,7.0,25.0,0.8,391.0,6559.14,0,PC3
15.0,86.0,0.02,7.0,25.0,0.8,391.0,6559.14,0,PC3
2.0,21.0,0.07,0.0,14.0,0.22,124.0,538.63,0,PC3
2.0,21.0,0.07,0.0,14.0,0.22,124.0,538.63,0,PC3
3.0,41.0,0.03,0.0,21.0,0.48,243.0,2447.5,1,PC3
3.0,41.0,0.03,0.0,21.0,0.48,243.0,2447.5,1,PC3
4.0,20.0,0.09,4.0,15.0,0.15,85.0,284.62,1,PC3
4.0,20.0,0.09,4.0,15.0,0.15,85.0,284.62,1,PC3
14.0,74.0,0.05,9.0,23.0,0.39,192.0,1251.11,0,PC3
14.0,74.0,0.05,9.0,23.0,0.39,192.0,1251.11,0,PC3
3.0,11.0,0.14,0.0,12.0,0.05,33.0,58.81,1,PC3
3.0,11.0,0.14,0.0,12.0,0.05,33.0,58.81,1,PC3
3.0,11.0,0.14,0.0,12.0,0.05,33.0,58.81,0,PC3
3.0,11.0,0.14,0.0,12.0,0.05,33.0,58.81,0,PC3
2.0,5.0,0.2,0.0,8.0,0.02,15.0,14.94,0,PC3
2.0,7.0,0.08,0.0,11.0,0.03,25.0,67.22,0,PC3
7.0,36.0,0.04,0.0,16.0,0.28,161.0,1216.82,0,PC3
14.0,46.0,0.02,1.0,29.0,0.44,221.0,3115.79,0,PC3
1.0,20.0,0.2,0.0,8.0,0.17,101.0,144.93,0,PC3
3.0,18.0,0.16,4.0,11.0,0.11,65.0,119.11,1,PC3
3.0,14.0,0.1,4.0,14.0,0.1,61.0,163.75,0,PC3
4.0,22.0,0.11,4.0,15.0,0.14,77.0,211.4,0,PC3
2.0,11.0,0.25,2.0,8.0,0.05,31.0,30.72,0,PC3
13.0,59.0,0.06,12.0,17.0,0.68,316.0,1964.06,1,PC3
4.0,18.0,0.1,4.0,13.0,0.11,64.0,178.11,0,PC3
11.0,38.0,0.08,8.0,16.0,0.33,165.0,683.44,1,PC3
2.0,7.0,0.19,1.0,6.0,0.04,30.0,33.31,0,PC3
11.0,49.0,0.07,11.0,17.0,0.37,186.0,908.23,1,PC3
6.0,29.0,0.07,6.0,17.0,0.21,115.0,517.16,1,PC3
4.0,30.0,0.09,6.0,16.0,0.21,111.0,390.59,1,PC3
4.0,14.0,0.13,2.0,12.0,0.09,54.0,117.77,0,PC3
1.0,5.0,0.21,0.0,8.0,0.02,17.0,16.78,0,PC3
1.0,5.0,0.21,0.0,8.0,0.02,17.0,16.78,0,PC3
2.0,11.0,0.16,2.0,11.0,0.06,38.0,61.85,0,PC3
7.0,39.0,0.08,8.0,17.0,0.31,155.0,646.74,0,PC3
7.0,43.0,0.07,10.0,17.0,0.33,166.0,763.94,1,PC3
5.0,24.0,0.11,4.0,14.0,0.16,86.0,231.28,1,PC3
5.0,41.0,0.06,6.0,16.0,0.45,224.0,1223.59,0,PC3
2.0,15.0,0.17,2.0,11.0,0.08,49.0,81.59,0,PC3
7.0,30.0,0.05,6.0,21.0,0.31,157.0,1026.46,0,PC3
6.0,9.0,0.09,0.0,12.0,0.12,73.0,215.72,1,PC3
3.0,5.0,0.18,0.0,7.0,0.04,33.0,41.96,0,PC3
4.0,21.0,0.08,3.0,11.0,0.24,138.0,516.34,0,PC3
6.0,16.0,0.09,2.0,15.0,0.16,91.0,312.52,1,PC3
9.0,30.0,0.09,3.0,15.0,0.25,131.0,467.15,1,PC3
3.0,19.0,0.12,1.0,11.0,0.13,78.0,189.78,0,PC3
7.0,35.0,0.07,6.0,20.0,0.22,116.0,503.36,0,PC3
2.0,15.0,0.25,2.0,7.0,0.08,53.0,56.09,1,PC3
6.0,15.0,0.06,3.0,14.0,0.13,80.0,382.88,0,PC3
1.0,3.0,0.25,0.0,7.0,0.03,21.0,17.95,0,PC3
3.0,16.0,0.1,2.0,13.0,0.11,67.0,193.11,0,PC3
3.0,16.0,0.12,2.0,12.0,0.11,67.0,155.58,0,PC3
5.0,9.0,0.05,2.0,14.0,0.08,54.0,253.32,0,PC3
5.0,11.0,0.07,0.0,13.0,0.08,51.0,183.28,0,PC3
13.0,45.0,0.03,2.0,29.0,0.51,256.0,3146.36,0,PC3
7.0,27.0,0.07,5.0,15.0,0.16,95.0,360.36,0,PC3
1.0,0.0,0.0,0.0,2.0,0.0,2.0,0.0,0,PC3
8.0,37.0,0.05,0.0,20.0,0.34,176.0,1205.85,1,PC3
17.0,71.0,0.04,3.0,30.0,0.45,215.0,1829.97,0,PC3
2.0,13.0,0.22,1.0,6.0,0.04,33.0,33.0,0,PC3
5.0,21.0,0.05,0.0,16.0,0.13,82.0,476.66,0,PC3
5.0,23.0,0.04,0.0,14.0,0.22,134.0,868.52,0,PC3
9.0,30.0,0.11,0.0,13.0,0.14,83.0,219.23,0,PC3
2.0,18.0,0.12,0.0,10.0,0.17,98.0,229.6,0,PC3
6.0,34.0,0.05,0.0,20.0,0.34,172.0,1104.79,1,PC3
6.0,20.0,0.08,0.0,11.0,0.21,119.0,424.05,1,PC3
2.0,21.0,0.11,0.0,13.0,0.12,73.0,196.67,1,PC3
1.0,20.0,0.13,0.0,8.0,0.25,137.0,309.33,1,PC3
3.0,11.0,0.17,0.0,9.0,0.04,30.0,41.25,0,PC3
1.0,10.0,0.13,0.0,5.0,0.07,57.0,93.77,0,PC3
15.0,81.0,0.03,0.0,27.0,1.05,462.0,5241.04,1,PC3
4.0,23.0,0.06,0.0,17.0,0.14,79.0,372.07,1,PC3
5.0,28.0,0.06,0.0,17.0,0.25,134.0,719.85,0,PC3
3.0,13.0,0.23,0.0,7.0,0.04,31.0,29.44,0,PC3
1.0,0.0,0.0,0.0,2.0,0.0,2.0,0.0,0,PC3
9.0,33.0,0.03,5.0,30.0,0.41,207.0,2617.94,0,PC3
1.0,0.0,0.0,0.0,1.0,0.0,1.0,0.0,0,PC3
15.0,42.0,0.02,3.0,30.0,0.87,428.0,8970.46,0,PC3
1.0,0.0,0.0,0.0,1.0,0.0,1.0,0.0,0,PC3
19.0,78.0,0.01,3.0,37.0,1.02,471.0,12134.55,0,PC3
4.0,10.0,0.05,0.0,17.0,0.09,55.0,311.98,0,PC3
2.0,4.0,0.11,0.0,11.0,0.03,26.0,50.84,0,PC3
2.0,20.0,0.04,0.0,16.0,0.41,227.0,1729.66,0,PC3
1.0,0.0,0.0,0.0,1.0,0.0,1.0,0.0,0,PC3
3.0,5.0,0.1,0.0,13.0,0.05,36.0,90.18,0,PC3
11.0,24.0,0.03,0.0,26.0,0.26,144.0,1713.46,0,PC3
1.0,0.0,0.0,0.0,1.0,0.0,1.0,0.0,0,PC3
9.0,27.0,0.04,3.0,18.0,0.25,139.0,955.16,0,PC3
1.0,14.0,0.2,0.0,8.0,0.09,57.0,76.12,0,PC3
11.0,42.0,0.04,4.0,24.0,0.26,136.0,1008.77,0,PC3
11.0,42.0,0.04,4.0,24.0,0.26,136.0,1008.77,0,PC3
1.0,10.0,0.17,0.0,7.0,0.05,39.0,51.74,0,PC3
1.0,11.0,0.25,1.0,6.0,0.07,44.0,42.92,0,PC3
1.0,7.0,0.25,0.0,5.0,0.03,27.0,22.55,0,PC3
1.0,7.0,0.25,0.0,5.0,0.03,27.0,22.55,0,PC3
5.0,51.0,0.05,1.0,20.0,0.71,325.0,2366.93,1,PC3
1.0,22.0,0.21,0.0,5.0,0.3,161.0,236.58,0,PC3
3.0,31.0,0.06,0.0,15.0,0.51,252.0,1467.05,0,PC3
3.0,31.0,0.06,0.0,15.0,0.51,252.0,1467.05,0,PC3
5.0,28.0,0.06,0.0,17.0,0.2,113.0,583.68,1,PC3
1.0,7.0,0.23,0.0,7.0,0.03,25.0,23.74,0,PC3
1.0,5.0,0.27,0.0,5.0,0.01,9.0,5.26,0,PC3
1.0,3.0,0.5,0.0,4.0,0.01,7.0,2.18,0,PC3
1.0,3.0,0.5,0.0,4.0,0.01,6.0,1.72,0,PC3
1.0,6.0,0.11,0.0,9.0,0.02,20.0,37.0,0,PC3
1.0,6.0,0.19,2.0,6.0,0.02,17.0,16.47,0,PC3
1.0,3.0,0.5,0.0,4.0,0.01,6.0,1.72,0,PC3
1.0,6.0,0.13,0.0,8.0,0.02,19.0,30.27,0,PC3
1.0,6.0,0.23,2.0,5.0,0.02,16.0,12.33,0,PC3
1.0,3.0,0.29,0.0,7.0,0.01,10.0,6.16,0,PC3
1.0,5.0,0.21,0.0,7.0,0.01,12.0,10.33,0,PC3
1.0,3.0,0.5,0.0,4.0,0.01,6.0,1.72,0,PC3
1.0,16.0,0.19,1.0,8.0,0.1,64.0,92.12,0,PC3
3.0,13.0,0.09,0.0,14.0,0.08,49.0,146.37,0,PC3
1.0,6.0,0.14,0.0,8.0,0.03,21.0,31.08,0,PC3
3.0,15.0,0.1,0.0,13.0,0.1,59.0,166.04,0,PC3
1.0,8.0,0.2,0.0,6.0,0.04,31.0,33.64,0,PC3
4.0,20.0,0.07,1.0,14.0,0.09,57.0,208.39,0,PC3
1.0,9.0,0.13,0.0,7.0,0.13,81.0,162.53,0,PC3
4.0,23.0,0.04,3.0,16.0,0.19,116.0,902.22,0,PC3
4.0,22.0,0.1,0.0,15.0,0.09,56.0,150.98,0,PC3
3.0,10.0,0.09,0.0,15.0,0.05,31.0,85.54,0,PC3
1.0,12.0,0.2,0.0,8.0,0.07,48.0,61.19,0,PC3
2.0,11.0,0.19,0.0,9.0,0.04,31.0,39.51,0,PC3
2.0,10.0,0.22,0.0,8.0,0.03,24.0,23.81,0,PC3
14.0,84.0,0.02,2.0,28.0,0.51,256.0,3435.32,0,PC3
6.0,58.0,0.19,0.0,10.0,0.33,159.0,295.08,0,PC3
1.0,13.0,0.2,0.0,9.0,0.07,47.0,62.08,0,PC3
2.0,12.0,0.17,0.0,10.0,0.05,34.0,48.98,0,PC3
1.0,12.0,0.24,0.0,7.0,0.07,44.0,46.15,0,PC3
1.0,5.0,0.4,0.0,5.0,0.02,14.0,6.73,0,PC3
1.0,3.0,0.4,0.0,5.0,0.01,10.0,4.4,0,PC3
10.0,60.0,0.09,4.0,15.0,0.33,165.0,611.61,0,PC3
1.0,7.0,0.4,0.0,5.0,0.03,24.0,13.33,0,PC3
1.0,8.0,0.4,0.0,5.0,0.03,23.0,12.48,0,PC3
1.0,7.0,0.4,0.0,5.0,0.03,24.0,13.33,0,PC3
1.0,15.0,0.24,2.0,6.0,0.08,55.0,58.37,0,PC3
2.0,12.0,0.18,0.0,10.0,0.04,27.0,35.4,0,PC3
3.0,12.0,0.14,0.0,11.0,0.05,32.0,56.35,0,PC3
7.0,39.0,0.04,1.0,21.0,0.33,173.0,1354.78,0,PC3
5.0,19.0,0.16,2.0,10.0,0.09,54.0,92.05,0,PC3
1.0,3.0,0.5,0.0,4.0,0.01,7.0,2.18,0,PC3
4.0,14.0,0.14,0.0,8.0,0.04,31.0,45.89,1,PC3
1.0,6.0,0.26,0.0,6.0,0.02,20.0,15.86,0,PC3
1.0,5.0,0.4,0.0,5.0,0.02,14.0,6.73,0,PC3
9.0,24.0,0.06,0.0,11.0,0.21,129.0,617.01,1,PC3
9.0,24.0,0.06,0.0,11.0,0.21,129.0,617.01,1,PC3
3.0,14.0,0.09,0.0,12.0,0.08,50.0,140.1,0,PC3
3.0,14.0,0.08,0.0,13.0,0.08,49.0,150.65,0,PC3
4.0,11.0,0.09,0.0,12.0,0.09,59.0,165.07,1,PC3
3.0,10.0,0.09,0.0,13.0,0.07,45.0,128.69,0,PC3
3.0,10.0,0.09,0.0,13.0,0.07,45.0,128.69,1,PC3
4.0,10.0,0.09,0.0,13.0,0.08,52.0,149.37,1,PC3
3.0,12.0,0.09,0.0,12.0,0.08,53.0,155.25,0,PC3
3.0,12.0,0.09,0.0,12.0,0.08,53.0,155.25,0,PC3
4.0,9.0,0.08,0.0,14.0,0.07,45.0,140.37,0,PC3
4.0,10.0,0.1,0.0,12.0,0.08,52.0,136.22,0,PC3
4.0,10.0,0.09,0.0,13.0,0.08,52.0,149.37,1,PC3
7.0,25.0,0.07,0.0,11.0,0.19,119.0,480.86,1,PC3
21.0,50.0,0.02,1.0,30.0,0.78,384.0,8570.73,0,PC3
2.0,8.0,0.13,0.0,8.0,0.04,31.0,51.67,0,PC3
2.0,8.0,0.19,0.0,8.0,0.02,19.0,21.43,0,PC3
3.0,11.0,0.07,1.0,14.0,0.06,42.0,155.98,0,PC3
2.0,10.0,0.13,1.0,11.0,0.05,35.0,65.03,0,PC3
27.0,117.0,0.04,1.0,25.0,1.06,485.0,5023.14,0,PC3
8.0,28.0,0.06,1.0,15.0,0.13,78.0,338.32,0,PC3
1.0,10.0,0.16,0.0,10.0,0.04,26.0,37.96,0,PC3
12.0,46.0,0.03,5.0,23.0,0.33,178.0,1829.83,0,PC3
1.0,5.0,0.33,0.0,6.0,0.01,12.0,6.92,0,PC3
1.0,4.0,0.29,0.0,7.0,0.01,11.0,7.4,0,PC3
1.0,5.0,0.21,0.0,7.0,0.03,21.0,20.15,0,PC3
4.0,7.0,0.1,0.0,11.0,0.05,32.0,72.69,0,PC3
48.0,106.0,0.01,3.0,13.0,1.81,1007.0,34822.1,0,PC3
5.0,11.0,0.06,1.0,13.0,0.1,63.0,274.99,0,PC3
3.0,7.0,0.11,0.0,9.0,0.06,40.0,84.96,0,PC3
6.0,19.0,0.06,1.0,16.0,0.11,69.0,303.86,0,PC3
41.0,349.0,0.02,0.0,22.0,4.05,1565.0,28572.79,0,PC3
118.0,627.0,0.01,0.0,25.0,10.06,3680.0,139594.26,0,PC3
4.0,16.0,0.07,0.0,14.0,0.09,59.0,212.73,0,PC3
8.0,24.0,0.02,0.0,18.0,0.15,95.0,1129.29,0,PC3
1.0,5.0,0.17,0.0,8.0,0.02,15.0,17.92,0,PC3
1.0,5.0,0.1,0.0,6.0,0.06,52.0,109.96,0,PC3
1.0,5.0,0.12,0.0,5.0,0.06,49.0,83.65,0,PC3
9.0,47.0,0.01,9.0,24.0,0.8,447.0,19628.18,0,PC3
1.0,7.0,0.07,0.0,9.0,0.08,56.0,193.13,0,PC3
2.0,25.0,0.01,0.0,15.0,0.45,287.0,7102.83,0,PC3
1.0,6.0,0.09,0.0,7.0,0.08,60.0,155.56,0,PC3
1.0,21.0,0.03,0.0,10.0,0.45,281.0,2969.16,0,PC3
3.0,17.0,0.04,0.0,18.0,0.2,115.0,891.81,0,PC3
6.0,17.0,0.04,0.0,17.0,0.12,74.0,466.84,0,PC3
5.0,16.0,0.07,0.0,11.0,0.12,79.0,296.26,0,PC3
7.0,29.0,0.05,0.0,13.0,0.2,122.0,703.28,0,PC3
1.0,4.0,0.4,0.0,4.0,0.01,11.0,4.58,0,PC3
58.0,199.0,0.02,0.0,18.0,2.39,1079.0,22158.53,0,PC3
4.0,16.0,0.05,0.0,15.0,0.09,60.0,325.07,0,PC3
1.0,4.0,0.32,0.0,5.0,0.01,11.0,6.05,0,PC3
1.0,12.0,0.09,0.0,6.0,0.16,111.0,285.56,0,PC3
2.0,6.0,0.5,0.0,4.0,0.01,11.0,3.67,0,PC3
1.0,5.0,0.29,0.0,7.0,0.01,12.0,8.36,0,PC3
25.0,52.0,0.03,0.0,13.0,0.41,249.0,2621.31,0,PC3
2.0,4.0,0.16,0.0,7.0,0.02,14.0,16.48,0,PC3
4.0,21.0,0.09,0.0,11.0,0.06,42.0,109.03,0,PC3
1.0,24.0,0.05,0.0,11.0,0.31,186.0,1133.73,0,PC3
2.0,4.0,0.14,0.0,7.0,0.01,13.0,16.79,0,PC3
9.0,31.0,0.03,0.0,17.0,0.27,154.0,1307.01,0,PC3
2.0,12.0,0.07,0.0,12.0,0.06,44.0,142.62,0,PC3
3.0,10.0,0.05,0.0,16.0,0.07,49.0,237.14,0,PC3
6.0,24.0,0.03,3.0,18.0,0.17,102.0,991.03,0,PC3
3.0,10.0,0.06,0.0,15.0,0.07,45.0,190.84,0,PC3
4.0,14.0,0.05,0.0,17.0,0.08,53.0,290.56,0,PC3
1.0,4.0,0.14,0.0,10.0,0.02,19.0,28.87,0,PC3
1.0,4.0,0.25,0.0,8.0,0.02,14.0,11.15,0,PC3
1.0,4.0,0.67,0.0,3.0,0.0,5.0,0.97,0,PC3
4.0,13.0,0.04,0.0,21.0,0.15,88.0,690.01,0,PC3
3.0,12.0,0.08,0.0,11.0,0.06,42.0,122.66,0,PC3
47.0,63.0,0.02,1.0,24.0,0.89,450.0,7742.02,0,PC3
7.0,23.0,0.04,0.0,18.0,0.22,122.0,826.35,0,PC3
13.0,30.0,0.05,0.0,13.0,0.4,213.0,1247.61,0,PC3
15.0,52.0,0.03,3.0,25.0,0.7,334.0,4489.59,0,PC3
15.0,37.0,0.05,0.0,20.0,0.58,272.0,1824.45,0,PC3
9.0,28.0,0.04,0.0,19.0,0.17,100.0,656.81,0,PC3
1.0,5.0,2.0,0.0,1.0,0.0,2.0,0.06,0,PC3
1.0,4.0,0.33,0.0,6.0,0.01,9.0,4.75,0,PC3
2.0,8.0,0.16,0.0,11.0,0.03,24.0,34.95,0,PC3
9.0,19.0,0.04,0.0,22.0,0.22,125.0,968.0,0,PC3
2.0,5.0,0.21,1.0,8.0,0.02,17.0,16.78,0,PC3
2.0,5.0,0.21,1.0,8.0,0.02,17.0,16.78,0,PC3
57.0,142.0,0.02,6.0,34.0,2.3,952.0,23747.27,0,PC3
3.0,8.0,0.1,0.0,13.0,0.04,28.0,68.67,0,PC3
1.0,10.0,0.1,0.0,10.0,0.05,34.0,77.21,0,PC3
5.0,11.0,0.05,0.0,12.0,0.05,38.0,177.33,0,PC3
3.0,14.0,0.13,1.0,12.0,0.06,39.0,74.51,0,PC3
2.0,15.0,0.13,1.0,14.0,0.07,45.0,91.24,0,PC3
4.0,23.0,0.1,2.0,12.0,0.09,59.0,147.53,1,PC3
3.0,32.0,0.07,1.0,15.0,0.21,117.0,481.91,0,PC3
10.0,75.0,0.03,1.0,20.0,0.86,407.0,4653.03,0,PC3
17.0,101.0,0.04,8.0,20.0,0.85,395.0,3629.63,0,PC3
11.0,39.0,0.03,1.0,24.0,0.36,186.0,1841.07,1,PC3
3.0,28.0,0.06,1.0,16.0,0.22,122.0,575.02,0,PC3
4.0,23.0,0.06,4.0,17.0,0.19,105.0,534.74,0,PC3
4.0,26.0,0.04,2.0,22.0,0.34,178.0,1565.01,1,PC3
1.0,5.0,0.16,0.0,9.0,0.02,17.0,22.65,0,PC3
4.0,28.0,0.04,3.0,19.0,0.27,148.0,1150.54,0,PC3
2.0,13.0,0.11,0.0,10.0,0.07,48.0,104.05,0,PC3
3.0,21.0,0.08,0.0,13.0,0.15,88.0,314.87,0,PC3
1.0,0.0,0.0,0.0,2.0,0.0,2.0,0.0,0,PC3
2.0,8.0,0.19,0.0,9.0,0.02,18.0,20.51,0,PC3
1.0,5.0,0.23,0.0,7.0,0.01,13.0,10.93,0,PC3
4.0,10.0,0.07,0.0,12.0,0.05,35.0,113.28,0,PC3
7.0,31.0,0.09,3.0,16.0,0.2,107.0,388.38,0,PC3
19.0,81.0,0.02,1.0,29.0,0.61,294.0,4098.02,0,PC3
2.0,12.0,0.16,0.0,9.0,0.04,29.0,40.75,0,PC3
1.0,5.0,0.5,0.0,4.0,0.01,10.0,3.33,0,PC3
3.0,15.0,0.1,1.0,11.0,0.06,43.0,103.88,0,PC3
1.0,8.0,0.22,0.0,7.0,0.03,21.0,19.99,0,PC3
3.0,22.0,0.09,0.0,8.0,0.2,125.0,390.32,0,PC3
15.0,91.0,0.02,1.0,23.0,0.77,382.0,6124.13,1,PC3
6.0,33.0,0.11,0.0,14.0,0.21,110.0,314.44,0,PC3
7.0,28.0,0.03,2.0,20.0,0.24,135.0,1355.71,0,PC3
4.0,8.0,0.1,0.0,10.0,0.04,27.0,60.0,0,PC3
7.0,35.0,0.05,2.0,20.0,0.31,160.0,1098.32,0,PC3
3.0,13.0,0.06,0.0,14.0,0.1,63.0,268.83,0,PC3
7.0,18.0,0.06,2.0,17.0,0.22,124.0,562.71,0,PC3
2.0,14.0,0.11,0.0,11.0,0.08,52.0,126.49,0,PC3
4.0,33.0,0.05,2.0,20.0,0.28,147.0,872.88,1,PC3
1.0,3.0,0.67,0.0,3.0,0.0,4.0,0.67,0,PC3
4.0,13.0,0.1,0.0,13.0,0.06,41.0,107.16,0,PC3
6.0,29.0,0.06,3.0,14.0,0.23,127.0,597.81,0,PC3
3.0,19.0,0.14,0.0,10.0,0.13,78.0,160.03,0,PC3
1.0,3.0,0.33,0.0,6.0,0.01,11.0,6.09,0,PC3
13.0,69.0,0.04,1.0,22.0,0.6,284.0,2349.83,0,PC3
9.0,55.0,0.1,1.0,15.0,0.23,121.0,387.58,0,PC3
2.0,14.0,0.1,2.0,11.0,0.11,68.0,185.24,0,PC3
2.0,8.0,0.12,0.0,10.0,0.03,26.0,48.15,0,PC3
4.0,16.0,0.06,0.0,17.0,0.09,54.0,254.62,0,PC3
2.0,12.0,0.14,1.0,6.0,0.06,47.0,74.81,0,PC3
1.0,3.0,0.29,0.0,7.0,0.01,9.0,5.55,0,PC3
3.0,23.0,0.09,1.0,14.0,0.14,81.0,269.29,0,PC3
3.0,26.0,0.12,0.0,10.0,0.13,80.0,178.25,0,PC3
13.0,83.0,0.05,2.0,21.0,0.7,321.0,2387.44,0,PC3
8.0,54.0,0.05,2.0,19.0,0.46,228.0,1684.67,0,PC3
4.0,18.0,0.16,0.0,11.0,0.07,42.0,68.11,0,PC3
5.0,21.0,0.05,2.0,14.0,0.14,90.0,492.75,0,PC3
1.0,10.0,0.17,0.0,8.0,0.05,37.0,53.3,0,PC3
5.0,18.0,0.11,0.0,12.0,0.09,57.0,142.72,0,PC3
6.0,25.0,0.08,4.0,13.0,0.14,84.0,286.59,0,PC3
5.0,20.0,0.13,0.0,12.0,0.15,87.0,204.37,0,PC3
1.0,0.0,0.0,0.0,2.0,0.0,2.0,0.0,0,PC3
3.0,12.0,0.1,0.0,11.0,0.06,41.0,101.58,0,PC3
1.0,3.0,0.33,0.0,6.0,0.01,10.0,5.54,0,PC3
1.0,4.0,0.25,0.0,8.0,0.02,14.0,11.51,0,PC3
3.0,14.0,0.09,0.0,12.0,0.06,39.0,101.51,0,PC3
1.0,5.0,0.19,0.0,8.0,0.03,20.0,22.56,0,PC3
9.0,54.0,0.05,0.0,24.0,0.36,176.0,1130.85,0,PC3
1.0,3.0,0.67,0.0,3.0,0.0,4.0,0.67,0,PC3
1.0,3.0,0.67,0.0,3.0,0.0,4.0,0.67,0,PC3
1.0,4.0,0.33,0.0,6.0,0.01,9.0,4.75,0,PC3
3.0,14.0,0.1,1.0,13.0,0.07,42.0,111.52,0,PC3
1.0,10.0,0.16,0.0,10.0,0.04,26.0,37.96,0,PC3
1.0,10.0,0.17,0.0,9.0,0.03,22.0,28.65,0,PC3
54.0,75.0,0.01,0.0,38.0,1.55,694.0,19216.15,0,PC3
37.0,67.0,0.02,0.0,37.0,1.03,469.0,9460.88,0,PC3
4.0,31.0,0.06,8.0,17.0,0.24,130.0,657.05,0,PC3
3.0,23.0,0.14,5.0,12.0,0.15,82.0,181.78,0,PC3
5.0,31.0,0.1,7.0,14.0,0.22,118.0,364.84,0,PC3
6.0,37.0,0.07,9.0,16.0,0.3,155.0,735.27,1,PC3
2.0,6.0,0.15,0.0,10.0,0.05,34.0,56.16,0,PC3
7.0,27.0,0.09,8.0,14.0,0.19,103.0,333.52,0,PC3
6.0,34.0,0.1,9.0,16.0,0.21,111.0,351.03,0,PC3
3.0,12.0,0.16,0.0,10.0,0.08,48.0,81.9,0,PC3
11.0,70.0,0.05,15.0,19.0,0.74,339.0,2366.38,0,PC3
8.0,52.0,0.05,9.0,20.0,0.54,260.0,1885.54,0,PC3
1.0,0.0,0.0,0.0,2.0,0.0,2.0,0.0,0,PC3
5.0,25.0,0.05,5.0,16.0,0.17,99.0,559.62,0,PC3
2.0,11.0,0.11,2.0,10.0,0.1,63.0,151.74,0,PC3
3.0,18.0,0.05,2.0,15.0,0.15,91.0,468.38,0,PC3
16.0,85.0,0.04,21.0,25.0,0.8,365.0,3766.71,0,PC3
5.0,37.0,0.08,6.0,14.0,0.37,186.0,763.84,1,PC3
14.0,54.0,0.03,11.0,25.0,0.4,209.0,2489.33,0,PC3
17.0,106.0,0.03,23.0,27.0,0.95,431.0,6065.01,0,PC3
5.0,23.0,0.08,5.0,16.0,0.18,98.0,393.91,0,PC3
1.0,12.0,0.19,1.0,7.0,0.11,66.0,94.01,0,PC3
1.0,5.0,0.16,0.0,8.0,0.02,20.0,26.31,0,PC3
1.0,5.0,0.16,0.0,8.0,0.02,20.0,26.31,0,PC3
1.0,6.0,0.2,0.0,8.0,0.04,31.0,34.44,0,PC3
8.0,26.0,0.06,5.0,16.0,0.21,114.0,529.5,0,PC3
4.0,19.0,0.11,2.0,15.0,0.09,54.0,132.35,0,PC3
11.0,39.0,0.08,1.0,21.0,0.21,110.0,448.91,0,PC3
1.0,12.0,0.18,1.0,7.0,0.11,68.0,99.89,0,PC3
3.0,11.0,0.12,2.0,14.0,0.08,47.0,111.86,0,PC3
3.0,11.0,0.12,2.0,14.0,0.08,47.0,111.86,0,PC3
2.0,6.0,0.16,0.0,9.0,0.05,32.0,47.15,0,PC3
7.0,58.0,0.05,10.0,21.0,0.51,243.0,1655.57,1,PC3
2.0,14.0,0.13,3.0,12.0,0.08,49.0,102.68,0,PC3
1.0,0.0,0.0,0.0,2.0,0.0,2.0,0.0,0,PC3
4.0,22.0,0.1,4.0,13.0,0.14,81.0,233.32,0,PC3
5.0,31.0,0.07,5.0,16.0,0.26,136.0,652.18,0,PC3
10.0,62.0,0.04,9.0,22.0,0.55,262.0,2167.45,1,PC3
5.0,24.0,0.07,7.0,16.0,0.16,93.0,417.93,0,PC3
5.0,12.0,0.12,1.0,12.0,0.08,50.0,115.18,0,PC3
1.0,16.0,0.16,0.0,5.0,0.13,89.0,136.68,0,PC3
7.0,37.0,0.04,4.0,20.0,0.54,262.0,2193.36,1,PC3
10.0,40.0,0.07,7.0,17.0,0.43,210.0,1107.08,0,PC3
7.0,32.0,0.09,6.0,20.0,0.16,84.0,289.13,0,PC3
2.0,6.0,0.15,0.0,8.0,0.03,21.0,29.61,0,PC3
2.0,7.0,0.29,0.0,7.0,0.02,17.0,12.23,0,PC3
1.0,6.0,0.2,1.0,7.0,0.02,17.0,16.59,0,PC3
1.0,6.0,0.2,0.0,7.0,0.03,22.0,23.27,0,PC3
1.0,13.0,0.1,0.0,8.0,0.06,46.0,102.14,0,PC3
9.0,21.0,0.04,3.0,17.0,0.16,94.0,621.44,0,PC3
3.0,14.0,0.1,0.0,11.0,0.11,69.0,185.13,0,PC3
4.0,9.0,0.05,0.0,14.0,0.07,45.0,208.64,0,PC3
7.0,17.0,0.05,0.0,16.0,0.19,112.0,671.91,0,PC3
4.0,11.0,0.08,0.0,9.0,0.13,83.0,274.89,0,PC3
5.0,11.0,0.04,0.0,15.0,0.12,77.0,479.84,0,PC3
6.0,16.0,0.06,0.0,10.0,0.11,74.0,303.69,0,PC3
6.0,24.0,0.08,1.0,14.0,0.14,84.0,304.63,0,PC3
1.0,15.0,0.1,0.0,9.0,0.1,68.0,160.3,0,PC3
1.0,15.0,0.09,0.0,9.0,0.1,68.0,173.32,0,PC3
1.0,10.0,0.11,0.0,10.0,0.06,42.0,91.22,0,PC3
2.0,16.0,0.08,0.0,12.0,0.11,70.0,222.88,0,PC3
1.0,15.0,0.1,0.0,10.0,0.1,70.0,180.65,0,PC3
2.0,18.0,0.08,0.0,12.0,0.13,84.0,282.03,0,PC3
3.0,12.0,0.12,0.0,10.0,0.05,36.0,70.8,0,PC3
3.0,11.0,0.12,0.0,10.0,0.05,36.0,70.8,0,PC3
6.0,23.0,0.04,0.0,20.0,0.2,116.0,849.17,0,PC3
6.0,38.0,0.08,0.0,20.0,0.2,103.0,417.15,0,PC3
5.0,35.0,0.08,0.0,16.0,0.19,104.0,391.48,0,PC3
5.0,37.0,0.07,0.0,16.0,0.22,119.0,502.26,0,PC3
1.0,6.0,0.29,1.0,7.0,0.02,16.0,11.85,0,PC3
1.0,6.0,0.25,0.0,4.0,0.03,25.0,18.46,0,PC3
1.0,15.0,0.16,0.0,7.0,0.16,93.0,162.75,0,PC3
25.0,118.0,0.03,1.0,33.0,0.84,368.0,4069.25,1,PC3
6.0,46.0,0.11,2.0,13.0,0.25,130.0,383.17,0,PC3
3.0,39.0,0.09,4.0,11.0,0.39,199.0,745.47,0,PC3
11.0,49.0,0.07,10.0,22.0,0.24,125.0,572.87,0,PC3
2.0,22.0,0.07,0.0,16.0,0.18,103.0,420.79,1,PC3
6.0,51.0,0.05,2.0,20.0,0.46,227.0,1638.7,0,PC3
8.0,66.0,0.03,2.0,26.0,0.55,268.0,3382.04,0,PC3
7.0,55.0,0.05,2.0,22.0,0.32,160.0,1018.33,0,PC3
4.0,33.0,0.08,1.0,17.0,0.2,106.0,429.03,0,PC3
2.0,12.0,0.19,0.0,9.0,0.04,29.0,36.96,0,PC3
1.0,7.0,0.29,0.0,7.0,0.02,16.0,11.85,0,PC3
1.0,7.0,0.29,0.0,7.0,0.02,16.0,11.85,0,PC3
1.0,7.0,0.29,0.0,7.0,0.02,16.0,11.85,0,PC3
1.0,6.0,0.29,0.0,7.0,0.02,14.0,10.07,0,PC3
1.0,7.0,0.29,0.0,7.0,0.02,16.0,11.85,0,PC3
1.0,6.0,0.29,0.0,7.0,0.02,14.0,10.07,0,PC3
1.0,7.0,0.29,0.0,7.0,0.02,18.0,13.67,0,PC3
1.0,6.0,0.29,0.0,7.0,0.02,16.0,11.85,0,PC3
16.0,102.0,0.05,5.0,21.0,0.89,389.0,2801.56,1,PC3
4.0,27.0,0.11,0.0,12.0,0.17,96.0,261.52,0,PC3
11.0,74.0,0.04,5.0,23.0,0.72,329.0,3020.65,0,PC3
8.0,66.0,0.03,2.0,26.0,0.57,279.0,3592.87,0,PC3
5.0,43.0,0.07,5.0,18.0,0.3,152.0,676.36,1,PC3
1.0,6.0,0.29,0.0,7.0,0.02,14.0,10.07,0,PC3
1.0,11.0,0.28,0.0,4.0,0.08,55.0,46.73,0,PC3
38.0,147.0,0.03,3.0,26.0,1.44,624.0,8999.22,1,PC3
31.0,132.0,0.03,4.0,26.0,1.28,565.0,8433.28,0,PC3
2.0,10.0,0.08,0.0,10.0,0.04,27.0,70.32,0,PC3
20.0,146.0,0.03,2.0,25.0,0.95,428.0,4816.33,1,PC3
2.0,17.0,0.18,1.0,10.0,0.09,54.0,84.93,0,PC3
1.0,9.0,0.26,1.0,7.0,0.03,25.0,21.86,0,PC3
1.0,5.0,0.29,0.0,7.0,0.01,11.0,7.11,0,PC3
1.0,13.0,0.17,0.0,5.0,0.1,69.0,95.96,0,PC3
1.0,0.0,0.0,0.0,2.0,0.0,2.0,0.0,0,PC3
1.0,0.0,0.0,0.0,2.0,0.0,2.0,0.0,0,PC3
4.0,18.0,0.03,1.0,23.0,0.58,313.0,3484.53,0,PC3
2.0,13.0,0.06,1.0,15.0,0.18,111.0,513.09,0,PC3
2.0,7.0,0.25,0.0,6.0,0.02,19.0,15.14,0,PC3
2.0,6.0,0.1,0.0,12.0,0.07,48.0,121.01,0,PC3
3.0,19.0,0.07,1.0,15.0,0.19,108.0,445.96,0,PC3
4.0,11.0,0.07,0.0,16.0,0.06,41.0,150.44,0,PC3
5.0,39.0,0.03,0.0,29.0,0.33,171.0,1725.18,0,PC3
4.0,8.0,0.06,0.0,14.0,0.05,36.0,151.27,0,PC3
5.0,31.0,0.02,0.0,27.0,1.03,509.0,8218.62,0,PC3
5.0,45.0,0.02,14.0,26.0,0.91,446.0,6775.47,0,PC3
2.0,7.0,0.09,1.0,16.0,0.1,62.0,185.35,0,PC3
2.0,7.0,0.09,1.0,16.0,0.11,65.0,205.11,0,PC3
7.0,26.0,0.04,0.0,19.0,0.19,109.0,760.14,0,PC3
3.0,16.0,0.05,0.0,14.0,0.1,64.0,308.11,0,PC3
6.0,21.0,0.05,1.0,20.0,0.2,113.0,661.65,0,PC3
5.0,48.0,0.02,1.0,32.0,0.81,377.0,5862.34,0,PC3
13.0,34.0,0.03,0.0,26.0,0.72,353.0,3800.02,0,PC3
1.0,7.0,0.3,0.0,4.0,0.01,13.0,6.76,0,PC3
3.0,11.0,0.06,1.0,13.0,0.07,47.0,186.37,0,PC3
2.0,9.0,0.1,1.0,9.0,0.05,34.0,72.86,0,PC3
2.0,6.0,0.07,0.0,14.0,0.11,70.0,275.82,0,PC3
1.0,4.0,0.1,0.0,10.0,0.04,32.0,69.46,0,PC3
1.0,14.0,0.03,0.0,15.0,0.47,279.0,2801.45,0,PC3
3.0,18.0,0.09,0.0,13.0,0.1,63.0,189.57,0,PC3
1.0,9.0,0.03,0.0,10.0,0.27,187.0,1347.0,0,PC3
3.0,18.0,0.09,0.0,13.0,0.1,63.0,189.57,0,PC3
5.0,10.0,0.04,1.0,17.0,0.11,66.0,416.37,0,PC3
3.0,8.0,0.08,0.0,11.0,0.07,48.0,142.7,0,PC3
4.0,14.0,0.05,0.0,11.0,0.08,57.0,249.7,0,PC3
2.0,6.0,0.5,0.0,4.0,0.01,7.0,2.0,0,PC3
1.0,10.0,0.17,0.0,9.0,0.03,22.0,28.65,0,PC3
4.0,12.0,0.05,0.0,16.0,0.11,66.0,364.29,0,PC3
6.0,19.0,0.04,0.0,14.0,0.14,87.0,530.11,0,PC3
7.0,11.0,0.04,0.0,13.0,0.1,69.0,451.45,0,PC3
4.0,13.0,0.04,0.0,16.0,0.11,70.0,430.34,0,PC3
1.0,5.0,0.14,0.0,9.0,0.04,33.0,51.86,0,PC3
7.0,14.0,0.07,0.0,16.0,0.14,82.0,347.74,0,PC3
4.0,31.0,0.02,1.0,18.0,0.4,222.0,2668.52,0,PC3
6.0,35.0,0.02,1.0,15.0,0.48,278.0,3620.57,0,PC3
4.0,6.0,0.1,0.0,11.0,0.05,32.0,72.69,0,PC3
1.0,7.0,0.17,0.0,9.0,0.02,19.0,24.74,0,PC3
2.0,6.0,0.15,0.0,8.0,0.03,20.0,28.2,0,PC3
4.0,12.0,0.05,0.0,16.0,0.11,66.0,364.29,0,PC3
2.0,6.0,0.11,0.0,8.0,0.02,19.0,34.06,0,PC3
3.0,7.0,0.08,0.0,12.0,0.06,41.0,133.4,0,PC3
1.0,3.0,0.67,0.0,3.0,0.0,5.0,0.97,0,PC3
2.0,6.0,0.12,0.0,10.0,0.05,33.0,64.9,0,PC3
5.0,8.0,0.05,0.0,11.0,0.08,59.0,268.03,0,PC3
3.0,8.0,0.09,0.0,10.0,0.07,47.0,129.78,0,PC3
2.0,42.0,0.04,0.0,14.0,0.96,471.0,4542.68,0,PC3
2.0,6.0,0.17,0.0,6.0,0.01,13.0,13.0,0,PC3
3.0,7.0,0.09,0.0,10.0,0.07,47.0,129.78,0,PC3
1.0,4.0,0.29,0.0,6.0,0.02,15.0,10.46,0,PC3
3.0,15.0,0.09,1.0,12.0,0.13,79.0,256.75,0,PC3
3.0,9.0,0.17,1.0,9.0,0.04,30.0,41.25,0,PC3
3.0,13.0,0.04,1.0,14.0,0.09,60.0,395.31,0,PC3
5.0,11.0,0.06,0.0,13.0,0.1,63.0,274.99,0,PC3
2.0,14.0,0.07,0.0,10.0,0.09,63.0,226.9,0,PC3
4.0,17.0,0.09,0.0,10.0,0.09,63.0,176.59,0,PC3
49.0,69.0,0.01,0.0,16.0,1.92,1018.0,39279.32,0,PC3
2.0,4.0,0.19,0.0,7.0,0.01,13.0,13.12,0,PC3
3.0,6.0,0.15,0.0,9.0,0.04,30.0,45.17,0,PC3
7.0,17.0,0.03,0.0,15.0,0.17,111.0,1138.33,0,PC3
1.0,4.0,0.17,0.0,8.0,0.02,16.0,19.12,0,PC3
3.0,6.0,0.11,0.0,9.0,0.06,40.0,84.96,0,PC3
3.0,7.0,0.08,0.0,12.0,0.07,44.0,137.35,0,PC3
2.0,7.0,0.12,0.0,10.0,0.05,33.0,64.9,0,PC3
1.0,5.0,0.25,0.0,4.0,0.02,17.0,10.61,0,PC3
4.0,12.0,0.05,0.0,16.0,0.11,66.0,364.29,0,PC3
2.0,12.0,0.09,0.0,8.0,0.06,46.0,112.44,0,PC3
3.0,12.0,0.09,1.0,13.0,0.09,58.0,175.32,0,PC3
3.0,8.0,0.09,0.0,14.0,0.09,57.0,176.75,0,PC3
6.0,14.0,0.05,0.0,17.0,0.1,63.0,314.42,0,PC3
8.0,24.0,0.02,0.0,17.0,0.22,136.0,1585.95,0,PC3
1.0,4.0,0.19,0.0,8.0,0.02,18.0,20.31,0,PC3
8.0,18.0,0.04,0.0,19.0,0.23,131.0,1068.81,0,PC3
10.0,23.0,0.03,0.0,18.0,0.2,119.0,1040.55,0,PC3
8.0,11.0,0.05,0.0,15.0,0.11,70.0,379.25,0,PC3
8.0,22.0,0.04,0.0,15.0,0.13,83.0,546.04,0,PC3
7.0,8.0,0.05,0.0,13.0,0.06,44.0,211.07,0,PC3
5.0,10.0,0.05,0.0,11.0,0.05,42.0,175.48,0,PC3
2.0,9.0,0.09,0.0,10.0,0.04,32.0,77.04,0,PC3
4.0,6.0,0.08,0.0,10.0,0.03,26.0,71.27,0,PC3
5.0,11.0,0.05,0.0,11.0,0.05,41.0,170.38,0,PC3
3.0,7.0,0.05,0.0,11.0,0.04,29.0,112.46,0,PC3
1.0,7.0,0.15,0.0,9.0,0.03,22.0,32.22,0,PC3
4.0,6.0,0.1,0.0,10.0,0.03,27.0,57.11,0,PC3
6.0,7.0,0.06,0.0,12.0,0.05,39.0,143.0,0,PC3
4.0,10.0,0.04,0.0,13.0,0.06,41.0,226.94,0,PC3
6.0,9.0,0.05,0.0,13.0,0.06,45.0,189.73,0,PC3
2.0,5.0,0.13,0.0,10.0,0.03,21.0,35.0,0,PC3
3.0,7.0,0.08,0.0,10.0,0.03,23.0,63.04,0,PC3
6.0,9.0,0.04,0.0,13.0,0.08,57.0,317.71,0,PC3
6.0,11.0,0.04,0.0,14.0,0.07,47.0,248.46,0,PC3
8.0,11.0,0.04,0.0,16.0,0.09,60.0,356.75,0,PC3
5.0,10.0,0.05,0.0,14.0,0.06,43.0,213.1,0,PC3
7.0,11.0,0.03,0.0,14.0,0.07,51.0,351.49,0,PC3
19.0,27.0,0.02,0.0,22.0,0.43,238.0,3307.21,0,PC3
3.0,7.0,0.11,0.0,11.0,0.03,24.0,46.93,0,PC3
9.0,16.0,0.03,0.0,17.0,0.11,73.0,597.76,0,PC3
4.0,7.0,0.05,0.0,14.0,0.05,36.0,166.52,0,PC3
6.0,12.0,0.05,0.0,19.0,0.09,57.0,336.13,0,PC3
6.0,12.0,0.04,0.0,20.0,0.1,61.0,415.72,0,PC3
3.0,10.0,0.05,0.0,14.0,0.07,49.0,251.09,0,PC3
3.0,8.0,0.07,0.0,13.0,0.05,32.0,106.36,0,PC3
3.0,7.0,0.11,0.0,10.0,0.03,22.0,40.72,0,PC3
5.0,18.0,0.04,0.0,14.0,0.11,72.0,499.46,0,PC3
5.0,11.0,0.05,0.0,12.0,0.06,42.0,194.56,0,PC3
9.0,16.0,0.03,0.0,15.0,0.1,69.0,521.87,0,PC3
4.0,12.0,0.07,0.0,12.0,0.07,50.0,180.08,0,PC3
3.0,5.0,0.07,0.0,10.0,0.02,19.0,56.76,0,PC3
3.0,5.0,0.07,0.0,10.0,0.02,19.0,56.76,0,PC3
3.0,8.0,0.07,0.0,13.0,0.05,37.0,131.99,0,PC3
7.0,20.0,0.05,0.0,18.0,0.23,127.0,785.61,0,PC3
43.0,140.0,0.03,4.0,27.0,2.27,920.0,15141.69,0,PC3
10.0,46.0,0.04,3.0,14.0,0.33,186.0,1315.15,0,PC3
6.0,17.0,0.05,0.0,12.0,0.1,67.0,337.83,0,PC3
5.0,24.0,0.07,0.0,12.0,0.17,101.0,412.59,0,PC3
3.0,12.0,0.1,0.0,9.0,0.07,46.0,107.47,0,PC3
15.0,36.0,0.04,0.0,19.0,0.36,193.0,1643.12,0,PC3
3.0,8.0,0.18,0.0,9.0,0.04,26.0,33.21,0,PC3
16.0,45.0,0.04,0.0,21.0,0.42,210.0,1652.82,0,PC3
4.0,13.0,0.12,1.0,10.0,0.08,50.0,106.32,0,PC3
3.0,12.0,0.07,0.0,11.0,0.05,36.0,112.41,0,PC3
3.0,10.0,0.08,0.0,11.0,0.04,28.0,75.29,0,PC3
5.0,24.0,0.04,1.0,17.0,0.18,107.0,695.57,0,PC3
10.0,24.0,0.08,0.0,14.0,0.19,109.0,425.15,0,PC3
11.0,30.0,0.04,2.0,14.0,0.25,151.0,1180.8,0,PC3
4.0,18.0,0.07,1.0,13.0,0.09,59.0,222.01,0,PC3
10.0,74.0,0.03,9.0,16.0,0.35,200.0,1793.69,1,PC3
1.0,9.0,0.26,0.0,7.0,0.04,26.0,22.73,1,PC3
1.0,6.0,0.29,0.0,7.0,0.02,16.0,11.85,0,PC3
5.0,33.0,0.08,1.0,14.0,0.2,112.0,427.94,0,PC3
2.0,18.0,0.16,1.0,9.0,0.12,73.0,129.97,1,PC3
17.0,116.0,0.04,4.0,28.0,0.94,405.0,3758.01,0,PC3
5.0,31.0,0.09,1.0,16.0,0.17,95.0,319.83,1,PC3
2.0,15.0,0.16,0.0,10.0,0.08,52.0,88.73,0,PC3
1.0,0.0,0.0,0.0,2.0,0.0,2.0,0.0,0,PC3
1.0,0.0,0.0,0.0,2.0,0.0,2.0,0.0,0,PC3
1.0,10.0,0.26,2.0,6.0,0.03,24.0,19.03,0,PC3
3.0,32.0,0.06,6.0,16.0,0.22,123.0,646.25,0,PC3
4.0,25.0,0.04,0.0,14.0,0.16,102.0,653.8,0,PC3
1.0,9.0,0.21,2.0,6.0,0.04,32.0,32.4,1,PC3
3.0,32.0,0.06,6.0,14.0,0.18,105.0,508.96,0,PC3
3.0,29.0,0.05,4.0,14.0,0.16,96.0,489.59,0,PC3
2.0,12.0,0.06,0.0,12.0,0.1,69.0,293.21,0,PC3
3.0,7.0,0.12,0.0,9.0,0.07,48.0,99.01,0,PC3
3.0,10.0,0.07,0.0,17.0,0.06,41.0,147.3,0,PC3
3.0,9.0,0.09,0.0,15.0,0.05,33.0,93.3,0,PC3
28.0,103.0,0.01,4.0,50.0,1.53,676.0,29276.51,0,PC3
17.0,40.0,0.04,6.0,27.0,0.45,214.0,1923.72,0,PC3
17.0,39.0,0.03,0.0,25.0,0.48,238.0,2480.21,0,PC3
8.0,18.0,0.05,0.0,21.0,0.19,104.0,676.81,0,PC3
2.0,10.0,0.15,0.0,9.0,0.04,29.0,43.67,0,PC3
6.0,35.0,0.03,0.0,20.0,0.6,297.0,2900.3,0,PC3
1.0,4.0,0.67,0.0,3.0,0.0,4.0,0.67,0,PC3
18.0,26.0,0.03,0.0,22.0,0.43,224.0,2501.79,0,PC3
2.0,9.0,0.09,0.0,15.0,0.07,43.0,120.69,0,PC3
5.0,19.0,0.1,0.0,15.0,0.09,54.0,148.34,0,PC3
5.0,19.0,0.09,0.0,15.0,0.09,54.0,158.09,0,PC3
3.0,4.0,0.15,0.0,9.0,0.03,23.0,31.92,0,PC3
3.0,6.0,0.13,0.0,10.0,0.04,28.0,48.62,0,PC3
4.0,8.0,0.1,0.0,10.0,0.05,36.0,80.0,0,PC3
2.0,8.0,0.13,0.0,10.0,0.06,42.0,82.38,0,PC3
4.0,11.0,0.09,0.0,16.0,0.07,42.0,132.54,0,PC3
6.0,38.0,0.04,2.0,27.0,0.34,171.0,1580.59,0,PC3
1.0,7.0,0.24,0.0,7.0,0.02,18.0,15.06,0,PC3
5.0,34.0,0.06,1.0,18.0,0.22,119.0,645.57,0,PC3
4.0,20.0,0.07,2.0,18.0,0.12,68.0,273.43,0,PC3
1.0,3.0,0.5,0.0,4.0,0.01,7.0,2.18,0,PC3
1.0,7.0,0.33,0.0,5.0,0.02,16.0,8.86,0,PC3
1.0,3.0,0.5,0.0,4.0,0.01,6.0,1.72,0,PC3
1.0,5.0,0.4,0.0,5.0,0.02,14.0,6.46,0,PC3
1.0,3.0,0.67,0.0,3.0,0.0,5.0,0.97,0,PC3
3.0,14.0,0.1,0.0,14.0,0.08,47.0,125.53,0,PC3
3.0,11.0,0.11,0.0,13.0,0.05,33.0,75.47,0,PC3
3.0,11.0,0.09,0.0,14.0,0.05,34.0,93.04,0,PC3
5.0,30.0,0.06,4.0,18.0,0.18,99.0,507.34,0,PC3
6.0,22.0,0.05,0.0,22.0,0.14,81.0,512.24,0,PC3
4.0,22.0,0.21,1.0,9.0,0.09,52.0,67.33,0,PC3
1.0,5.0,0.35,0.0,5.0,0.02,17.0,9.67,0,PC3
5.0,13.0,0.1,0.0,12.0,0.07,46.0,123.03,0,PC3
1.0,3.0,0.3,0.0,5.0,0.01,10.0,5.56,0,PC3
2.0,3.0,0.23,0.0,7.0,0.01,13.0,10.93,0,PC3
2.0,3.0,0.23,0.0,7.0,0.01,13.0,10.93,0,PC3
3.0,16.0,0.13,2.0,11.0,0.06,41.0,80.28,0,PC3
2.0,11.0,0.16,0.0,7.0,0.06,45.0,65.05,0,PC3
1.0,3.0,0.67,0.0,3.0,0.0,5.0,0.97,0,PC3
1.0,7.0,0.2,0.0,7.0,0.04,31.0,34.49,0,PC3
2.0,14.0,0.09,0.0,13.0,0.12,70.0,212.87,0,PC3
5.0,31.0,0.08,2.0,15.0,0.22,120.0,482.34,0,PC3
1.0,0.0,0.0,0.0,2.0,0.0,2.0,0.0,0,PC3
1.0,6.0,0.5,0.0,4.0,0.02,20.0,8.22,0,PC3
3.0,12.0,0.09,2.0,14.0,0.08,53.0,155.7,0,PC3
2.0,3.0,0.29,0.0,7.0,0.01,10.0,6.46,0,PC3
1.0,4.0,0.42,0.0,4.0,0.01,13.0,5.49,0,PC3
6.0,11.0,0.07,1.0,13.0,0.07,45.0,152.98,0,PC3
2.0,9.0,0.08,0.0,10.0,0.05,34.0,100.74,0,PC3
5.0,16.0,0.05,1.0,18.0,0.13,76.0,422.9,0,PC3
3.0,5.0,0.19,0.0,9.0,0.02,17.0,19.42,0,PC3
2.0,9.0,0.14,0.0,11.0,0.04,27.0,44.23,0,PC3
6.0,21.0,0.08,2.0,16.0,0.12,70.0,257.35,0,PC3
1.0,6.0,0.44,0.0,4.0,0.02,18.0,7.91,0,PC3
1.0,6.0,0.23,0.0,6.0,0.04,28.0,26.34,0,PC3
2.0,7.0,0.15,0.0,10.0,0.04,28.0,43.7,0,PC3
1.0,6.0,0.3,0.0,6.0,0.03,21.0,15.19,0,PC3
2.0,6.0,0.17,0.0,6.0,0.01,12.0,12.0,0,PC3
1.0,3.0,0.25,0.0,8.0,0.02,13.0,10.69,0,PC3
1.0,5.0,0.13,0.0,10.0,0.04,27.0,46.91,0,PC3
2.0,6.0,0.2,0.0,8.0,0.03,23.0,25.53,0,PC3
4.0,19.0,0.05,2.0,17.0,0.13,76.0,397.39,0,PC3
2.0,19.0,0.11,0.0,10.0,0.15,89.0,227.73,0,PC3
3.0,20.0,0.1,1.0,14.0,0.1,60.0,167.26,0,PC3
3.0,22.0,0.08,0.0,12.0,0.15,91.0,310.92,0,PC3
1.0,3.0,0.5,0.0,4.0,0.01,6.0,1.72,1,PC3
2.0,5.0,0.17,0.0,8.0,0.02,18.0,21.51,0,PC3
1.0,15.0,0.08,0.0,12.0,0.09,60.0,194.73,0,PC3
3.0,12.0,0.16,0.0,9.0,0.08,49.0,81.29,0,PC3
7.0,40.0,0.04,4.0,25.0,0.35,178.0,1631.15,0,PC3
6.0,32.0,0.04,0.0,27.0,0.33,160.0,1214.45,0,PC3
2.0,5.0,0.17,0.0,10.0,0.04,27.0,38.93,0,PC3
3.0,18.0,0.11,0.0,13.0,0.1,58.0,149.88,0,PC3
2.0,5.0,0.2,0.0,8.0,0.03,22.0,24.42,0,PC3
2.0,6.0,0.2,0.0,8.0,0.02,14.0,13.94,0,PC3
10.0,41.0,0.06,0.0,22.0,0.23,119.0,614.68,0,PC3
1.0,13.0,0.25,0.0,5.0,0.05,40.0,35.95,0,PC3
2.0,34.0,0.09,0.0,14.0,0.44,209.0,832.75,0,PC3
1.0,11.0,0.12,0.0,11.0,0.1,64.0,141.41,0,PC3
8.0,36.0,0.07,4.0,21.0,0.16,88.0,377.73,0,PC3
1.0,11.0,0.14,0.0,7.0,0.09,61.0,105.79,0,PC3
1.0,5.0,0.23,0.0,7.0,0.03,22.0,20.89,0,PC3
3.0,19.0,0.16,0.0,9.0,0.08,51.0,78.27,0,PC3
1.0,3.0,0.5,0.0,4.0,0.01,7.0,2.18,0,PC3
1.0,8.0,0.08,1.0,14.0,0.07,43.0,134.13,0,PC3
3.0,15.0,0.12,0.0,10.0,0.1,64.0,140.91,0,PC3
5.0,13.0,0.15,0.0,10.0,0.09,54.0,99.36,0,PC3
1.0,11.0,0.12,0.0,11.0,0.1,64.0,147.78,0,PC3
5.0,28.0,0.09,3.0,16.0,0.16,90.0,315.24,0,PC3
2.0,10.0,0.33,0.0,6.0,0.03,23.0,14.98,0,PC3
1.0,5.0,0.22,0.0,8.0,0.02,18.0,17.86,0,PC3
2.0,5.0,0.19,0.0,9.0,0.02,16.0,18.23,0,PC3
3.0,13.0,0.14,0.0,11.0,0.08,49.0,93.15,0,PC3
3.0,16.0,0.15,0.0,11.0,0.06,40.0,68.92,0,PC3
5.0,12.0,0.09,0.0,14.0,0.07,47.0,136.03,0,PC3
5.0,10.0,0.09,0.0,14.0,0.06,39.0,114.35,0,PC3
3.0,13.0,0.07,0.0,16.0,0.12,69.0,277.92,0,PC3
4.0,10.0,0.21,2.0,8.0,0.04,31.0,34.47,0,PC3
3.0,10.0,0.12,0.0,12.0,0.07,43.0,96.25,0,PC3
3.0,14.0,0.14,0.0,13.0,0.04,29.0,52.38,0,PC3
6.0,24.0,0.05,2.0,24.0,0.15,83.0,497.29,0,PC3
3.0,9.0,0.07,0.0,14.0,0.08,52.0,185.44,0,PC3
1.0,12.0,0.12,0.0,11.0,0.14,82.0,198.13,0,PC3
3.0,10.0,0.05,0.0,16.0,0.11,67.0,357.88,0,PC3
1.0,7.0,0.13,0.0,8.0,0.04,33.0,58.67,0,PC3
7.0,15.0,0.09,0.0,13.0,0.1,64.0,199.99,0,PC3
1.0,0.0,0.0,0.0,2.0,0.0,2.0,0.0,0,PC3
2.0,5.0,0.19,0.0,7.0,0.02,18.0,18.16,0,PC3
1.0,4.0,0.42,0.0,4.0,0.01,12.0,5.07,0,PC3
1.0,4.0,0.36,0.0,4.0,0.02,15.0,7.4,0,PC3
2.0,7.0,0.11,0.0,9.0,0.03,21.0,39.98,0,PC3
2.0,6.0,0.18,0.0,9.0,0.02,15.0,17.35,0,PC3
1.0,5.0,0.31,0.0,4.0,0.03,27.0,17.48,0,PC3
2.0,11.0,0.09,0.0,10.0,0.06,40.0,98.46,0,PC3
2.0,12.0,0.1,0.0,10.0,0.05,37.0,85.72,0,PC3
2.0,4.0,0.29,0.0,7.0,0.01,12.0,7.75,0,PC3
2.0,14.0,0.11,0.0,13.0,0.08,50.0,118.78,0,PC3
2.0,0.0,0.33,0.0,6.0,0.01,12.0,6.64,0,PC3
2.0,0.0,0.25,0.0,6.0,0.01,12.0,8.45,0,PC3
2.0,0.0,0.25,0.0,6.0,0.01,12.0,8.45,0,PC3
2.0,0.0,0.25,0.0,6.0,0.01,12.0,8.45,0,PC3
2.0,0.0,0.25,0.0,6.0,0.01,12.0,8.45,0,PC3
2.0,0.0,0.33,0.0,6.0,0.01,12.0,6.64,0,PC3
1.0,9.0,0.06,0.0,13.0,0.07,49.0,196.65,0,PC3
3.0,15.0,0.04,0.0,17.0,0.26,154.0,1109.91,0,PC3
4.0,9.0,0.08,0.0,13.0,0.07,49.0,149.05,0,PC3
2.0,5.0,0.24,0.0,7.0,0.02,19.0,15.89,0,PC3
3.0,13.0,0.11,0.0,8.0,0.04,35.0,69.1,0,PC3
4.0,26.0,0.05,0.0,19.0,0.34,185.0,1216.8,0,PC3
5.0,18.0,0.04,0.0,15.0,0.12,77.0,466.13,0,PC3
6.0,23.0,0.04,0.0,15.0,0.15,96.0,650.84,0,PC3
16.0,74.0,0.01,10.0,35.0,1.02,488.0,14026.17,0,PC3
1.0,9.0,0.1,0.0,9.0,0.03,24.0,49.96,0,PC3
1.0,7.0,0.16,0.0,7.0,0.03,23.0,27.07,0,PC3
1.0,8.0,0.14,0.0,7.0,0.04,31.0,43.22,0,PC3
1.0,0.0,0.0,0.0,2.0,0.0,2.0,0.0,0,PC3
1.0,26.0,0.09,0.0,10.0,0.29,158.0,542.64,0,PC3
3.0,13.0,0.09,1.0,12.0,0.07,48.0,137.17,0,PC3
1.0,8.0,0.13,0.0,8.0,0.05,39.0,70.85,0,PC3
13.0,40.0,0.05,0.0,17.0,0.36,185.0,1146.53,1,PC3
21.0,94.0,0.03,1.0,32.0,0.59,272.0,3139.17,1,PC3
1.0,0.0,0.0,0.0,2.0,0.0,2.0,0.0,0,PC3
1.0,7.0,0.16,0.0,7.0,0.02,17.0,20.01,0,PC3
5.0,15.0,0.09,4.0,13.0,0.11,67.0,203.74,1,PC3
5.0,13.0,0.08,0.0,16.0,0.07,43.0,140.44,0,PC3
1.0,3.0,0.33,0.0,6.0,0.01,8.0,4.0,0,PC3
2.0,6.0,0.19,0.0,8.0,0.03,23.0,25.67,0,PC3
3.0,12.0,0.13,0.0,11.0,0.07,42.0,85.14,0,PC3
1.0,4.0,0.5,0.0,4.0,0.0,5.0,1.29,0,PC3
1.0,12.0,0.11,0.0,12.0,0.05,37.0,82.33,0,PC3
1.0,0.0,0.0,0.0,2.0,0.0,2.0,0.0,0,PC3
3.0,9.0,0.14,0.0,11.0,0.04,31.0,54.58,0,PC3
1.0,3.0,0.33,0.0,6.0,0.01,8.0,4.0,0,PC3
5.0,51.0,0.07,0.0,21.0,0.27,136.0,645.18,1,PC3
7.0,18.0,0.06,6.0,18.0,0.11,68.0,326.9,0,PC3
7.0,18.0,0.06,6.0,18.0,0.11,68.0,326.9,0,PC3
7.0,18.0,0.06,6.0,18.0,0.11,68.0,326.9,1,PC3
21.0,116.0,0.05,14.0,21.0,0.97,418.0,3162.37,1,PC3
6.0,38.0,0.06,2.0,22.0,0.28,142.0,756.21,0,PC3
15.0,66.0,0.03,1.0,36.0,0.5,233.0,2818.41,1,PC3
3.0,12.0,0.08,2.0,13.0,0.06,43.0,133.46,0,PC3
8.0,42.0,0.02,6.0,23.0,0.4,218.0,2932.88,1,PC3
7.0,41.0,0.07,3.0,15.0,0.24,134.0,595.11,0,PC3
33.0,165.0,0.03,0.0,29.0,1.56,636.0,7594.88,1,PC3
2.0,9.0,0.08,0.0,12.0,0.05,34.0,101.91,0,PC3
1.0,4.0,0.09,0.0,6.0,0.07,55.0,130.84,0,PC3
1.0,4.0,0.13,0.0,5.0,0.04,37.0,53.33,0,PC3
1.0,11.0,0.03,0.0,8.0,0.17,127.0,889.0,0,PC3
1.0,4.0,0.11,0.0,6.0,0.05,43.0,79.56,0,PC3
1.0,6.0,0.08,0.0,9.0,0.06,43.0,122.86,0,PC3
1.0,5.0,0.09,0.0,7.0,0.08,59.0,147.86,0,PC3
1.0,2.0,0.3,0.0,5.0,0.01,10.0,5.56,0,PC3
1.0,4.0,0.11,0.0,6.0,0.05,43.0,79.56,0,PC3
2.0,10.0,0.13,2.0,9.0,0.06,42.0,76.87,0,PC3
1.0,4.0,0.09,0.0,6.0,0.07,55.0,130.84,0,PC3
2.0,4.0,0.11,0.0,9.0,0.04,28.0,56.0,0,PC3
2.0,4.0,0.14,0.0,8.0,0.03,22.0,34.13,0,PC3
2.0,4.0,0.13,0.0,9.0,0.03,24.0,41.14,0,PC3
2.0,6.0,0.09,0.0,12.0,0.04,30.0,81.04,0,PC3
1.0,3.0,0.42,0.0,4.0,0.01,12.0,5.07,0,PC3
2.0,4.0,0.11,0.0,9.0,0.04,28.0,56.0,0,PC3
2.0,4.0,0.11,0.0,9.0,0.04,28.0,56.0,0,PC3
2.0,4.0,0.14,0.0,8.0,0.03,22.0,34.13,0,PC3
2.0,4.0,0.13,0.0,9.0,0.03,24.0,41.14,0,PC3
2.0,6.0,0.09,0.0,12.0,0.04,30.0,81.04,0,PC3
1.0,3.0,0.42,0.0,4.0,0.01,12.0,5.07,0,PC3
2.0,4.0,0.11,0.0,9.0,0.04,28.0,56.0,0,PC3
3.0,22.0,0.12,1.0,11.0,0.12,72.0,172.86,0,PC3
3.0,13.0,0.09,0.0,10.0,0.06,44.0,115.38,0,PC3
10.0,13.0,0.05,0.0,14.0,0.13,85.0,459.44,0,PC3
35.0,65.0,0.02,0.0,33.0,1.17,526.0,9631.1,0,PC3
36.0,144.0,0.01,42.0,29.0,2.42,1070.0,35352.71,0,PC3
1.0,5.0,0.13,1.0,5.0,0.03,27.0,35.66,0,PC3
1.0,8.0,0.1,1.0,9.0,0.05,41.0,93.71,0,PC3
2.0,10.0,0.03,3.0,14.0,0.18,115.0,1066.26,0,PC3
1.0,5.0,0.27,1.0,6.0,0.02,14.0,9.69,0,PC3
36.0,141.0,0.01,42.0,29.0,2.38,1056.0,35567.99,0,PC3
4.0,28.0,0.05,2.0,12.0,0.17,108.0,551.64,0,PC3
12.0,45.0,0.03,2.0,26.0,0.45,221.0,2159.45,0,PC3
6.0,24.0,0.05,0.0,15.0,0.19,111.0,616.8,0,PC3
2.0,7.0,0.18,0.0,10.0,0.03,24.0,31.27,0,PC3
2.0,13.0,0.17,0.0,9.0,0.09,53.0,83.68,0,PC3
2.0,10.0,0.16,0.0,9.0,0.03,26.0,37.14,0,PC3
3.0,11.0,0.29,0.0,7.0,0.04,28.0,22.7,0,PC3
1.0,4.0,0.67,0.0,3.0,0.01,11.0,2.75,0,PC3
3.0,18.0,0.08,0.0,13.0,0.15,85.0,300.57,0,PC3
13.0,56.0,0.02,0.0,26.0,0.5,253.0,3436.81,0,PC3
11.0,60.0,0.07,8.0,16.0,0.47,225.0,1081.3,0,PC3
1.0,0.0,0.0,0.0,2.0,0.0,2.0,0.0,0,PC3
2.0,11.0,0.17,0.0,9.0,0.04,30.0,41.42,0,PC3
1.0,8.0,0.18,0.0,8.0,0.03,21.0,26.05,0,PC3
1.0,9.0,0.1,0.0,11.0,0.04,31.0,70.42,0,PC3
2.0,6.0,0.19,0.0,7.0,0.02,15.0,15.14,0,PC3
2.0,6.0,0.18,0.0,8.0,0.03,21.0,26.05,0,PC3
1.0,9.0,0.1,0.0,11.0,0.04,31.0,70.42,0,PC3
3.0,38.0,0.08,2.0,13.0,0.37,190.0,800.4,0,PC3
3.0,14.0,0.11,0.0,11.0,0.07,43.0,97.31,0,PC3
2.0,12.0,0.09,0.0,12.0,0.09,57.0,166.97,0,PC3
26.0,143.0,0.03,4.0,35.0,1.43,583.0,8519.98,1,PC3
1.0,2.0,0.0,0.0,1.0,0.0,1.0,0.0,0,PC3
1.0,5.0,0.27,0.0,5.0,0.01,13.0,8.59,0,PC3
4.0,14.0,0.06,1.0,14.0,0.1,63.0,277.8,1,PC3
1.0,2.0,0.0,0.0,1.0,0.0,1.0,0.0,0,PC3
1.0,4.0,0.5,0.0,3.0,0.01,9.0,2.58,0,PC3
1.0,2.0,0.0,0.0,1.0,0.0,1.0,0.0,0,PC3
1.0,3.0,0.5,1.0,4.0,0.01,7.0,2.18,0,PC3
1.0,7.0,0.17,0.0,8.0,0.03,20.0,25.38,0,PC3
2.0,6.0,0.11,0.0,9.0,0.02,18.0,33.3,0,PC3
2.0,13.0,0.07,0.0,15.0,0.11,68.0,280.74,0,PC3
9.0,40.0,0.04,1.0,18.0,0.51,256.0,2036.87,0,PC3
2.0,5.0,0.25,0.0,8.0,0.01,12.0,9.56,0,PC3
2.0,8.0,0.13,0.0,11.0,0.04,27.0,49.15,0,PC3
1.0,3.0,0.5,0.0,4.0,0.01,7.0,2.18,0,PC3
1.0,6.0,0.2,0.0,8.0,0.05,32.0,38.42,0,PC3
4.0,26.0,0.05,0.0,14.0,0.24,136.0,751.72,0,PC3
7.0,17.0,0.09,3.0,16.0,0.12,67.0,221.61,0,PC3
1.0,4.0,0.28,0.0,6.0,0.02,14.0,9.69,0,PC3
1.0,6.0,0.19,0.0,8.0,0.04,29.0,34.93,0,PC3
2.0,6.0,0.24,0.0,7.0,0.02,17.0,14.22,0,PC3
14.0,42.0,0.03,4.0,22.0,0.5,257.0,3140.87,1,PC3
1.0,5.0,0.2,0.0,8.0,0.03,23.0,25.56,0,PC3
2.0,10.0,0.08,4.0,12.0,0.15,89.0,326.33,0,PC3
6.0,29.0,0.04,1.0,21.0,0.33,175.0,1443.54,0,PC3
6.0,35.0,0.05,4.0,22.0,0.3,157.0,1097.98,1,PC3
2.0,13.0,0.06,5.0,13.0,0.08,51.0,209.88,0,PC3
4.0,12.0,0.1,0.0,11.0,0.09,58.0,149.94,0,PC3
2.0,5.0,0.17,0.0,8.0,0.04,27.0,35.42,0,PC3
4.0,13.0,0.08,1.0,13.0,0.17,100.0,379.02,0,PC3
15.0,86.0,0.03,4.0,30.0,0.92,404.0,5070.23,1,PC3
6.0,13.0,0.03,1.0,17.0,0.09,60.0,501.07,0,PC3
2.0,17.0,0.07,1.0,16.0,0.15,83.0,343.56,0,PC3
1.0,14.0,0.07,0.0,14.0,0.19,107.0,442.9,0,PC3
3.0,24.0,0.06,1.0,19.0,0.29,149.0,857.03,1,PC3
2.0,24.0,0.06,0.0,15.0,0.29,154.0,773.54,0,PC3
2.0,15.0,0.09,0.0,13.0,0.16,90.0,293.36,0,PC3
4.0,10.0,0.08,2.0,17.0,0.05,35.0,120.85,0,PC3
3.0,15.0,0.13,1.0,11.0,0.11,65.0,136.62,0,PC3
1.0,5.0,0.3,1.0,6.0,0.03,23.0,16.87,0,PC3
1.0,3.0,0.21,0.0,7.0,0.02,17.0,16.3,0,PC3
2.0,52.0,0.04,1.0,18.0,0.83,384.0,3202.65,1,PC3
1.0,6.0,0.18,0.0,7.0,0.04,28.0,34.57,0,PC3
2.0,5.0,0.06,0.0,9.0,0.04,33.0,114.48,0,PC3
3.0,21.0,0.07,0.0,18.0,0.21,111.0,506.28,0,PC3
1.0,8.0,0.17,0.0,8.0,0.03,22.0,27.92,0,PC3
1.0,0.0,0.0,0.0,1.0,0.0,1.0,0.0,0,PC3
6.0,52.0,0.05,0.0,20.0,0.35,177.0,1112.42,1,PC3
6.0,29.0,0.05,0.0,19.0,0.3,161.0,1067.43,0,PC3
4.0,14.0,0.1,1.0,11.0,0.08,50.0,126.7,0,PC3
13.0,98.0,0.03,3.0,29.0,1.21,515.0,6810.82,0,PC3
4.0,18.0,0.18,0.0,8.0,0.07,48.0,67.25,0,PC3
5.0,25.0,0.05,1.0,18.0,0.16,92.0,497.83,0,PC3
2.0,10.0,0.13,0.0,8.0,0.08,52.0,101.51,0,PC3
1.0,17.0,0.08,0.0,10.0,0.18,111.0,385.52,0,PC3
7.0,11.0,0.05,1.0,7.0,0.09,70.0,285.41,0,PC3
10.0,52.0,0.05,3.0,19.0,0.44,217.0,1544.39,1,PC3
1.0,11.0,0.2,1.0,7.0,0.07,45.0,54.63,0,PC3
1.0,9.0,0.15,0.0,7.0,0.04,32.0,45.58,0,PC3
9.0,37.0,0.1,0.0,14.0,0.2,106.0,331.79,0,PC3
3.0,23.0,0.09,3.0,13.0,0.16,92.0,299.88,0,PC3
2.0,3.0,0.17,0.0,6.0,0.01,10.0,10.0,0,PC3
1.0,0.0,0.0,0.0,2.0,0.0,2.0,0.0,0,PC3
2.0,9.0,0.14,0.0,7.0,0.08,57.0,97.36,0,PC3
2.0,9.0,0.14,0.0,7.0,0.08,57.0,97.36,0,PC3
1.0,5.0,0.4,0.0,5.0,0.02,14.0,6.73,0,PC3
4.0,37.0,0.05,2.0,16.0,0.43,221.0,1557.97,0,PC3
1.0,0.0,0.0,0.0,1.0,0.0,1.0,0.0,0,PC3
1.0,8.0,0.07,0.0,8.0,0.09,65.0,203.36,0,PC3
2.0,20.0,0.05,0.0,8.0,0.4,243.0,1457.35,0,PC3
1.0,13.0,0.15,0.0,4.0,0.12,89.0,136.81,0,PC3
1.0,15.0,0.05,0.0,8.0,0.21,141.0,652.0,0,PC3
2.0,8.0,0.09,0.0,8.0,0.06,47.0,120.11,0,PC3
2.0,8.0,0.09,0.0,8.0,0.06,47.0,120.11,0,PC3
2.0,7.0,0.09,0.0,8.0,0.04,35.0,83.9,0,PC3
1.0,16.0,0.06,0.0,8.0,0.23,149.0,631.19,0,PC3
2.0,6.0,0.11,0.0,11.0,0.03,25.0,52.04,0,PC3
1.0,20.0,0.07,0.0,5.0,0.42,261.0,953.88,0,PC3
8.0,36.0,0.07,4.0,16.0,0.21,120.0,514.75,1,PC4
1.0,7.0,0.1,0.0,10.0,0.05,38.0,80.38,0,PC4
2.0,10.0,0.11,0.0,12.0,0.05,37.0,79.96,0,PC4
2.0,10.0,0.11,0.0,12.0,0.05,38.0,82.12,0,PC4
1.0,4.0,0.21,0.0,7.0,0.01,12.0,10.33,0,PC4
1.0,8.0,0.25,0.0,7.0,0.03,23.0,19.46,0,PC4
2.0,19.0,0.1,9.0,13.0,0.11,69.0,183.67,1,PC4
1.0,6.0,0.24,0.0,7.0,0.02,18.0,15.11,0,PC4
1.0,7.0,0.15,0.0,9.0,0.04,32.0,46.88,0,PC4
3.0,18.0,0.07,1.0,13.0,0.1,64.0,217.58,0,PC4
1.0,3.0,0.33,1.0,6.0,0.01,11.0,5.81,1,PC4
2.0,17.0,0.1,1.0,11.0,0.08,56.0,139.69,1,PC4
1.0,10.0,0.12,0.0,9.0,0.06,44.0,81.71,0,PC4
1.0,6.0,0.16,0.0,11.0,0.04,28.0,40.89,0,PC4
1.0,10.0,0.12,0.0,9.0,0.06,44.0,81.71,0,PC4
1.0,7.0,0.15,0.0,9.0,0.04,30.0,43.95,0,PC4
1.0,8.0,0.14,0.0,10.0,0.06,43.0,73.29,0,PC4
2.0,10.0,0.1,1.0,11.0,0.08,55.0,133.85,1,PC4
2.0,10.0,0.08,0.0,11.0,0.08,55.0,150.17,0,PC4
1.0,7.0,0.18,0.0,9.0,0.04,31.0,39.5,0,PC4
3.0,12.0,0.1,0.0,12.0,0.06,40.0,95.13,0,PC4
2.0,8.0,0.23,1.0,8.0,0.03,22.0,22.2,0,PC4
2.0,8.0,0.23,0.0,8.0,0.03,22.0,22.2,0,PC4
3.0,25.0,0.03,1.0,15.0,0.19,116.0,947.3,1,PC4
1.0,9.0,0.18,2.0,8.0,0.04,27.0,33.0,0,PC4
2.0,8.0,0.11,0.0,10.0,0.05,36.0,80.24,0,PC4
2.0,10.0,0.23,0.0,7.0,0.06,40.0,43.93,0,PC4
2.0,15.0,0.07,1.0,13.0,0.1,66.0,248.35,1,PC4
4.0,22.0,0.07,20.0,13.0,0.1,64.0,221.56,1,PC4
2.0,7.0,0.13,0.0,9.0,0.03,22.0,35.81,0,PC4
4.0,27.0,0.05,1.0,18.0,0.17,101.0,626.23,1,PC4
4.0,27.0,0.05,1.0,18.0,0.17,101.0,626.23,0,PC4
4.0,27.0,0.05,1.0,18.0,0.17,101.0,626.23,1,PC4
1.0,2.0,0.5,0.0,4.0,0.0,5.0,1.29,0,PC4
1.0,3.0,0.29,0.0,7.0,0.01,13.0,8.74,0,PC4
1.0,11.0,0.06,0.0,6.0,0.1,84.0,266.43,0,PC4
5.0,46.0,0.04,6.0,13.0,0.24,154.0,925.49,1,PC4
12.0,85.0,0.04,11.0,18.0,0.58,291.0,2372.28,1,PC4
3.0,17.0,0.06,1.0,15.0,0.1,65.0,300.48,1,PC4
1.0,14.0,0.08,8.0,14.0,0.09,62.0,210.04,1,PC4
2.0,11.0,0.1,3.0,14.0,0.06,41.0,107.7,0,PC4
1.0,4.0,0.24,0.0,7.0,0.03,21.0,17.63,0,PC4
3.0,12.0,0.13,10.0,11.0,0.05,38.0,72.49,1,PC4
5.0,41.0,0.05,0.0,16.0,0.32,173.0,1125.06,0,PC4
4.0,27.0,0.03,4.0,22.0,0.22,130.0,1378.85,1,PC4
7.0,36.0,0.04,7.0,18.0,0.17,102.0,661.68,1,PC4
5.0,25.0,0.04,0.0,18.0,0.2,118.0,750.4,0,PC4
4.0,33.0,0.04,0.0,18.0,0.28,159.0,1209.91,0,PC4
1.0,4.0,0.25,0.0,8.0,0.03,24.0,20.84,0,PC4
4.0,33.0,0.04,0.0,18.0,0.28,159.0,1209.91,0,PC4
1.0,4.0,0.16,0.0,11.0,0.04,26.0,37.86,0,PC4
5.0,30.0,0.04,0.0,20.0,0.22,126.0,943.83,0,PC4
3.0,23.0,0.07,1.0,12.0,0.1,69.0,235.9,1,PC4
4.0,24.0,0.07,3.0,11.0,0.1,69.0,240.77,0,PC4
3.0,16.0,0.09,1.0,13.0,0.06,43.0,119.36,1,PC4
2.0,17.0,0.11,0.0,12.0,0.07,47.0,109.53,0,PC4
2.0,10.0,0.11,1.0,11.0,0.05,35.0,73.82,1,PC4
1.0,10.0,0.12,0.0,9.0,0.05,40.0,74.29,0,PC4
3.0,22.0,0.08,0.0,13.0,0.13,83.0,285.03,0,PC4
2.0,19.0,0.1,1.0,11.0,0.09,61.0,151.13,0,PC4
2.0,16.0,0.09,0.0,11.0,0.09,62.0,166.42,0,PC4
4.0,45.0,0.04,8.0,16.0,0.28,164.0,1059.78,1,PC4
1.0,7.0,0.15,0.0,9.0,0.04,31.0,45.42,0,PC4
1.0,11.0,0.1,0.0,10.0,0.07,51.0,118.15,0,PC4
1.0,8.0,0.26,1.0,7.0,0.04,29.0,25.06,1,PC4
4.0,32.0,0.06,1.0,11.0,0.3,178.0,872.96,1,PC4
3.0,11.0,0.05,3.0,14.0,0.06,40.0,198.24,1,PC4
11.0,66.0,0.03,13.0,35.0,0.41,197.0,2371.05,1,PC4
5.0,34.0,0.03,14.0,13.0,0.16,109.0,838.63,1,PC4
1.0,6.0,0.24,1.0,7.0,0.02,18.0,15.11,1,PC4
4.0,31.0,0.07,2.0,17.0,0.15,87.0,368.84,1,PC4
1.0,2.0,0.0,0.0,3.0,0.0,3.0,0.0,0,PC4
8.0,66.0,0.03,6.0,16.0,0.44,256.0,2352.89,1,PC4
1.0,18.0,0.08,0.0,8.0,0.13,101.0,284.85,0,PC4
1.0,10.0,0.1,0.0,8.0,0.06,51.0,100.65,0,PC4
1.0,6.0,0.18,1.0,8.0,0.03,21.0,24.18,1,PC4
1.0,2.0,0.67,0.0,3.0,0.0,4.0,0.67,0,PC4
5.0,40.0,0.06,11.0,21.0,0.25,131.0,698.98,1,PC4
3.0,22.0,0.07,2.0,13.0,0.15,96.0,388.86,1,PC4
2.0,18.0,0.08,2.0,14.0,0.11,73.0,244.64,1,PC4
7.0,55.0,0.03,24.0,22.0,0.67,335.0,3412.01,1,PC4
3.0,33.0,0.05,2.0,14.0,0.23,145.0,832.61,0,PC4
2.0,10.0,0.1,0.0,12.0,0.05,33.0,77.25,0,PC4
8.0,56.0,0.03,15.0,20.0,0.36,205.0,2257.9,1,PC4
1.0,12.0,0.13,0.0,9.0,0.06,46.0,85.25,0,PC4
8.0,50.0,0.03,23.0,19.0,0.34,188.0,1643.09,1,PC4
6.0,40.0,0.04,5.0,18.0,0.25,147.0,1139.97,1,PC4
9.0,47.0,0.06,14.0,15.0,0.28,157.0,744.69,1,PC4
2.0,10.0,0.09,2.0,11.0,0.05,36.0,91.74,0,PC4
4.0,23.0,0.07,6.0,11.0,0.08,57.0,184.0,1,PC4
4.0,26.0,0.04,3.0,14.0,0.1,72.0,443.72,1,PC4
4.0,5.0,0.16,0.0,8.0,0.04,31.0,40.79,0,PC4
3.0,12.0,0.09,1.0,11.0,0.05,38.0,94.92,1,PC4
3.0,15.0,0.07,1.0,12.0,0.06,42.0,144.43,1,PC4
12.0,58.0,0.03,8.0,23.0,1.2,533.0,6157.98,1,PC4
9.0,55.0,0.04,8.0,20.0,0.8,376.0,3662.77,0,PC4
5.0,28.0,0.08,6.0,15.0,0.17,102.0,370.59,1,PC4
4.0,22.0,0.04,0.0,14.0,0.14,96.0,562.93,0,PC4
6.0,39.0,0.03,6.0,21.0,0.37,211.0,2447.78,0,PC4
1.0,195.0,0.01,62.0,11.0,6.34,2867.0,77873.3,1,PC4
3.0,8.0,0.08,2.0,14.0,0.05,33.0,104.68,1,PC4
5.0,27.0,0.06,2.0,16.0,0.16,93.0,443.93,1,PC4
1.0,0.0,0.0,0.0,2.0,0.0,2.0,0.0,0,PC4
2.0,12.0,0.1,1.0,11.0,0.08,54.0,134.7,1,PC4
1.0,6.0,0.21,0.0,8.0,0.02,20.0,19.74,0,PC4
4.0,19.0,0.07,17.0,12.0,0.1,70.0,239.14,1,PC4
15.0,78.0,0.02,27.0,23.0,0.55,295.0,4623.75,1,PC4
5.0,45.0,0.04,15.0,18.0,0.31,175.0,1387.42,1,PC4
1.0,10.0,0.12,0.0,9.0,0.06,44.0,81.71,0,PC4
1.0,11.0,0.12,0.0,9.0,0.07,49.0,93.88,0,PC4
2.0,12.0,0.12,1.0,11.0,0.08,52.0,104.68,1,PC4
1.0,3.0,0.33,1.0,6.0,0.01,9.0,4.5,1,PC4
2.0,16.0,0.08,1.0,9.0,0.09,62.0,179.54,1,PC4
7.0,27.0,0.04,9.0,12.0,0.14,96.0,518.63,1,PC4
7.0,36.0,0.1,8.0,12.0,0.2,115.0,332.71,1,PC4
1.0,7.0,0.13,0.0,8.0,0.06,42.0,72.06,0,PC4
1.0,210.0,0.09,55.0,10.0,8.74,2833.0,17002.2,1,PC4
15.0,60.0,0.01,18.0,29.0,0.77,400.0,9271.76,0,PC4
1.0,8.0,0.09,0.0,6.0,0.07,57.0,124.88,0,PC4
1.0,8.0,0.09,0.0,6.0,0.07,57.0,124.88,0,PC4
1.0,6.0,0.24,1.0,7.0,0.02,17.0,14.22,0,PC4
1.0,7.0,0.13,0.0,7.0,0.05,36.0,57.11,0,PC4
4.0,33.0,0.06,4.0,17.0,0.31,175.0,922.38,0,PC4
1.0,4.0,0.33,0.0,6.0,0.01,13.0,7.5,0,PC4
1.0,5.0,0.24,0.0,7.0,0.02,19.0,15.95,0,PC4
1.0,4.0,0.29,1.0,7.0,0.02,15.0,10.46,1,PC4
1.0,3.0,0.4,0.0,5.0,0.01,9.0,3.75,0,PC4
1.0,3.0,0.4,0.0,5.0,0.01,8.0,3.12,0,PC4
1.0,3.0,0.4,0.0,5.0,0.01,9.0,3.75,0,PC4
1.0,2.0,0.0,0.0,3.0,0.0,3.0,0.0,0,PC4
1.0,3.0,0.5,0.0,4.0,0.01,7.0,2.0,0,PC4
1.0,3.0,0.4,0.0,5.0,0.01,8.0,3.12,0,PC4
1.0,3.0,0.4,0.0,5.0,0.01,8.0,3.12,0,PC4
3.0,28.0,0.07,0.0,13.0,0.13,82.0,291.65,0,PC4
3.0,29.0,0.06,2.0,14.0,0.17,104.0,444.41,1,PC4
1.0,10.0,0.12,0.0,9.0,0.05,41.0,76.14,0,PC4
1.0,10.0,0.12,0.0,9.0,0.06,47.0,87.29,0,PC4
2.0,27.0,0.05,0.0,13.0,0.21,133.0,659.89,0,PC4
2.0,26.0,0.05,0.0,13.0,0.21,134.0,664.85,0,PC4
9.0,26.0,0.05,14.0,23.0,0.18,100.0,598.36,1,PC4
8.0,22.0,0.05,4.0,19.0,0.16,94.0,493.03,1,PC4
13.0,58.0,0.02,19.0,23.0,0.5,266.0,3477.28,1,PC4
3.0,36.0,0.04,4.0,14.0,0.28,170.0,1241.84,0,PC4
11.0,69.0,0.01,18.0,21.0,0.47,279.0,6805.91,1,PC4
9.0,59.0,0.03,5.0,24.0,0.46,241.0,2966.4,1,PC4
2.0,8.0,0.14,0.0,13.0,0.05,33.0,59.05,0,PC4
4.0,10.0,0.11,3.0,11.0,0.06,39.0,85.84,1,PC4
6.0,23.0,0.08,17.0,14.0,0.11,69.0,239.57,1,PC4
2.0,13.0,0.14,2.0,10.0,0.07,44.0,80.05,0,PC4
2.0,6.0,0.22,1.0,9.0,0.02,19.0,18.56,1,PC4
2.0,8.0,0.22,1.0,8.0,0.03,20.0,19.84,1,PC4
2.0,8.0,0.16,1.0,9.0,0.04,27.0,37.94,1,PC4
3.0,9.0,0.11,0.0,12.0,0.05,35.0,79.71,0,PC4
3.0,9.0,0.14,2.0,11.0,0.05,38.0,66.91,1,PC4
4.0,15.0,0.1,0.0,13.0,0.08,49.0,134.35,0,PC4
2.0,8.0,0.22,0.0,8.0,0.02,19.0,18.85,0,PC4
1.0,4.0,0.5,0.0,4.0,0.01,8.0,2.5,0,PC4
3.0,11.0,0.23,1.0,8.0,0.03,25.0,25.23,1,PC4
2.0,8.0,0.22,0.0,8.0,0.03,20.0,19.84,0,PC4
3.0,14.0,0.1,0.0,12.0,0.08,50.0,125.03,0,PC4
3.0,11.0,0.2,4.0,9.0,0.03,25.0,28.96,1,PC4
3.0,14.0,0.1,0.0,12.0,0.08,50.0,125.03,0,PC4
2.0,12.0,0.12,1.0,11.0,0.06,40.0,82.93,0,PC4
2.0,8.0,0.17,0.0,9.0,0.04,29.0,40.31,0,PC4
2.0,8.0,0.18,0.0,9.0,0.04,26.0,33.21,0,PC4
2.0,15.0,0.13,0.0,10.0,0.07,47.0,90.86,0,PC4
2.0,8.0,0.22,0.0,8.0,0.02,19.0,18.85,0,PC4
5.0,11.0,0.1,0.0,13.0,0.06,43.0,107.71,0,PC4
2.0,12.0,0.15,1.0,10.0,0.06,37.0,60.8,0,PC4
1.0,3.0,0.5,0.0,4.0,0.01,7.0,2.0,0,PC4
3.0,16.0,0.1,1.0,13.0,0.08,52.0,144.43,1,PC4
3.0,12.0,0.15,0.0,11.0,0.06,39.0,67.25,0,PC4
3.0,12.0,0.09,1.0,13.0,0.06,39.0,108.3,1,PC4
20.0,102.0,0.01,6.0,24.0,0.89,472.0,13552.19,1,PC4
1.0,3.0,0.33,0.0,6.0,0.01,11.0,5.5,0,PC4
5.0,41.0,0.03,5.0,20.0,0.4,224.0,2623.17,1,PC4
4.0,36.0,0.03,5.0,19.0,0.32,178.0,1600.2,0,PC4
15.0,102.0,0.01,20.0,26.0,0.79,425.0,12908.91,1,PC4
4.0,19.0,0.06,1.0,13.0,0.06,40.0,151.61,1,PC4
2.0,15.0,0.09,4.0,16.0,0.12,70.0,230.79,0,PC4
5.0,51.0,0.03,2.0,16.0,0.37,218.0,2184.98,1,PC4
5.0,27.0,0.08,1.0,16.0,0.11,69.0,232.96,1,PC4
1.0,4.0,0.22,0.0,6.0,0.02,21.0,17.44,0,PC4
13.0,63.0,0.02,11.0,25.0,0.46,245.0,3759.56,1,PC4
5.0,45.0,0.03,9.0,16.0,0.35,211.0,1699.72,1,PC4
2.0,12.0,0.1,3.0,12.0,0.06,41.0,101.16,1,PC4
3.0,14.0,0.07,1.0,16.0,0.09,58.0,227.19,1,PC4
4.0,41.0,0.06,21.0,12.0,0.22,136.0,570.0,1,PC4
1.0,3.0,0.33,0.0,6.0,0.01,9.0,4.5,0,PC4
7.0,32.0,0.06,9.0,13.0,0.18,111.0,475.31,1,PC4
9.0,33.0,0.03,4.0,18.0,0.2,124.0,1039.61,1,PC4
9.0,29.0,0.03,1.0,16.0,0.15,97.0,815.36,1,PC4
2.0,10.0,0.07,1.0,15.0,0.08,51.0,189.53,1,PC4
4.0,13.0,0.1,0.0,12.0,0.05,35.0,88.24,0,PC4
2.0,8.0,0.09,1.0,11.0,0.03,25.0,61.11,0,PC4
3.0,18.0,0.08,14.0,11.0,0.05,40.0,117.33,1,PC4
5.0,10.0,0.06,0.0,14.0,0.07,50.0,219.62,0,PC4
1.0,6.0,0.17,3.0,9.0,0.04,27.0,35.16,1,PC4
2.0,15.0,0.05,0.0,10.0,0.1,73.0,327.66,0,PC4
3.0,19.0,0.05,0.0,13.0,0.13,82.0,431.98,0,PC4
8.0,117.0,0.03,12.0,13.0,1.33,666.0,8205.29,1,PC4
1.0,6.0,0.5,0.0,4.0,0.02,15.0,5.0,0,PC4
2.0,8.0,0.1,2.0,9.0,0.03,27.0,56.54,1,PC4
2.0,37.0,0.03,6.0,15.0,0.36,205.0,1759.67,0,PC4
3.0,48.0,0.02,10.0,11.0,0.43,277.0,3129.67,1,PC4
3.0,26.0,0.06,10.0,8.0,0.18,126.0,491.94,1,PC4
5.0,192.0,0.02,37.0,19.0,2.72,1235.0,27888.34,1,PC4
2.0,19.0,0.12,0.0,10.0,0.16,93.0,215.74,1,PC4
3.0,67.0,0.03,3.0,11.0,0.56,340.0,3461.08,1,PC4
3.0,79.0,0.03,24.0,18.0,0.96,483.0,6191.07,1,PC4
2.0,13.0,0.26,0.0,7.0,0.04,33.0,28.85,1,PC4
1.0,22.0,0.03,4.0,7.0,0.17,138.0,810.91,1,PC4
1.0,40.0,0.08,6.0,8.0,0.54,293.0,1097.86,0,PC4
1.0,54.0,0.07,0.0,8.0,0.97,486.0,2171.38,0,PC4
1.0,24.0,0.08,1.0,8.0,0.23,146.0,499.87,1,PC4
1.0,8.0,0.19,6.0,6.0,0.04,36.0,38.06,0,PC4
1.0,18.0,0.1,13.0,8.0,0.2,127.0,339.19,0,PC4
1.0,9.0,0.33,0.0,6.0,0.04,28.0,18.23,0,PC4
2.0,15.0,0.11,0.0,11.0,0.11,70.0,178.95,0,PC4
2.0,9.0,0.1,0.0,11.0,0.04,31.0,70.42,0,PC4
3.0,16.0,0.13,0.0,8.0,0.09,61.0,116.58,0,PC4
3.0,16.0,0.09,1.0,13.0,0.12,70.0,210.39,0,PC4
1.0,5.0,0.22,0.0,6.0,0.03,23.0,20.61,0,PC4
2.0,13.0,0.18,0.0,8.0,0.07,47.0,63.52,0,PC4
6.0,35.0,0.04,0.0,16.0,0.24,135.0,882.43,0,PC4
1.0,14.0,0.1,0.0,9.0,0.08,57.0,134.37,0,PC4
6.0,37.0,0.04,0.0,19.0,0.25,139.0,991.73,0,PC4
6.0,41.0,0.04,9.0,14.0,0.31,185.0,1458.87,0,PC4
1.0,105.0,0.06,9.0,10.0,2.11,918.0,5947.75,0,PC4
1.0,14.0,0.24,3.0,7.0,0.08,55.0,57.45,1,PC4
2.0,29.0,0.08,1.0,12.0,0.21,118.0,438.88,1,PC4
6.0,43.0,0.06,6.0,15.0,0.31,172.0,900.12,1,PC4
3.0,198.0,0.02,2.0,18.0,3.41,1472.0,28826.59,1,PC4
1.0,14.0,0.18,0.0,7.0,0.07,50.0,62.65,0,PC4
2.0,12.0,0.1,7.0,12.0,0.05,38.0,92.24,1,PC4
2.0,9.0,0.1,1.0,11.0,0.04,28.0,64.11,0,PC4
7.0,33.0,0.04,7.0,16.0,0.31,178.0,1349.7,1,PC4
6.0,21.0,0.04,0.0,15.0,0.12,77.0,461.87,0,PC4
6.0,24.0,0.07,2.0,12.0,0.17,102.0,401.87,0,PC4
2.0,10.0,0.13,1.0,8.0,0.03,25.0,39.83,1,PC4
8.0,66.0,0.02,10.0,16.0,0.52,290.0,3839.34,1,PC4
2.0,24.0,0.06,1.0,10.0,0.14,96.0,404.63,0,PC4
5.0,16.0,0.04,0.0,13.0,0.16,99.0,619.24,0,PC4
2.0,13.0,0.1,1.0,11.0,0.06,41.0,93.13,1,PC4
3.0,62.0,0.01,4.0,16.0,1.29,702.0,17843.6,0,PC4
1.0,2.0,0.18,0.0,9.0,0.02,19.0,21.97,0,PC4
4.0,24.0,0.04,1.0,17.0,0.18,108.0,702.07,1,PC4
2.0,28.0,0.03,8.0,15.0,0.49,282.0,3144.02,1,PC4
19.0,160.0,0.01,68.0,24.0,2.4,1094.0,33743.77,1,PC4
6.0,28.0,0.03,2.0,17.0,0.38,215.0,2334.22,0,PC4
2.0,21.0,0.15,12.0,12.0,0.13,74.0,143.92,1,PC4
4.0,43.0,0.09,19.0,15.0,0.31,157.0,594.73,1,PC4
6.0,36.0,0.05,13.0,18.0,0.17,103.0,622.26,1,PC4
4.0,18.0,0.07,5.0,13.0,0.11,67.0,238.3,1,PC4
6.0,47.0,0.04,16.0,20.0,0.27,148.0,1084.81,1,PC4
16.0,104.0,0.02,52.0,23.0,0.65,339.0,4734.68,1,PC4
10.0,41.0,0.02,22.0,21.0,0.34,203.0,3660.15,1,PC4
5.0,20.0,0.11,2.0,13.0,0.08,53.0,125.91,1,PC4
11.0,79.0,0.03,13.0,14.0,0.54,321.0,3281.11,1,PC4
4.0,19.0,0.1,0.0,11.0,0.07,51.0,119.73,0,PC4
5.0,34.0,0.06,6.0,14.0,0.16,101.0,474.09,1,PC4
6.0,40.0,0.06,9.0,16.0,0.21,121.0,556.05,1,PC4
12.0,54.0,0.04,13.0,17.0,0.46,250.0,1770.53,1,PC4
8.0,47.0,0.04,14.0,17.0,0.5,265.0,1875.08,1,PC4
3.0,20.0,0.08,2.0,10.0,0.08,61.0,168.2,1,PC4
5.0,38.0,0.02,6.0,20.0,0.25,152.0,1863.58,1,PC4
7.0,36.0,0.02,3.0,19.0,0.22,135.0,1674.56,1,PC4
1.0,6.0,0.25,0.0,5.0,0.03,27.0,19.93,0,PC4
8.0,58.0,0.02,7.0,22.0,0.44,245.0,3431.24,1,PC4
2.0,42.0,0.03,1.0,13.0,0.37,229.0,2008.64,0,PC4
5.0,10.0,0.11,2.0,11.0,0.05,38.0,80.15,1,PC4
8.0,70.0,0.03,10.0,21.0,0.71,358.0,4367.19,1,PC4
5.0,30.0,0.05,5.0,17.0,0.14,86.0,502.99,1,PC4
1.0,8.0,0.23,0.0,6.0,0.05,39.0,38.65,0,PC4
4.0,27.0,0.07,8.0,16.0,0.16,93.0,410.14,1,PC4
2.0,12.0,0.14,3.0,7.0,0.03,27.0,37.64,1,PC4
4.0,22.0,0.05,3.0,16.0,0.11,67.0,334.67,1,PC4
2.0,13.0,0.11,0.0,8.0,0.04,30.0,54.27,0,PC4
1.0,4.0,0.38,1.0,4.0,0.01,11.0,4.57,1,PC4
1.0,4.0,0.5,1.0,4.0,0.01,11.0,3.67,1,PC4
1.0,4.0,0.38,1.0,4.0,0.01,11.0,4.57,1,PC4
2.0,13.0,0.11,0.0,8.0,0.04,30.0,54.27,0,PC4
3.0,43.0,0.04,3.0,11.0,0.28,174.0,1311.41,1,PC4
1.0,8.0,0.5,0.0,4.0,0.02,21.0,7.75,0,PC4
4.0,25.0,0.04,15.0,14.0,0.22,136.0,909.2,1,PC4
2.0,7.0,0.14,0.0,8.0,0.03,24.0,35.52,0,PC4
1.0,6.0,0.15,0.0,6.0,0.05,41.0,52.01,0,PC4
2.0,7.0,0.14,0.0,8.0,0.03,24.0,35.52,0,PC4
2.0,7.0,0.14,0.0,8.0,0.03,24.0,35.52,0,PC4
2.0,7.0,0.14,0.0,8.0,0.03,24.0,35.52,0,PC4
2.0,6.0,0.33,0.0,6.0,0.01,11.0,5.81,0,PC4
1.0,9.0,0.19,0.0,7.0,0.05,38.0,43.3,0,PC4
1.0,4.0,0.5,0.0,4.0,0.01,11.0,3.67,0,PC4
4.0,33.0,0.13,5.0,10.0,0.22,121.0,288.85,1,PC4
2.0,31.0,0.09,0.0,12.0,0.2,112.0,372.44,1,PC4
8.0,82.0,0.03,9.0,19.0,0.82,398.0,4352.69,1,PC4
11.0,68.0,0.02,15.0,21.0,0.66,355.0,7196.33,1,PC4
3.0,53.0,0.03,2.0,18.0,1.17,545.0,6515.33,1,PC4
1.0,6.0,0.33,0.0,5.0,0.02,18.0,9.97,0,PC4
2.0,8.0,0.1,0.0,9.0,0.03,27.0,56.54,0,PC4
2.0,7.0,0.16,0.0,7.0,0.02,16.0,18.83,0,PC4
2.0,24.0,0.05,3.0,12.0,0.15,101.0,501.67,1,PC4
1.0,10.0,0.09,0.0,10.0,0.07,52.0,136.35,0,PC4
1.0,6.0,0.11,0.0,10.0,0.03,26.0,50.79,0,PC4
16.0,89.0,0.02,25.0,21.0,0.59,316.0,4253.11,1,PC4
1.0,5.0,0.13,1.0,6.0,0.04,35.0,48.44,1,PC4
2.0,6.0,0.15,0.0,9.0,0.03,23.0,33.7,0,PC4
10.0,62.0,0.03,18.0,22.0,0.4,215.0,1986.27,1,PC4
1.0,17.0,0.06,0.0,8.0,0.12,83.0,307.65,0,PC4
7.0,67.0,0.02,40.0,20.0,0.47,257.0,3184.9,1,PC4
2.0,30.0,0.06,10.0,11.0,0.17,110.0,499.43,1,PC4
2.0,21.0,0.05,1.0,10.0,0.14,95.0,451.1,0,PC4
2.0,21.0,0.05,0.0,10.0,0.14,95.0,451.1,0,PC4
1.0,16.0,0.06,1.0,8.0,0.11,79.0,302.98,0,PC4
4.0,45.0,0.06,25.0,11.0,0.23,141.0,651.0,1,PC4
5.0,47.0,0.03,9.0,17.0,0.36,207.0,2369.5,1,PC4
6.0,38.0,0.03,3.0,16.0,0.34,201.0,1669.99,1,PC4
11.0,89.0,0.03,38.0,19.0,0.65,328.0,3324.48,1,PC4
3.0,22.0,0.09,4.0,14.0,0.15,85.0,266.44,1,PC4
8.0,45.0,0.02,4.0,23.0,0.37,203.0,2697.36,1,PC4
15.0,110.0,0.02,45.0,24.0,0.86,420.0,6226.48,0,PC4
3.0,17.0,0.08,0.0,12.0,0.14,83.0,301.68,0,PC4
3.0,25.0,0.06,3.0,12.0,0.17,104.0,458.3,1,PC4
3.0,38.0,0.04,1.0,18.0,0.41,221.0,1954.27,1,PC4
1.0,0.0,0.0,0.0,2.0,0.0,2.0,0.0,0,PC4
2.0,5.0,0.17,0.0,6.0,0.02,15.0,15.85,0,PC4
3.0,5.0,0.11,0.0,10.0,0.03,22.0,44.81,0,PC4
2.0,5.0,0.09,0.0,9.0,0.03,25.0,57.11,0,PC4
1.0,2.0,0.5,0.0,4.0,0.01,7.0,2.18,0,PC4
1.0,7.0,0.2,0.0,7.0,0.04,32.0,33.84,0,PC4
9.0,44.0,0.03,11.0,18.0,0.26,156.0,1612.09,1,PC4
2.0,16.0,0.17,1.0,8.0,0.05,35.0,46.67,1,PC4
1.0,10.0,0.19,3.0,6.0,0.06,45.0,54.0,1,PC4
7.0,42.0,0.04,3.0,21.0,0.21,122.0,1010.59,1,PC4
1.0,4.0,0.5,0.0,4.0,0.01,9.0,2.58,0,PC4
1.0,6.0,0.5,1.0,4.0,0.02,15.0,5.0,1,PC4
2.0,11.0,0.09,0.0,11.0,0.06,40.0,103.84,0,PC4
3.0,17.0,0.06,1.0,12.0,0.08,55.0,217.9,0,PC4
2.0,13.0,0.07,3.0,11.0,0.08,54.0,182.24,1,PC4
1.0,10.0,0.23,0.0,6.0,0.03,26.0,22.91,0,PC4
1.0,10.0,0.23,0.0,6.0,0.03,26.0,22.91,0,PC4
1.0,13.0,0.23,3.0,7.0,0.07,47.0,48.53,1,PC4
2.0,19.0,0.1,0.0,11.0,0.13,80.0,218.59,0,PC4
4.0,56.0,0.02,3.0,17.0,0.85,448.0,5647.21,0,PC4
1.0,9.0,0.15,1.0,10.0,0.04,28.0,41.48,0,PC4
4.0,41.0,0.04,10.0,10.0,0.7,392.0,2709.88,1,PC4
2.0,49.0,0.01,0.0,10.0,0.91,615.0,14030.18,0,PC4
2.0,23.0,0.09,16.0,11.0,0.38,202.0,689.43,1,PC4
2.0,34.0,0.04,1.0,10.0,0.58,339.0,2279.8,1,PC4
3.0,23.0,0.05,0.0,10.0,0.2,140.0,745.36,0,PC4
2.0,18.0,0.12,4.0,11.0,0.09,59.0,128.58,0,PC4
3.0,22.0,0.03,0.0,12.0,0.27,179.0,1702.91,0,PC4
3.0,35.0,0.03,5.0,11.0,0.53,323.0,2738.13,1,PC4
3.0,17.0,0.05,9.0,11.0,0.18,118.0,570.85,1,PC4
1.0,6.0,0.14,0.0,7.0,0.04,30.0,41.82,0,PC4
2.0,14.0,0.06,0.0,11.0,0.11,73.0,303.72,0,PC4
3.0,34.0,0.01,2.0,14.0,0.42,273.0,5154.33,1,PC4
2.0,13.0,0.1,1.0,12.0,0.07,48.0,125.01,0,PC4
3.0,15.0,0.17,2.0,9.0,0.05,38.0,52.82,0,PC4
3.0,25.0,0.11,4.0,8.0,0.16,99.0,254.47,0,PC4
2.0,17.0,0.16,0.0,8.0,0.1,60.0,100.1,0,PC4
5.0,33.0,0.08,3.0,11.0,0.22,127.0,437.47,1,PC4
2.0,9.0,0.09,0.0,10.0,0.07,50.0,137.66,0,PC4
2.0,10.0,0.08,0.0,12.0,0.07,46.0,142.18,0,PC4
1.0,6.0,0.21,0.0,7.0,0.04,30.0,31.11,0,PC4
7.0,22.0,0.1,1.0,12.0,0.16,94.0,265.53,1,PC4
3.0,23.0,0.07,18.0,15.0,0.11,67.0,254.42,0,PC4
3.0,10.0,0.06,5.0,13.0,0.07,52.0,199.42,0,PC4
1.0,2.0,0.5,0.0,4.0,0.0,5.0,1.29,0,PC4
2.0,12.0,0.13,6.0,7.0,0.07,54.0,92.3,0,PC4
3.0,15.0,0.07,6.0,11.0,0.09,64.0,228.44,0,PC4
1.0,5.0,0.17,3.0,8.0,0.03,22.0,27.92,0,PC4
1.0,6.0,0.16,4.0,8.0,0.04,27.0,36.84,0,PC4
1.0,2.0,0.5,1.0,4.0,0.01,6.0,1.72,0,PC4
1.0,10.0,0.1,2.0,14.0,0.08,48.0,124.3,0,PC4
14.0,0.0,0.0,0.0,0.0,0.0,0.0,0.0,0,PC4
19.0,36.0,0.02,0.0,24.0,0.43,230.0,3162.01,0,PC4
7.0,17.0,0.06,0.0,11.0,0.17,109.0,504.79,0,PC4
11.0,0.0,0.0,0.0,0.0,0.0,0.0,0.0,0,PC4
9.0,19.0,0.04,0.0,19.0,0.17,98.0,701.69,0,PC4
1.0,0.0,0.5,0.0,4.0,0.0,5.0,1.29,0,PC4
1.0,0.0,0.5,0.0,4.0,0.0,5.0,1.29,0,PC4
8.0,21.0,0.04,1.0,17.0,0.13,80.0,504.69,0,PC4
8.0,0.0,0.0,0.0,0.0,0.0,0.0,0.0,0,PC4
4.0,10.0,0.05,0.0,12.0,0.06,46.0,225.63,0,PC4
1.0,3.0,0.67,1.0,3.0,0.01,7.0,1.51,0,PC4
1.0,3.0,0.67,1.0,3.0,0.01,7.0,1.51,0,PC4
29.0,0.0,0.0,0.0,0.0,0.0,0.0,0.0,0,PC4
29.0,0.0,0.0,0.0,0.0,0.0,0.0,0.0,0,PC4
1.0,2.0,0.67,1.0,3.0,0.0,4.0,0.67,0,PC4
1.0,2.0,0.67,1.0,3.0,0.0,4.0,0.67,0,PC4
1.0,14.0,0.23,9.0,8.0,0.08,49.0,57.23,0,PC4
1.0,14.0,0.23,9.0,8.0,0.08,49.0,57.23,0,PC4
1.0,19.0,0.31,8.0,5.0,0.13,74.0,66.71,0,PC4
1.0,19.0,0.31,8.0,5.0,0.13,74.0,66.71,0,PC4
2.0,14.0,0.08,0.0,10.0,0.08,56.0,176.21,0,PC4
2.0,12.0,0.11,1.0,6.0,0.03,29.0,48.17,0,PC4
1.0,5.0,0.56,0.0,3.0,0.02,15.0,4.5,0,PC4
2.0,11.0,0.14,0.0,8.0,0.04,32.0,49.78,0,PC4
1.0,8.0,0.18,0.0,5.0,0.06,46.0,54.06,0,PC4
2.0,10.0,0.14,0.0,8.0,0.07,48.0,82.38,0,PC4
7.0,20.0,0.06,0.0,13.0,0.1,67.0,295.5,0,PC4
3.0,20.0,0.08,3.0,7.0,0.09,72.0,197.98,0,PC4
2.0,7.0,0.14,0.0,7.0,0.02,18.0,24.22,0,PC4
2.0,0.0,0.0,0.0,0.0,0.0,0.0,0.0,0,PC4
2.0,0.0,0.0,0.0,0.0,0.0,0.0,0.0,0,PC4
5.0,23.0,0.04,0.0,19.0,0.15,88.0,582.83,0,PC4
8.0,39.0,0.05,3.0,16.0,0.26,152.0,821.16,0,PC4
3.0,7.0,0.1,0.0,9.0,0.04,29.0,61.37,0,PC4
6.0,42.0,0.03,4.0,19.0,0.31,174.0,1489.46,0,PC4
17.0,54.0,0.03,8.0,17.0,0.28,163.0,1363.34,0,PC4
5.0,37.0,0.05,5.0,12.0,0.27,168.0,946.48,0,PC4
2.0,19.0,0.07,3.0,15.0,0.09,55.0,195.85,0,PC4
9.0,39.0,0.04,4.0,20.0,0.23,133.0,986.61,0,PC4
3.0,19.0,0.1,1.0,12.0,0.1,61.0,154.69,0,PC4
2.0,21.0,0.04,2.0,8.0,0.18,130.0,682.25,0,PC4
1.0,19.0,0.05,0.0,13.0,0.19,119.0,683.65,0,PC4
3.0,18.0,0.07,3.0,13.0,0.16,95.0,386.18,0,PC4
4.0,23.0,0.05,4.0,18.0,0.19,109.0,657.76,0,PC4
1.0,0.0,0.0,0.0,2.0,0.0,2.0,0.0,0,PC4
5.0,35.0,0.05,8.0,21.0,0.22,120.0,772.9,0,PC4
5.0,22.0,0.05,5.0,20.0,0.17,94.0,541.95,0,PC4
3.0,17.0,0.06,4.0,15.0,0.13,81.0,364.34,0,PC4
1.0,0.0,0.0,0.0,2.0,0.0,2.0,0.0,0,PC4
2.0,31.0,0.06,8.0,13.0,0.28,162.0,838.07,0,PC4
10.0,44.0,0.05,12.0,23.0,0.3,153.0,1006.17,0,PC4
11.0,51.0,0.03,9.0,16.0,0.38,213.0,1889.28,0,PC4
4.0,24.0,0.05,4.0,17.0,0.15,88.0,498.67,0,PC4
4.0,15.0,0.11,1.0,10.0,0.07,47.0,107.21,0,PC4
12.0,65.0,0.04,1.0,16.0,0.3,169.0,1191.14,0,PC4
23.0,63.0,0.03,9.0,19.0,0.62,326.0,3507.4,0,PC4
3.0,12.0,0.09,6.0,11.0,0.06,42.0,109.03,0,PC4
3.0,11.0,0.09,0.0,14.0,0.08,48.0,146.24,0,PC4
1.0,3.0,0.5,0.0,4.0,0.01,7.0,2.0,0,PC4
2.0,6.0,0.09,0.0,12.0,0.05,36.0,97.24,0,PC4
1.0,2.0,0.33,0.0,6.0,0.01,13.0,7.5,0,PC4
1.0,2.0,0.29,0.0,7.0,0.02,16.0,11.51,0,PC4
1.0,6.0,0.25,0.0,6.0,0.01,11.0,7.75,0,PC4
15.0,32.0,0.03,7.0,25.0,0.36,184.0,1962.84,0,PC4
2.0,7.0,0.14,0.0,9.0,0.03,22.0,33.5,0,PC4
9.0,33.0,0.05,0.0,16.0,0.29,155.0,925.76,0,PC4
5.0,15.0,0.09,0.0,14.0,0.11,67.0,216.38,0,PC4
3.0,8.0,0.07,0.0,13.0,0.05,37.0,122.97,0,PC4
10.0,48.0,0.02,17.0,26.0,0.47,243.0,3679.22,0,PC4
3.0,11.0,0.09,1.0,13.0,0.05,34.0,91.25,0,PC4
7.0,27.0,0.04,0.0,18.0,0.18,105.0,812.15,0,PC4
7.0,12.0,0.04,0.0,18.0,0.13,83.0,623.15,0,PC4
34.0,86.0,0.02,2.0,38.0,0.98,445.0,9652.62,0,PC4
20.0,47.0,0.02,0.0,30.0,0.56,289.0,6087.27,0,PC4
10.0,20.0,0.04,0.0,17.0,0.19,110.0,730.63,0,PC4
1.0,3.0,0.5,0.0,3.0,0.01,9.0,2.58,0,PC4
34.0,91.0,0.02,1.0,18.0,1.1,542.0,7887.54,0,PC4
34.0,84.0,0.02,0.0,31.0,0.93,444.0,9561.34,0,PC4
10.0,40.0,0.03,0.0,27.0,0.59,287.0,3852.26,0,PC4
23.0,66.0,0.02,2.0,25.0,0.7,347.0,5333.25,0,PC4
25.0,141.0,0.02,2.0,23.0,1.51,706.0,13942.04,0,PC4
1.0,0.0,0.4,0.0,5.0,0.01,6.0,2.15,0,PC4
1.0,0.0,0.0,0.0,2.0,0.0,2.0,0.0,0,PC4
1.0,0.0,0.0,0.0,2.0,0.0,2.0,0.0,0,PC4
17.0,62.0,0.01,7.0,22.0,0.78,409.0,8786.22,0,PC4
8.0,45.0,0.04,1.0,22.0,0.28,151.0,1145.75,0,PC4
19.0,81.0,0.02,6.0,23.0,0.51,267.0,3451.74,0,PC4
3.0,20.0,0.1,0.0,14.0,0.1,59.0,163.48,0,PC4
10.0,45.0,0.05,6.0,24.0,0.28,142.0,875.11,0,PC4
3.0,9.0,0.07,0.0,11.0,0.04,32.0,99.92,0,PC4
6.0,41.0,0.02,4.0,20.0,0.38,222.0,4033.63,0,PC4
14.0,84.0,0.02,12.0,24.0,0.88,451.0,9197.32,0,PC4
7.0,30.0,0.02,3.0,21.0,0.18,110.0,1335.16,0,PC4
7.0,30.0,0.02,4.0,21.0,0.18,110.0,1225.0,0,PC4
22.0,119.0,0.02,18.0,21.0,0.82,416.0,6211.42,0,PC4
7.0,30.0,0.02,5.0,21.0,0.18,110.0,1225.0,0,PC4
9.0,45.0,0.04,1.0,23.0,0.26,144.0,1052.37,0,PC4
4.0,9.0,0.05,4.0,12.0,0.05,36.0,166.77,0,PC4
20.0,62.0,0.01,7.0,26.0,0.64,344.0,8309.01,0,PC4
16.0,75.0,0.01,9.0,24.0,0.8,427.0,10804.65,0,PC4
35.0,120.0,0.01,25.0,24.0,0.85,452.0,11166.53,0,PC4
1.0,13.0,0.07,0.0,12.0,0.12,79.0,270.73,0,PC4
4.0,7.0,0.19,3.0,6.0,0.03,25.0,25.95,0,PC4
35.0,180.0,0.01,16.0,33.0,1.37,645.0,19101.36,0,PC4
3.0,52.0,0.05,2.0,17.0,0.53,267.0,1769.4,0,PC4
3.0,6.0,0.09,1.0,11.0,0.04,33.0,82.43,0,PC4
2.0,5.0,0.13,1.0,10.0,0.03,24.0,41.67,0,PC4
14.0,28.0,0.04,4.0,14.0,0.21,131.0,913.04,0,PC4
5.0,21.0,0.05,0.0,17.0,0.19,110.0,678.44,0,PC4
3.0,12.0,0.07,0.0,14.0,0.1,63.0,238.04,0,PC4
2.0,8.0,0.1,0.0,12.0,0.05,32.0,76.11,0,PC4
8.0,39.0,0.05,2.0,20.0,0.25,133.0,866.45,0,PC4
8.0,39.0,0.04,0.0,16.0,0.31,170.0,1300.61,0,PC4
10.0,35.0,0.07,0.0,14.0,0.28,150.0,670.74,0,PC4
13.0,43.0,0.05,0.0,21.0,0.34,175.0,1185.24,0,PC4
3.0,6.0,0.12,0.0,11.0,0.05,35.0,65.57,0,PC4
1.0,28.0,0.03,0.0,15.0,0.28,174.0,1493.83,0,PC4
4.0,8.0,0.09,0.0,10.0,0.06,48.0,115.56,0,PC4
2.0,11.0,0.12,4.0,9.0,0.07,48.0,94.3,0,PC4
1.0,10.0,0.03,0.0,5.0,0.19,163.0,1057.29,0,PC4
2.0,4.0,0.16,0.0,7.0,0.03,21.0,27.7,0,PC4
1.0,5.0,0.12,0.0,6.0,0.06,45.0,78.53,0,PC4
1.0,0.0,0.0,0.0,0.0,0.0,0.0,0.0,0,PC4
8.0,54.0,0.01,19.0,21.0,0.77,442.0,15839.12,0,PC4
1.0,8.0,0.06,0.0,6.0,0.11,86.0,293.32,0,PC4
8.0,54.0,0.01,19.0,20.0,0.75,433.0,15467.95,0,PC4
2.0,7.0,0.11,2.0,9.0,0.04,28.0,56.0,0,PC4
1.0,0.0,0.0,0.0,1.0,0.0,1.0,0.0,0,PC4
4.0,12.0,0.07,2.0,13.0,0.1,67.0,262.44,0,PC4
7.0,39.0,0.02,6.0,12.0,0.59,360.0,5444.4,0,PC4
8.0,38.0,0.02,7.0,14.0,0.49,292.0,4352.96,0,PC4
28.0,62.0,0.02,0.0,30.0,0.69,328.0,5118.24,0,PC4
4.0,12.0,0.08,0.0,13.0,0.08,50.0,153.72,0,PC4
3.0,17.0,0.09,0.0,10.0,0.06,46.0,119.89,1,PC4
2.0,7.0,0.09,0.0,10.0,0.04,30.0,72.99,0,PC4
2.0,5.0,0.2,0.0,5.0,0.01,11.0,8.58,0,PC4
12.0,45.0,0.03,6.0,17.0,0.36,205.0,2127.97,0,PC4
1.0,20.0,0.01,0.0,6.0,0.62,489.0,9502.92,0,PC4
3.0,10.0,0.11,0.0,8.0,0.06,42.0,85.62,0,PC4
3.0,10.0,0.11,0.0,8.0,0.06,42.0,85.62,0,PC4
7.0,17.0,0.05,0.0,8.0,0.15,102.0,465.33,0,PC4
1.0,8.0,0.04,0.0,6.0,0.16,128.0,649.79,0,PC4
6.0,34.0,0.03,12.0,16.0,0.18,108.0,858.0,1,PC4
2.0,7.0,0.11,2.0,9.0,0.04,28.0,56.0,0,PC4
2.0,5.0,0.11,0.0,7.0,0.03,26.0,47.12,0,PC4
1.0,2.0,0.25,0.0,8.0,0.02,13.0,10.36,0,PC4
1.0,21.0,0.03,0.0,8.0,0.32,223.0,1909.73,0,PC4
4.0,11.0,0.07,0.0,13.0,0.11,68.0,257.48,0,PC4
6.0,21.0,0.01,3.0,18.0,0.49,293.0,6207.63,0,PC4
12.0,33.0,0.01,5.0,19.0,0.55,325.0,8202.83,0,PC4
2.0,8.0,0.03,0.0,9.0,0.23,164.0,1428.15,0,PC4
4.0,13.0,0.05,0.0,14.0,0.14,84.0,465.5,0,PC4
3.0,20.0,0.02,2.0,12.0,0.45,279.0,3401.73,0,PC4
1.0,8.0,0.12,0.0,10.0,0.07,51.0,107.48,0,PC4
5.0,46.0,0.03,2.0,19.0,0.47,254.0,2577.91,0,PC4
8.0,44.0,0.04,8.0,19.0,0.28,161.0,1212.6,0,PC4
1.0,0.0,0.0,0.0,2.0,0.0,2.0,0.0,0,PC4
2.0,7.0,0.14,0.0,8.0,0.03,21.0,31.08,0,PC4
3.0,35.0,0.04,0.0,12.0,0.24,156.0,960.23,0,PC4
2.0,6.0,0.17,0.0,6.0,0.02,16.0,17.72,0,PC4
3.0,14.0,0.07,1.0,12.0,0.09,62.0,230.4,0,PC4
2.0,28.0,0.04,0.0,13.0,0.35,206.0,1333.59,0,PC4
2.0,15.0,0.03,0.0,7.0,0.12,100.0,571.6,0,PC4
2.0,11.0,0.05,0.0,7.0,0.08,70.0,283.01,0,PC4
2.0,11.0,0.07,0.0,7.0,0.06,49.0,136.63,0,PC4
3.0,20.0,0.04,1.0,8.0,0.15,118.0,702.5,0,PC4
4.0,36.0,0.09,3.0,15.0,0.24,129.0,438.51,0,PC4
22.0,76.0,0.05,2.0,33.0,0.44,209.0,1597.72,0,PC4
15.0,65.0,0.02,2.0,19.0,0.72,402.0,7859.26,0,PC4
10.0,50.0,0.02,6.0,22.0,0.38,211.0,2955.06,0,PC4
19.0,90.0,0.02,6.0,25.0,0.84,422.0,7033.33,0,PC4
3.0,19.0,0.08,1.0,15.0,0.1,63.0,218.43,0,PC4
2.0,9.0,0.22,1.0,7.0,0.03,25.0,23.8,0,PC4
1.0,4.0,0.33,0.0,4.0,0.01,14.0,7.0,0,PC4
2.0,32.0,0.05,0.0,12.0,0.24,148.0,733.08,0,PC4
7.0,20.0,0.09,2.0,15.0,0.12,74.0,233.3,0,PC4
6.0,29.0,0.03,4.0,13.0,0.28,181.0,1716.34,0,PC4
7.0,28.0,0.03,6.0,21.0,0.23,132.0,1438.76,0,PC4
7.0,40.0,0.03,0.0,17.0,0.33,194.0,1879.6,0,PC4
17.0,70.0,0.02,6.0,24.0,0.75,395.0,7385.73,0,PC4
15.0,60.0,0.02,9.0,25.0,0.52,272.0,3898.33,0,PC4
10.0,61.0,0.02,2.0,20.0,0.62,341.0,4955.82,0,PC4
7.0,31.0,0.02,4.0,15.0,0.32,198.0,2147.05,0,PC4
10.0,31.0,0.03,3.0,17.0,0.24,146.0,1268.67,0,PC4
5.0,21.0,0.05,1.0,16.0,0.17,103.0,559.42,0,PC4
20.0,73.0,0.01,10.0,22.0,1.06,596.0,22902.56,0,PC4
8.0,25.0,0.03,2.0,20.0,0.21,123.0,1166.68,0,PC4
4.0,12.0,0.04,2.0,14.0,0.09,60.0,351.39,0,PC4
3.0,11.0,0.05,2.0,11.0,0.07,51.0,222.94,0,PC4
8.0,38.0,0.03,1.0,19.0,0.37,206.0,1956.26,0,PC4
5.0,26.0,0.03,2.0,17.0,0.19,118.0,925.43,0,PC4
2.0,6.0,0.15,1.0,8.0,0.02,16.0,20.5,0,PC4
7.0,30.0,0.02,5.0,21.0,0.29,170.0,2187.45,0,PC4
5.0,18.0,0.05,1.0,16.0,0.15,91.0,498.75,0,PC4
8.0,46.0,0.03,2.0,20.0,0.43,238.0,2651.53,0,PC4
9.0,38.0,0.02,6.0,16.0,0.41,245.0,3096.53,0,PC4
4.0,12.0,0.1,3.0,10.0,0.05,37.0,82.22,0,PC4
1.0,14.0,0.05,1.0,9.0,0.14,100.0,486.49,0,PC4
8.0,60.0,0.03,7.0,18.0,0.42,237.0,2654.4,0,PC4
1.0,0.0,0.0,0.0,2.0,0.0,2.0,0.0,0,PC4
2.0,7.0,0.15,1.0,8.0,0.02,18.0,23.06,0,PC4
6.0,24.0,0.05,6.0,14.0,0.17,104.0,523.94,0,PC4
7.0,29.0,0.06,2.0,21.0,0.15,86.0,397.73,0,PC4
6.0,25.0,0.02,2.0,19.0,0.25,150.0,1699.56,0,PC4
3.0,11.0,0.1,0.0,14.0,0.06,41.0,100.97,0,PC4
4.0,16.0,0.06,0.0,17.0,0.13,78.0,351.92,0,PC4
1.0,6.0,0.12,0.0,12.0,0.05,34.0,68.78,0,PC4
8.0,25.0,0.02,3.0,15.0,0.22,142.0,1507.09,0,PC4
1.0,19.0,0.06,4.0,8.0,0.22,155.0,632.68,0,PC4
5.0,26.0,0.04,3.0,16.0,0.14,89.0,594.97,0,PC4
4.0,15.0,0.09,0.0,15.0,0.09,57.0,173.07,0,PC4
14.0,32.0,0.03,3.0,18.0,0.27,160.0,1500.8,0,PC4
3.0,14.0,0.07,2.0,16.0,0.1,63.0,257.99,0,PC4
2.0,7.0,0.11,0.0,7.0,0.05,42.0,80.59,0,PC4
1.0,6.0,0.17,0.0,8.0,0.03,27.0,34.27,0,PC4
2.0,11.0,0.09,0.0,10.0,0.06,43.0,111.48,0,PC4
2.0,9.0,0.11,0.0,11.0,0.05,35.0,72.86,0,PC4
2.0,9.0,0.1,0.0,12.0,0.05,34.0,78.77,0,PC4
2.0,11.0,0.11,4.0,10.0,0.07,48.0,106.48,0,PC4
1.0,10.0,0.03,0.0,5.0,0.19,163.0,1057.29,0,PC4
2.0,4.0,0.16,0.0,7.0,0.03,21.0,27.7,0,PC4
2.0,7.0,0.15,0.0,8.0,0.02,19.0,24.34,0,PC4
2.0,6.0,0.1,0.0,9.0,0.04,31.0,70.65,0,PC4
1.0,8.0,0.11,0.0,6.0,0.03,31.0,49.13,0,PC4
2.0,9.0,0.13,0.0,10.0,0.04,28.0,48.62,0,PC4
8.0,22.0,0.04,0.0,14.0,0.19,120.0,913.4,0,PC4
1.0,14.0,0.05,0.0,4.0,0.13,121.0,446.61,0,PC4
1.0,10.0,0.26,0.0,6.0,0.04,32.0,27.75,0,PC4
7.0,18.0,0.08,0.0,10.0,0.14,91.0,311.89,0,PC4
5.0,18.0,0.07,1.0,15.0,0.08,51.0,188.6,0,PC4
2.0,4.0,0.33,0.0,6.0,0.01,9.0,4.75,0,PC4
6.0,12.0,0.05,0.0,16.0,0.11,70.0,336.34,0,PC4
7.0,19.0,0.05,0.0,17.0,0.14,90.0,485.0,0,PC4
10.0,29.0,0.05,0.0,24.0,0.21,115.0,722.55,0,PC4
5.0,10.0,0.06,0.0,15.0,0.08,52.0,208.27,0,PC4
5.0,10.0,0.09,0.0,11.0,0.09,63.0,173.77,0,PC4
6.0,13.0,0.07,0.0,12.0,0.13,89.0,317.51,0,PC4
3.0,6.0,0.12,0.0,11.0,0.05,35.0,65.57,0,PC4
3.0,9.0,0.18,0.0,7.0,0.02,20.0,22.31,0,PC4
1.0,2.0,0.67,0.0,3.0,0.0,4.0,0.67,0,PC4
1.0,2.0,0.25,0.0,8.0,0.02,16.0,13.16,0,PC4
1.0,2.0,0.29,0.0,7.0,0.02,15.0,10.46,0,PC4
2.0,12.0,0.13,0.0,11.0,0.11,66.0,134.88,0,PC4
3.0,17.0,0.12,0.0,8.0,0.09,63.0,129.32,0,PC4
1.0,0.0,0.0,0.0,0.0,0.0,0.0,0.0,0,PC4
2.0,6.0,0.16,0.0,7.0,0.02,17.0,20.01,0,PC4
3.0,10.0,0.09,0.0,9.0,0.05,35.0,85.0,0,PC4
2.0,15.0,0.13,0.0,12.0,0.16,88.0,200.71,0,PC4
1.0,3.0,0.4,0.0,5.0,0.01,9.0,3.75,0,PC4
3.0,17.0,0.12,0.0,8.0,0.09,63.0,129.32,0,PC4
1.0,2.0,0.67,0.0,3.0,0.0,4.0,0.67,0,PC4
13.0,60.0,0.03,0.0,14.0,0.7,372.0,3583.43,0,PC4
4.0,12.0,0.09,0.0,11.0,0.06,41.0,113.09,0,PC4
1.0,8.0,0.05,0.0,10.0,0.04,30.0,133.63,0,PC4
1.0,2.0,0.5,0.0,4.0,0.01,11.0,3.87,0,PC4
1.0,10.0,0.19,0.0,8.0,0.03,21.0,23.69,0,PC4
6.0,20.0,0.03,1.0,17.0,0.12,77.0,690.67,0,PC4
1.0,8.0,0.15,0.0,10.0,0.03,20.0,29.63,0,PC4
8.0,19.0,0.06,0.0,16.0,0.14,82.0,410.0,0,PC4
4.0,0.0,0.0,0.0,0.0,0.0,0.0,0.0,0,PC4
3.0,6.0,0.2,0.0,9.0,0.03,24.0,27.59,0,PC4
3.0,8.0,0.06,0.0,12.0,0.05,34.0,129.71,0,PC4
5.0,14.0,0.09,0.0,13.0,0.09,55.0,156.79,0,PC4
72.0,57.0,0.03,0.0,16.0,0.99,482.0,5149.89,0,PC4
5.0,0.0,0.0,0.0,0.0,0.0,0.0,0.0,0,PC4
5.0,0.0,0.0,0.0,0.0,0.0,0.0,0.0,0,PC4
3.0,10.0,0.07,0.0,12.0,0.05,34.0,110.27,0,PC4
3.0,13.0,0.1,0.0,11.0,0.06,43.0,109.65,0,PC4
2.0,2.0,0.05,0.0,14.0,0.05,35.0,148.36,0,PC4
4.0,9.0,0.07,0.0,13.0,0.08,50.0,179.69,0,PC4
7.0,0.0,0.0,0.0,0.0,0.0,0.0,0.0,0,PC4
5.0,0.0,0.0,0.0,0.0,0.0,0.0,0.0,0,PC4
2.0,6.0,0.12,0.0,8.0,0.03,27.0,49.5,0,PC4
6.0,18.0,0.05,0.0,17.0,0.13,81.0,460.21,0,PC4
8.0,26.0,0.04,0.0,20.0,0.2,113.0,785.13,0,PC4
3.0,6.0,0.1,0.0,9.0,0.04,29.0,61.37,0,PC4
1.0,2.0,0.67,0.0,3.0,0.01,7.0,1.51,0,PC4
3.0,12.0,0.1,0.0,13.0,0.06,43.0,112.39,0,PC4
8.0,20.0,0.06,0.0,16.0,0.24,133.0,671.65,0,PC4
36.0,87.0,0.03,4.0,21.0,0.95,451.0,5690.1,0,PC4
3.0,0.0,0.0,0.0,0.0,0.0,0.0,0.0,0,PC4
12.0,48.0,0.04,1.0,20.0,0.44,225.0,1866.61,0,PC4
3.0,11.0,0.19,0.0,9.0,0.05,34.0,43.42,0,PC4
1.0,6.0,0.14,0.0,10.0,0.05,33.0,56.25,0,PC4
2.0,0.0,0.0,0.0,0.0,0.0,0.0,0.0,0,PC4
7.0,19.0,0.06,0.0,18.0,0.16,90.0,468.85,0,PC4
1.0,6.0,0.35,0.0,5.0,0.02,18.0,10.24,0,PC4
10.0,11.0,0.04,0.0,13.0,0.15,97.0,598.6,0,PC4
18.0,59.0,0.03,0.0,22.0,0.55,283.0,3603.84,0,PC4
10.0,21.0,0.06,1.0,15.0,0.19,109.0,547.44,0,PC4
2.0,5.0,0.25,0.0,8.0,0.03,21.0,18.67,0,PC4
2.0,10.0,0.25,0.0,6.0,0.05,33.0,30.58,0,PC4
11.0,20.0,0.03,0.0,13.0,0.21,138.0,1079.95,0,PC4
3.0,9.0,0.09,0.0,8.0,0.05,43.0,97.02,0,PC4
26.0,80.0,0.02,0.0,22.0,0.89,438.0,6679.35,0,PC4
4.0,14.0,0.05,0.0,15.0,0.15,92.0,476.51,0,PC4
2.0,5.0,0.18,0.0,7.0,0.02,18.0,20.08,0,PC4
1.0,2.0,0.67,0.0,3.0,0.0,5.0,0.97,0,PC4
2.0,10.0,0.11,0.0,11.0,0.06,42.0,93.65,0,PC4
7.0,22.0,0.06,0.0,12.0,0.18,111.0,482.38,0,PC4
3.0,7.0,0.21,0.0,6.0,0.02,18.0,16.61,0,PC4
7.0,0.0,0.0,0.0,0.0,0.0,0.0,0.0,0,PC4
21.0,75.0,0.02,4.0,26.0,0.92,430.0,6486.06,0,PC4
4.0,8.0,0.06,0.0,14.0,0.07,45.0,175.92,0,PC4
4.0,10.0,0.06,0.0,13.0,0.08,52.0,204.69,0,PC4
1.0,2.0,0.67,0.0,3.0,0.0,5.0,0.97,0,PC4
3.0,7.0,0.14,0.0,10.0,0.03,25.0,40.55,0,PC4
7.0,10.0,0.05,0.0,15.0,0.1,62.0,323.91,0,PC4
3.0,10.0,0.1,0.0,13.0,0.05,33.0,82.66,0,PC4
17.0,141.0,0.01,7.0,35.0,1.28,598.0,18631.74,0,PC4
4.0,15.0,0.07,2.0,13.0,0.07,48.0,164.66,0,PC4
2.0,9.0,0.13,1.0,7.0,0.03,26.0,40.53,0,PC4
2.0,32.0,0.07,1.0,13.0,0.29,165.0,692.92,0,PC4
3.0,47.0,0.07,4.0,13.0,0.43,222.0,963.59,0,PC4
1.0,11.0,0.12,0.0,9.0,0.07,52.0,102.15,0,PC4
6.0,30.0,0.03,3.0,20.0,0.25,140.0,1319.81,0,PC4
8.0,49.0,0.05,2.0,22.0,0.25,131.0,777.45,0,PC4
10.0,60.0,0.04,2.0,21.0,0.33,172.0,1252.09,0,PC4
5.0,24.0,0.07,4.0,13.0,0.11,70.0,251.14,0,PC4
1.0,2.0,0.5,1.0,4.0,0.01,7.0,2.18,0,PC4
9.0,44.0,0.05,4.0,21.0,0.27,141.0,824.25,0,PC4
2.0,6.0,0.18,1.0,7.0,0.02,17.0,18.96,0,PC4
1.0,0.0,0.0,0.0,2.0,0.0,2.0,0.0,0,PC4
1.0,0.0,0.0,0.0,2.0,0.0,2.0,0.0,0,PC4
1.0,13.0,0.07,1.0,17.0,0.16,92.0,390.1,0,PC4
4.0,8.0,0.08,0.0,8.0,0.03,26.0,59.96,0,PC4
4.0,35.0,0.04,0.0,21.0,0.21,117.0,802.91,0,PC4
3.0,5.0,0.25,0.0,6.0,0.02,19.0,15.14,0,PC4
6.0,24.0,0.08,2.0,15.0,0.2,111.0,403.8,0,PC4
2.0,7.0,0.15,1.0,10.0,0.04,27.0,43.0,0,PC4
3.0,8.0,0.11,1.0,9.0,0.05,35.0,70.0,0,PC4
2.0,5.0,0.21,0.0,8.0,0.02,19.0,18.75,0,PC4
5.0,21.0,0.07,0.0,14.0,0.12,73.0,294.21,0,PC4
2.0,9.0,0.17,0.0,8.0,0.04,27.0,36.0,0,PC4
2.0,9.0,0.15,0.0,9.0,0.04,27.0,41.39,0,PC4
3.0,6.0,0.24,0.0,6.0,0.02,21.0,16.95,0,PC4
5.0,6.0,0.16,0.0,8.0,0.04,29.0,39.57,0,PC4
3.0,6.0,0.2,0.0,7.0,0.03,21.0,20.49,0,PC4
3.0,5.0,0.21,0.0,8.0,0.02,17.0,16.78,0,PC4
3.0,5.0,0.21,0.0,8.0,0.02,17.0,16.78,0,PC4
3.0,5.0,0.21,0.0,8.0,0.02,17.0,16.78,0,PC4
2.0,13.0,0.18,0.0,11.0,0.03,24.0,31.69,0,PC4
3.0,5.0,0.21,0.0,8.0,0.02,17.0,16.78,0,PC4
7.0,7.0,0.14,0.0,8.0,0.06,41.0,66.21,0,PC4
1.0,0.0,0.0,0.0,2.0,0.0,2.0,0.0,0,PC4
1.0,0.0,0.0,0.0,2.0,0.0,2.0,0.0,0,PC4
2.0,6.0,0.5,0.0,4.0,0.01,10.0,3.12,0,PC4
9.0,19.0,0.04,0.0,18.0,0.26,144.0,1132.39,0,PC4
1.0,5.0,0.2,0.0,6.0,0.01,12.0,10.57,0,PC4
2.0,6.0,0.07,0.0,9.0,0.02,19.0,51.09,0,PC4
5.0,18.0,0.06,0.0,12.0,0.18,109.0,511.59,0,PC4
1.0,0.0,0.0,0.0,1.0,0.0,1.0,0.0,0,PC4
1.0,0.0,0.0,0.0,1.0,0.0,1.0,0.0,0,PC4
73.0,142.0,0.01,3.0,33.0,2.53,1052.0,30650.65,0,PC4
7.0,20.0,0.05,0.0,15.0,0.24,137.0,872.66,0,PC4
4.0,11.0,0.08,0.0,13.0,0.07,48.0,146.01,0,PC4
2.0,2.0,0.67,0.0,3.0,0.0,4.0,0.67,0,PC4
6.0,22.0,0.03,0.0,23.0,0.16,95.0,796.53,0,PC4
53.0,0.0,0.0,0.0,0.0,0.0,0.0,0.0,0,PC4
2.0,5.0,0.11,0.0,9.0,0.02,17.0,30.47,0,PC4
3.0,10.0,0.09,0.0,15.0,0.08,50.0,149.93,0,PC4
4.0,10.0,0.09,0.0,13.0,0.07,44.0,126.39,0,PC4
4.0,11.0,0.08,0.0,16.0,0.1,61.0,217.21,0,PC4
14.0,45.0,0.05,0.0,23.0,0.47,224.0,1650.75,0,PC4
17.0,36.0,0.02,2.0,24.0,0.34,184.0,2494.64,0,PC4
19.0,50.0,0.02,4.0,21.0,0.53,277.0,3654.67,0,PC4
13.0,47.0,0.08,5.0,15.0,0.4,198.0,864.51,0,PC4
7.0,18.0,0.05,0.0,14.0,0.2,118.0,611.85,0,PC4
1.0,2.0,0.5,0.0,4.0,0.01,7.0,2.18,0,PC4
2.0,12.0,0.11,0.0,11.0,0.09,56.0,132.21,0,PC4
1.0,6.0,0.14,0.0,11.0,0.02,16.0,24.82,0,PC4
8.0,19.0,0.01,0.0,20.0,0.19,120.0,2290.97,0,PC4
6.0,0.0,0.0,0.0,0.0,0.0,0.0,0.0,0,PC4
2.0,0.0,0.0,0.0,0.0,0.0,0.0,0.0,0,PC4
1.0,0.0,0.0,0.0,2.0,0.0,2.0,0.0,0,PC4
1.0,0.0,0.0,0.0,2.0,0.0,2.0,0.0,0,PC4
5.0,16.0,0.03,3.0,13.0,0.1,70.0,518.99,0,PC4
15.0,85.0,0.02,7.0,25.0,0.55,307.0,6086.18,0,PC4
2.0,20.0,0.05,5.0,15.0,0.19,118.0,685.07,0,PC4
3.0,40.0,0.03,6.0,20.0,0.44,233.0,2305.69,0,PC4
4.0,19.0,0.07,4.0,15.0,0.14,81.0,311.6,0,PC4
14.0,73.0,0.04,11.0,24.0,0.4,203.0,1865.36,0,PC4
3.0,10.0,0.13,1.0,12.0,0.05,33.0,63.77,0,PC4
3.0,10.0,0.13,1.0,12.0,0.05,33.0,63.77,0,PC4
2.0,5.0,0.23,0.0,7.0,0.02,14.0,11.77,0,PC4
4.0,8.0,0.11,0.0,10.0,0.07,48.0,101.21,0,PC4
3.0,6.0,0.13,0.0,10.0,0.05,34.0,56.67,0,PC4
4.0,8.0,0.1,0.0,10.0,0.07,51.0,115.81,0,PC4
2.0,0.0,0.0,0.0,0.0,0.0,0.0,0.0,0,PC4
7.0,36.0,0.03,0.0,14.0,0.26,156.0,1308.3,0,PC4
14.0,46.0,0.02,1.0,27.0,0.42,216.0,2858.96,0,PC4
1.0,5.0,0.5,0.0,4.0,0.0,5.0,1.29,0,PC4
5.0,11.0,0.07,0.0,13.0,0.08,51.0,183.28,0,PC4
12.0,43.0,0.02,2.0,27.0,0.47,246.0,3533.82,0,PC4
7.0,27.0,0.05,4.0,15.0,0.15,95.0,467.0,0,PC4
1.0,0.0,0.0,0.0,2.0,0.0,2.0,0.0,0,PC4
8.0,36.0,0.03,0.0,19.0,0.29,164.0,1454.41,0,PC4
17.0,70.0,0.03,3.0,32.0,0.48,236.0,2740.76,0,PC4
2.0,12.0,0.2,1.0,6.0,0.04,33.0,35.81,0,PC4
5.0,20.0,0.04,0.0,16.0,0.11,74.0,475.16,0,PC4
5.0,22.0,0.02,2.0,13.0,0.16,112.0,1116.73,0,PC4
9.0,29.0,0.04,1.0,13.0,0.12,81.0,487.61,0,PC4
2.0,17.0,0.11,0.0,12.0,0.16,94.0,244.57,0,PC4
6.0,38.0,0.05,0.0,18.0,0.34,182.0,1043.23,0,PC4
10.0,46.0,0.03,0.0,11.0,0.3,194.0,1533.69,0,PC4
2.0,19.0,0.1,0.0,13.0,0.11,68.0,180.94,0,PC4
1.0,19.0,0.07,0.0,9.0,0.18,118.0,405.77,0,PC4
3.0,10.0,0.17,0.0,9.0,0.04,29.0,40.04,0,PC4
1.0,9.0,0.09,0.0,5.0,0.06,51.0,103.53,0,PC4
15.0,80.0,0.02,0.0,25.0,0.83,430.0,8516.8,0,PC4
5.0,22.0,0.06,0.0,15.0,0.15,89.0,424.85,0,PC4
5.0,32.0,0.05,0.0,17.0,0.26,147.0,819.17,0,PC4
3.0,12.0,0.27,0.0,6.0,0.04,30.0,23.8,0,PC4
1.0,0.0,0.0,0.0,2.0,0.0,2.0,0.0,0,PC4
9.0,29.0,0.03,5.0,27.0,0.37,190.0,2181.15,0,PC4
1.0,0.0,0.0,0.0,1.0,0.0,1.0,0.0,0,PC4
15.0,37.0,0.02,3.0,27.0,0.78,396.0,7822.82,0,PC4
1.0,0.0,0.0,0.0,1.0,0.0,1.0,0.0,0,PC4
16.0,64.0,0.02,2.0,27.0,0.6,305.0,4962.1,0,PC4
4.0,9.0,0.04,0.0,16.0,0.07,46.0,269.4,0,PC4
2.0,3.0,0.29,0.0,7.0,0.01,9.0,5.55,0,PC4
2.0,12.0,0.05,0.0,14.0,0.32,183.0,1079.98,0,PC4
1.0,0.0,0.0,0.0,1.0,0.0,1.0,0.0,0,PC4
3.0,5.0,0.1,0.0,12.0,0.04,32.0,74.13,0,PC4
7.0,21.0,0.04,0.0,21.0,0.17,100.0,721.73,0,PC4
1.0,0.0,0.0,0.0,1.0,0.0,1.0,0.0,0,PC4
3.0,22.0,0.04,8.0,20.0,0.29,160.0,1230.18,0,PC4
5.0,19.0,0.07,0.0,15.0,0.11,66.0,269.88,0,PC4
9.0,27.0,0.03,3.0,17.0,0.21,127.0,1061.12,0,PC4
1.0,16.0,0.18,0.0,8.0,0.12,72.0,113.33,0,PC4
10.0,39.0,0.03,4.0,22.0,0.23,131.0,1173.84,0,PC4
10.0,39.0,0.03,4.0,22.0,0.23,131.0,1173.84,0,PC4
1.0,9.0,0.17,0.0,7.0,0.05,39.0,51.74,0,PC4
1.0,10.0,0.25,1.0,6.0,0.07,44.0,42.92,0,PC4
1.0,6.0,0.25,0.0,5.0,0.03,27.0,22.55,0,PC4
1.0,6.0,0.25,0.0,5.0,0.03,27.0,22.55,0,PC4
1.0,49.0,0.04,1.0,17.0,0.51,268.0,1912.93,0,PC4
1.0,21.0,0.15,0.0,5.0,0.22,141.0,253.95,0,PC4
1.0,30.0,0.06,0.0,13.0,0.36,203.0,1013.33,0,PC4
1.0,30.0,0.06,0.0,13.0,0.36,203.0,1013.33,0,PC4
1.0,94.0,0.03,2.0,22.0,0.87,426.0,5129.68,0,PC4
5.0,27.0,0.05,4.0,17.0,0.17,101.0,528.11,0,PC4
11.0,26.0,0.05,0.0,14.0,0.18,107.0,577.93,0,PC4
3.0,20.0,0.1,1.0,11.0,0.13,78.0,218.44,0,PC4
1.0,4.0,0.27,0.0,5.0,0.01,9.0,5.26,0,PC4
1.0,2.0,0.5,0.0,4.0,0.01,7.0,2.18,0,PC4
1.0,2.0,0.5,0.0,4.0,0.01,6.0,1.72,0,PC4
1.0,5.0,0.11,0.0,9.0,0.02,20.0,37.0,0,PC4
1.0,5.0,0.19,2.0,6.0,0.02,17.0,16.47,0,PC4
1.0,2.0,0.5,0.0,4.0,0.01,6.0,1.72,0,PC4
1.0,5.0,0.13,0.0,8.0,0.02,19.0,30.27,0,PC4
1.0,5.0,0.23,2.0,5.0,0.02,16.0,12.33,0,PC4
1.0,2.0,0.29,0.0,7.0,0.01,10.0,6.16,0,PC4
1.0,4.0,0.21,0.0,7.0,0.01,12.0,10.33,0,PC4
1.0,2.0,0.5,0.0,4.0,0.01,6.0,1.72,0,PC4
1.0,18.0,0.19,0.0,7.0,0.13,76.0,109.82,0,PC4
3.0,12.0,0.09,0.0,14.0,0.08,48.0,146.24,0,PC4
1.0,5.0,0.14,0.0,8.0,0.03,21.0,31.08,0,PC4
3.0,14.0,0.09,0.0,13.0,0.09,58.0,165.34,0,PC4
1.0,7.0,0.2,0.0,6.0,0.04,31.0,33.64,0,PC4
4.0,19.0,0.07,1.0,14.0,0.09,57.0,208.39,0,PC4
1.0,8.0,0.16,0.0,7.0,0.1,68.0,106.13,0,PC4
4.0,22.0,0.03,3.0,15.0,0.16,101.0,773.26,0,PC4
4.0,0.0,0.0,0.0,0.0,0.0,0.0,0.0,0,PC4
3.0,9.0,0.1,0.0,15.0,0.04,29.0,75.16,0,PC4
1.0,12.0,0.22,0.0,7.0,0.07,48.0,55.38,0,PC4
2.0,8.0,0.16,0.0,10.0,0.04,27.0,39.09,0,PC4
2.0,7.0,0.19,0.0,9.0,0.03,20.0,22.84,0,PC4
1.0,96.0,0.03,2.0,26.0,0.55,277.0,3606.6,0,PC4
8.0,73.0,0.13,0.0,9.0,0.35,182.0,457.48,0,PC4
1.0,14.0,0.2,0.0,8.0,0.09,57.0,76.19,0,PC4
2.0,11.0,0.17,0.0,10.0,0.05,36.0,51.86,0,PC4
1.0,12.0,0.28,0.0,6.0,0.07,48.0,44.97,0,PC4
1.0,6.0,0.3,0.0,5.0,0.03,26.0,18.33,0,PC4
1.0,0.0,0.0,0.0,0.0,0.0,0.0,0.0,0,PC4
24.0,0.0,0.0,0.0,0.0,0.0,0.0,0.0,0,PC4
1.0,2.0,0.29,0.0,7.0,0.01,12.0,8.07,0,PC4
14.0,94.0,0.02,9.0,21.0,0.51,269.0,3450.85,0,PC4
1.0,14.0,0.18,2.0,7.0,0.07,50.0,65.39,0,PC4
2.0,11.0,0.16,0.0,10.0,0.04,27.0,39.09,0,PC4
3.0,11.0,0.12,0.0,11.0,0.05,32.0,62.3,0,PC4
6.0,28.0,0.03,1.0,19.0,0.24,141.0,1222.08,0,PC4
3.0,11.0,0.23,2.0,7.0,0.03,24.0,22.79,0,PC4
1.0,2.0,0.5,0.0,4.0,0.01,7.0,2.18,0,PC4
1.0,5.0,0.18,0.0,8.0,0.03,26.0,31.78,0,PC4
1.0,4.0,0.29,0.0,7.0,0.02,17.0,12.59,0,PC4
2.0,3.0,0.13,0.0,10.0,0.04,27.0,45.0,0,PC4
2.0,4.0,0.11,0.0,8.0,0.04,29.0,57.25,0,PC4
2.0,5.0,0.13,0.0,10.0,0.03,25.0,41.67,0,PC4
21.0,50.0,0.01,1.0,30.0,0.68,345.0,7755.26,0,PC4
27.0,116.0,0.03,1.0,24.0,0.99,482.0,6559.03,0,PC4
6.0,37.0,0.03,0.0,28.0,0.4,203.0,2157.22,0,PC4
6.0,26.0,0.07,1.0,14.0,0.22,124.0,523.14,0,PC4
2.0,8.0,0.15,1.0,10.0,0.04,31.0,48.38,0,PC4
3.0,7.0,0.12,1.0,8.0,0.04,32.0,58.66,0,PC4
3.0,5.0,0.25,0.0,6.0,0.02,19.0,15.14,0,PC4
1.0,4.0,0.27,0.0,6.0,0.01,12.0,8.3,0,PC4
1.0,0.0,0.0,0.0,0.0,0.0,0.0,0.0,0,PC4
2.0,9.0,0.1,0.0,9.0,0.04,30.0,68.37,0,PC4
12.0,46.0,0.03,5.0,24.0,0.28,158.0,1506.55,0,PC4
1.0,5.0,0.33,0.0,6.0,0.01,11.0,6.09,0,PC4
1.0,4.0,0.29,0.0,7.0,0.01,11.0,7.4,0,PC4
1.0,5.0,0.21,0.0,7.0,0.03,21.0,20.15,0,PC4
1.0,3.0,0.14,0.0,10.0,0.02,19.0,28.87,0,PC4
1.0,4.0,0.25,0.0,8.0,0.02,14.0,11.15,0,PC4
1.0,4.0,0.67,0.0,3.0,0.0,5.0,0.97,0,PC4
4.0,13.0,0.03,0.0,21.0,0.13,79.0,649.36,0,PC4
3.0,0.0,0.0,0.0,0.0,0.0,0.0,0.0,0,PC4
2.0,0.0,0.0,0.0,0.0,0.0,0.0,0.0,0,PC4
5.0,0.0,0.0,0.0,0.0,0.0,0.0,0.0,0,PC4
47.0,63.0,0.02,1.0,24.0,0.89,450.0,7925.08,0,PC4
2.0,0.0,0.0,0.0,0.0,0.0,0.0,0.0,0,PC4
5.0,0.0,0.0,0.0,0.0,0.0,0.0,0.0,0,PC4
1.0,0.0,0.0,0.0,0.0,0.0,0.0,0.0,0,PC4
13.0,30.0,0.04,0.0,10.0,0.31,189.0,1288.06,0,PC4
2.0,15.0,0.09,0.0,13.0,0.08,49.0,138.22,0,PC4
14.0,34.0,0.03,0.0,17.0,0.41,230.0,2366.09,0,PC4
2.0,7.0,0.16,0.0,11.0,0.03,24.0,34.95,0,PC4
9.0,18.0,0.03,0.0,21.0,0.19,111.0,1013.58,0,PC4
56.0,135.0,0.01,6.0,31.0,1.85,842.0,26101.66,0,PC4
3.0,7.0,0.11,0.0,12.0,0.04,26.0,57.85,0,PC4
1.0,9.0,0.1,0.0,10.0,0.05,34.0,77.21,0,PC4
4.0,8.0,0.1,0.0,11.0,0.07,49.0,115.95,0,PC4
4.0,8.0,0.1,0.0,11.0,0.07,49.0,115.95,0,PC4
5.0,10.0,0.05,0.0,11.0,0.05,35.0,146.24,0,PC4
16.0,60.0,0.02,3.0,27.0,0.51,277.0,5260.97,0,PC4
5.0,22.0,0.03,0.0,20.0,0.2,116.0,1075.28,0,PC4
2.0,4.0,0.12,0.0,14.0,0.04,28.0,60.2,0,PC4
5.0,27.0,0.03,3.0,21.0,0.3,168.0,1635.67,0,PC4
2.0,12.0,0.07,0.0,13.0,0.09,60.0,214.13,0,PC4
3.0,19.0,0.05,0.0,15.0,0.19,119.0,602.19,0,PC4
1.0,0.0,0.0,0.0,2.0,0.0,2.0,0.0,0,PC4
2.0,7.0,0.15,0.0,10.0,0.03,22.0,32.59,0,PC4
1.0,4.0,0.21,0.0,7.0,0.01,12.0,10.33,0,PC4
4.0,9.0,0.08,0.0,12.0,0.04,32.0,96.37,0,PC4
7.0,30.0,0.07,3.0,15.0,0.16,96.0,407.0,0,PC4
19.0,80.0,0.02,1.0,31.0,0.52,267.0,4593.11,0,PC4
2.0,11.0,0.14,0.0,9.0,0.04,29.0,45.57,0,PC4
1.0,4.0,0.5,0.0,4.0,0.01,7.0,1.81,0,PC4
3.0,14.0,0.09,1.0,10.0,0.05,40.0,103.81,0,PC4
1.0,7.0,0.16,0.0,8.0,0.03,23.0,30.26,0,PC4
3.0,22.0,0.06,0.0,8.0,0.15,108.0,450.35,0,PC4
15.0,90.0,0.02,1.0,23.0,0.66,336.0,4525.06,0,PC4
6.0,32.0,0.07,0.0,14.0,0.17,102.0,431.78,0,PC4
7.0,27.0,0.02,2.0,20.0,0.27,159.0,1885.18,0,PC4
4.0,7.0,0.07,0.0,12.0,0.04,29.0,96.67,0,PC4
7.0,34.0,0.03,2.0,22.0,0.27,149.0,1399.35,0,PC4
3.0,12.0,0.05,0.0,14.0,0.11,74.0,376.07,0,PC4
7.0,15.0,0.05,2.0,17.0,0.2,117.0,644.58,0,PC4
2.0,13.0,0.1,0.0,10.0,0.07,48.0,111.8,0,PC4
1.0,31.0,0.04,3.0,18.0,0.25,142.0,1031.75,0,PC4
1.0,2.0,0.67,0.0,3.0,0.0,4.0,0.67,0,PC4
1.0,3.0,0.29,0.0,7.0,0.02,14.0,9.76,0,PC4
6.0,28.0,0.05,3.0,15.0,0.21,121.0,715.48,0,PC4
3.0,18.0,0.05,0.0,13.0,0.19,120.0,647.57,0,PC4
1.0,2.0,0.33,0.0,6.0,0.01,10.0,5.28,0,PC4
2.0,0.0,0.0,0.0,0.0,0.0,0.0,0.0,0,PC4
2.0,0.0,0.0,0.0,0.0,0.0,0.0,0.0,0,PC4
2.0,11.0,0.05,1.0,8.0,0.05,45.0,161.44,0,PC4
1.0,2.0,0.29,0.0,7.0,0.01,9.0,5.55,0,PC4
1.0,11.0,0.13,0.0,10.0,0.06,43.0,81.08,0,PC4
1.0,10.0,0.2,0.0,8.0,0.05,37.0,44.42,0,PC4
13.0,79.0,0.03,3.0,19.0,0.75,391.0,4904.75,0,PC4
5.0,18.0,0.04,2.0,15.0,0.13,88.0,579.06,0,PC4
1.0,9.0,0.08,0.0,13.0,0.09,62.0,186.64,0,PC4
1.0,0.0,0.0,0.0,2.0,0.0,2.0,0.0,0,PC4
4.0,10.0,0.06,0.0,17.0,0.11,68.0,298.99,0,PC4
1.0,2.0,0.13,0.0,10.0,0.03,26.0,41.25,0,PC4
1.0,2.0,0.14,0.0,10.0,0.04,30.0,45.58,0,PC4
1.0,4.0,0.14,0.0,11.0,0.04,31.0,51.62,0,PC4
1.0,4.0,0.12,0.0,9.0,0.03,23.0,39.41,0,PC4
9.0,53.0,0.04,1.0,26.0,0.35,175.0,1296.05,0,PC4
1.0,2.0,0.67,0.0,3.0,0.0,4.0,0.67,0,PC4
1.0,2.0,0.67,0.0,3.0,0.0,4.0,0.67,0,PC4
1.0,3.0,0.29,0.0,7.0,0.01,9.0,5.55,0,PC4
3.0,13.0,0.1,1.0,13.0,0.07,42.0,111.52,0,PC4
1.0,10.0,0.16,0.0,10.0,0.03,25.0,36.5,0,PC4
1.0,10.0,0.19,0.0,8.0,0.03,21.0,23.69,0,PC4
54.0,75.0,0.01,0.0,31.0,1.35,656.0,19897.11,0,PC4
37.0,67.0,0.01,0.0,30.0,0.95,466.0,10770.43,0,PC4
4.0,29.0,0.05,8.0,18.0,0.21,120.0,754.75,0,PC4
3.0,22.0,0.08,5.0,12.0,0.11,69.0,228.48,0,PC4
5.0,29.0,0.06,7.0,14.0,0.16,99.0,448.79,0,PC4
6.0,35.0,0.04,9.0,19.0,0.25,141.0,1011.92,0,PC4
2.0,5.0,0.16,0.0,9.0,0.03,26.0,37.14,0,PC4
7.0,26.0,0.07,8.0,14.0,0.16,93.0,374.48,0,PC4
6.0,32.0,0.06,9.0,16.0,0.16,94.0,413.28,0,PC4
3.0,11.0,0.15,0.0,10.0,0.06,40.0,65.73,0,PC4
11.0,67.0,0.03,15.0,21.0,0.58,296.0,3105.37,0,PC4
8.0,41.0,0.04,9.0,20.0,0.34,184.0,1430.02,0,PC4
1.0,0.0,0.0,0.0,2.0,0.0,2.0,0.0,0,PC4
5.0,23.0,0.03,5.0,20.0,0.17,101.0,914.46,0,PC4
2.0,10.0,0.06,2.0,13.0,0.09,61.0,257.07,0,PC4
3.0,14.0,0.04,2.0,15.0,0.13,83.0,517.23,0,PC4
17.0,81.0,0.02,23.0,24.0,0.62,320.0,4939.69,0,PC4
5.0,36.0,0.04,6.0,14.0,0.28,169.0,1314.44,0,PC4
15.0,50.0,0.01,11.0,25.0,0.33,189.0,3708.87,0,PC4
18.0,104.0,0.02,25.0,25.0,0.79,399.0,7713.97,0,PC4
5.0,21.0,0.05,5.0,15.0,0.13,83.0,479.62,0,PC4
1.0,11.0,0.11,1.0,11.0,0.09,61.0,144.62,0,PC4
18.0,89.0,0.02,24.0,24.0,0.63,326.0,4917.07,0,PC4
19.0,112.0,0.02,26.0,25.0,0.81,407.0,7868.64,0,PC4
5.0,21.0,0.06,5.0,14.0,0.11,73.0,323.59,0,PC4
8.0,25.0,0.04,5.0,18.0,0.19,115.0,893.46,0,PC4
4.0,18.0,0.08,2.0,17.0,0.1,62.0,217.57,0,PC4
13.0,44.0,0.06,1.0,25.0,0.24,128.0,709.17,0,PC4
94.0,11.0,0.08,1.0,13.0,1.66,1085.0,3592.83,0,PC4
3.0,10.0,0.1,2.0,14.0,0.06,37.0,94.02,0,PC4
3.0,10.0,0.1,2.0,14.0,0.06,37.0,94.02,0,PC4
2.0,5.0,0.17,0.0,8.0,0.03,24.0,30.46,0,PC4
6.0,52.0,0.03,10.0,18.0,0.34,194.0,1759.86,0,PC4
2.0,13.0,0.1,3.0,12.0,0.06,42.0,106.13,0,PC4
1.0,0.0,0.0,0.0,2.0,0.0,2.0,0.0,0,PC4
4.0,18.0,0.07,4.0,12.0,0.09,62.0,237.97,0,PC4
5.0,23.0,0.06,5.0,17.0,0.15,90.0,435.99,0,PC4
8.0,55.0,0.02,9.0,22.0,0.4,220.0,2792.89,0,PC4
5.0,22.0,0.05,7.0,13.0,0.12,77.0,365.85,0,PC4
5.0,11.0,0.1,1.0,12.0,0.06,43.0,106.1,0,PC4
1.0,15.0,0.04,0.0,4.0,0.06,71.0,285.49,0,PC4
7.0,36.0,0.02,4.0,23.0,0.44,240.0,3598.0,0,PC4
11.0,41.0,0.04,7.0,16.0,0.37,203.0,1544.88,0,PC4
7.0,30.0,0.07,6.0,24.0,2.08,1107.0,4966.16,0,PC4
2.0,5.0,0.17,0.0,6.0,0.02,16.0,17.72,0,PC4
2.0,5.0,0.33,0.0,6.0,0.01,13.0,7.2,0,PC4
1.0,5.0,0.24,1.0,5.0,0.01,12.0,8.33,0,PC4
1.0,4.0,0.25,0.0,6.0,0.01,11.0,7.75,0,PC4
1.0,12.0,0.11,0.0,8.0,0.05,38.0,75.02,0,PC4
9.0,21.0,0.04,3.0,16.0,0.14,88.0,555.39,0,PC4
4.0,0.0,0.0,0.0,0.0,0.0,0.0,0.0,0,PC4
7.0,17.0,0.05,0.0,15.0,0.17,101.0,547.28,0,PC4
4.0,11.0,0.08,0.0,9.0,0.11,74.0,232.6,0,PC4
5.0,11.0,0.06,0.0,14.0,0.11,69.0,317.19,0,PC4
6.0,24.0,0.07,1.0,14.0,0.14,84.0,338.55,0,PC4
1.0,15.0,0.11,0.0,8.0,0.1,68.0,140.05,0,PC4
1.0,15.0,0.1,0.0,8.0,0.09,68.0,151.23,0,PC4
1.0,10.0,0.12,0.0,9.0,0.06,42.0,80.47,0,PC4
2.0,16.0,0.09,0.0,11.0,0.1,69.0,198.69,0,PC4
1.0,15.0,0.11,0.0,9.0,0.1,70.0,160.14,0,PC4
2.0,18.0,0.08,0.0,11.0,0.13,83.0,252.37,0,PC4
3.0,12.0,0.12,0.0,10.0,0.05,36.0,70.8,0,PC4
3.0,11.0,0.12,0.0,10.0,0.05,36.0,70.8,0,PC4
4.0,14.0,0.06,0.0,14.0,0.19,112.0,500.01,0,PC4
6.0,23.0,0.04,0.0,17.0,0.19,115.0,826.34,0,PC4
6.0,36.0,0.05,0.0,19.0,0.16,92.0,513.67,0,PC4
5.0,34.0,0.06,0.0,16.0,0.16,95.0,463.56,0,PC4
5.0,36.0,0.06,0.0,16.0,0.18,106.0,532.61,0,PC4
1.0,5.0,0.29,1.0,7.0,0.02,15.0,10.79,0,PC4
1.0,5.0,0.13,0.0,4.0,0.02,21.0,24.13,0,PC4
1.0,14.0,0.07,0.0,8.0,0.1,78.0,234.0,0,PC4
25.0,117.0,0.02,1.0,35.0,0.76,354.0,5334.11,0,PC4
6.0,45.0,0.06,2.0,15.0,0.22,129.0,598.2,0,PC4
3.0,38.0,0.07,4.0,13.0,0.35,193.0,810.08,0,PC4
11.0,48.0,0.06,10.0,22.0,0.24,127.0,634.13,0,PC4
2.0,21.0,0.06,0.0,15.0,0.16,97.0,449.53,0,PC4
6.0,50.0,0.03,2.0,20.0,0.37,202.0,1914.59,0,PC4
8.0,65.0,0.02,2.0,23.0,0.42,230.0,3348.91,0,PC4
7.0,54.0,0.04,2.0,20.0,0.24,140.0,1065.78,0,PC4
4.0,32.0,0.07,1.0,15.0,0.15,93.0,383.95,0,PC4
2.0,11.0,0.16,0.0,9.0,0.04,27.0,38.57,0,PC4
1.0,6.0,0.29,0.0,7.0,0.02,15.0,10.79,0,PC4
1.0,6.0,0.29,0.0,7.0,0.02,15.0,10.79,0,PC4
1.0,6.0,0.29,0.0,7.0,0.02,15.0,10.79,0,PC4
1.0,5.0,0.29,0.0,7.0,0.02,13.0,9.06,0,PC4
1.0,6.0,0.29,0.0,7.0,0.02,15.0,10.79,0,PC4
1.0,5.0,0.29,0.0,7.0,0.02,13.0,9.06,0,PC4
1.0,6.0,0.29,0.0,7.0,0.02,17.0,12.59,0,PC4
1.0,5.0,0.29,0.0,7.0,0.02,15.0,10.79,0,PC4
16.0,100.0,0.03,5.0,21.0,0.64,334.0,4010.59,0,PC4
4.0,26.0,0.07,0.0,12.0,0.12,80.0,296.09,0,PC4
11.0,73.0,0.02,5.0,24.0,0.54,285.0,3827.83,0,PC4
8.0,65.0,0.02,2.0,23.0,0.43,241.0,3714.35,0,PC4
5.0,42.0,0.05,5.0,18.0,0.23,133.0,803.38,0,PC4
1.0,5.0,0.29,0.0,7.0,0.02,13.0,9.06,0,PC4
1.0,10.0,0.14,0.0,4.0,0.05,46.0,58.33,0,PC4
38.0,146.0,0.02,3.0,27.0,1.11,542.0,10756.85,0,PC4
31.0,131.0,0.02,4.0,26.0,0.96,481.0,9379.5,0,PC4
2.0,8.0,0.1,0.0,8.0,0.03,25.0,49.34,0,PC4
20.0,142.0,0.02,2.0,22.0,0.88,432.0,6587.85,0,PC4
2.0,16.0,0.11,1.0,12.0,0.09,58.0,134.83,0,PC4
1.0,8.0,0.25,1.0,7.0,0.03,22.0,18.61,0,PC4
1.0,4.0,0.33,0.0,6.0,0.01,10.0,5.28,0,PC4
1.0,12.0,0.04,0.0,5.0,0.05,58.0,248.76,0,PC4
1.0,0.0,0.0,0.0,2.0,0.0,2.0,0.0,0,PC4
1.0,0.0,0.0,0.0,2.0,0.0,2.0,0.0,0,PC4
1.0,0.0,0.0,0.0,0.0,0.0,0.0,0.0,0,PC4
8.0,17.0,0.03,0.0,18.0,0.21,123.0,1055.97,0,PC4
10.0,23.0,0.03,0.0,17.0,0.19,114.0,933.48,0,PC4
8.0,11.0,0.05,0.0,15.0,0.11,70.0,379.25,0,PC4
8.0,0.0,0.0,0.0,0.0,0.0,0.0,0.0,0,PC4
7.0,0.0,0.0,0.0,0.0,0.0,0.0,0.0,0,PC4
5.0,9.0,0.06,0.0,9.0,0.05,38.0,123.04,0,PC4
2.0,0.0,0.0,0.0,0.0,0.0,0.0,0.0,0,PC4
4.0,5.0,0.08,0.0,9.0,0.03,24.0,57.36,0,PC4
5.0,11.0,0.07,0.0,9.0,0.05,38.0,122.98,0,PC4
3.0,0.0,0.0,0.0,0.0,0.0,0.0,0.0,0,PC4
1.0,0.0,0.0,0.0,0.0,0.0,0.0,0.0,0,PC4
4.0,6.0,0.11,0.0,9.0,0.03,26.0,48.11,0,PC4
6.0,0.0,0.0,0.0,0.0,0.0,0.0,0.0,0,PC4
4.0,0.0,0.0,0.0,0.0,0.0,0.0,0.0,0,PC4
6.0,0.0,0.0,0.0,0.0,0.0,0.0,0.0,0,PC4
2.0,5.0,0.15,0.0,9.0,0.03,20.0,29.3,0,PC4
3.0,6.0,0.08,0.0,9.0,0.03,21.0,50.19,0,PC4
6.0,9.0,0.04,0.0,12.0,0.08,55.0,318.54,0,PC4
6.0,10.0,0.05,0.0,12.0,0.06,43.0,187.48,0,PC4
8.0,10.0,0.04,0.0,15.0,0.08,59.0,382.49,0,PC4
5.0,9.0,0.06,0.0,12.0,0.05,40.0,163.5,0,PC4
7.0,11.0,0.04,0.0,13.0,0.07,48.0,301.11,0,PC4
19.0,26.0,0.02,0.0,21.0,0.42,235.0,3378.96,0,PC4
3.0,6.0,0.1,0.0,10.0,0.03,22.0,46.53,0,PC4
9.0,0.0,0.0,0.0,0.0,0.0,0.0,0.0,0,PC4
4.0,6.0,0.05,0.0,13.0,0.05,35.0,147.57,0,PC4
6.0,0.0,0.0,0.0,0.0,0.0,0.0,0.0,0,PC4
6.0,0.0,0.0,0.0,0.0,0.0,0.0,0.0,0,PC4
3.0,0.0,0.0,0.0,0.0,0.0,0.0,0.0,0,PC4
3.0,0.0,0.0,0.0,0.0,0.0,0.0,0.0,0,PC4
3.0,0.0,0.0,0.0,0.0,0.0,0.0,0.0,0,PC4
5.0,18.0,0.04,0.0,13.0,0.1,70.0,444.11,0,PC4
5.0,11.0,0.06,0.0,10.0,0.05,39.0,143.9,0,PC4
9.0,0.0,0.0,0.0,0.0,0.0,0.0,0.0,0,PC4
4.0,11.0,0.07,0.0,12.0,0.07,49.0,176.48,0,PC4
3.0,5.0,0.07,0.0,9.0,0.02,18.0,46.7,0,PC4
3.0,5.0,0.07,0.0,9.0,0.02,18.0,46.7,0,PC4
3.0,8.0,0.06,0.0,12.0,0.04,33.0,116.9,0,PC4
7.0,20.0,0.05,0.0,17.0,0.21,120.0,708.05,0,PC4
43.0,140.0,0.02,4.0,26.0,2.0,881.0,19552.82,0,PC4
3.0,11.0,0.09,0.0,10.0,0.07,47.0,129.4,0,PC4
7.0,0.0,0.0,0.0,0.0,0.0,0.0,0.0,0,PC4
1.0,3.0,0.25,0.0,6.0,0.01,11.0,7.75,0,PC4
1.0,3.0,0.25,0.0,6.0,0.01,11.0,7.75,0,PC4
1.0,3.0,0.25,0.0,6.0,0.01,11.0,7.75,0,PC4
1.0,3.0,0.25,0.0,6.0,0.01,11.0,7.75,0,PC4
1.0,3.0,0.25,0.0,6.0,0.01,11.0,7.75,0,PC4
1.0,14.0,0.16,0.0,7.0,0.09,62.0,93.89,0,PC4
1.0,14.0,0.16,0.0,7.0,0.09,62.0,93.89,0,PC4
1.0,14.0,0.16,0.0,7.0,0.09,62.0,93.89,0,PC4
1.0,14.0,0.16,0.0,7.0,0.09,62.0,93.89,0,PC4
1.0,14.0,0.16,0.0,7.0,0.09,62.0,93.89,0,PC4
10.0,72.0,0.03,9.0,15.0,0.3,181.0,1681.33,0,PC4
5.0,24.0,0.03,1.0,14.0,0.15,103.0,759.16,0,PC4
1.0,7.0,0.2,0.0,7.0,0.03,24.0,25.38,0,PC4
1.0,5.0,0.29,0.0,7.0,0.02,15.0,10.79,0,PC4
6.0,28.0,0.04,3.0,18.0,0.2,120.0,807.1,0,PC4
5.0,32.0,0.07,1.0,14.0,0.17,103.0,397.37,0,PC4
2.0,22.0,0.08,6.0,12.0,0.16,95.0,322.02,0,PC4
19.0,125.0,0.03,15.0,30.0,0.91,421.0,5726.59,0,PC4
5.0,30.0,0.09,1.0,15.0,0.16,92.0,292.26,0,PC4
2.0,14.0,0.11,0.0,13.0,0.09,57.0,138.53,0,PC4
1.0,0.0,0.0,0.0,2.0,0.0,2.0,0.0,0,PC4
1.0,0.0,0.0,0.0,2.0,0.0,2.0,0.0,0,PC4
1.0,9.0,0.31,3.0,5.0,0.03,23.0,14.72,0,PC4
3.0,31.0,0.05,6.0,16.0,0.21,121.0,679.7,0,PC4
2.0,14.0,0.08,0.0,10.0,0.07,48.0,132.36,0,PC4
1.0,8.0,0.23,2.0,6.0,0.03,28.0,24.67,0,PC4
3.0,31.0,0.06,6.0,13.0,0.17,102.0,499.69,0,PC4
3.0,28.0,0.05,4.0,13.0,0.15,93.0,490.46,0,PC4
2.0,11.0,0.08,0.0,12.0,0.08,57.0,185.45,0,PC4
8.0,17.0,0.05,0.0,18.0,0.16,95.0,533.97,0,PC4
7.0,15.0,0.05,0.0,20.0,0.16,92.0,597.16,0,PC4
7.0,20.0,0.05,0.0,18.0,0.17,97.0,599.98,0,PC4
4.0,17.0,0.08,0.0,13.0,0.07,46.0,138.48,0,PC4
5.0,19.0,0.11,0.0,15.0,0.09,54.0,139.85,0,PC4
5.0,19.0,0.1,0.0,15.0,0.09,54.0,148.34,0,PC4
4.0,8.0,0.09,0.0,10.0,0.06,48.0,115.56,0,PC4
16.0,33.0,0.03,0.0,12.0,0.36,230.0,1780.14,0,PC4
3.0,6.0,0.13,0.0,10.0,0.05,34.0,56.67,0,PC4
3.0,3.0,0.15,0.0,9.0,0.03,23.0,31.92,0,PC4
3.0,0.0,0.0,0.0,0.0,0.0,0.0,0.0,0,PC4
4.0,0.0,0.0,0.0,0.0,0.0,0.0,0.0,0,PC4
3.0,10.0,0.13,0.0,8.0,0.05,34.0,56.67,0,PC4
1.0,6.0,0.24,0.0,7.0,0.02,18.0,15.06,0,PC4
1.0,2.0,0.5,0.0,4.0,0.01,7.0,2.18,0,PC4
1.0,4.0,0.4,0.0,5.0,0.02,14.0,6.46,0,PC4
1.0,2.0,0.67,0.0,3.0,0.0,5.0,0.97,0,PC4
3.0,13.0,0.1,0.0,14.0,0.07,45.0,123.39,0,PC4
3.0,10.0,0.09,0.0,13.0,0.05,32.0,82.48,0,PC4
3.0,10.0,0.09,0.0,14.0,0.05,33.0,93.0,0,PC4
5.0,27.0,0.05,4.0,18.0,0.15,90.0,475.21,0,PC4
6.0,21.0,0.05,0.0,21.0,0.13,74.0,431.46,0,PC4
1.0,0.0,0.0,0.0,2.0,0.0,2.0,0.0,0,PC4
1.0,5.0,0.33,0.0,6.0,0.03,25.0,17.03,0,PC4
2.0,2.0,0.29,0.0,7.0,0.01,10.0,6.46,0,PC4
1.0,3.0,0.38,0.0,4.0,0.01,11.0,4.57,0,PC4
6.0,10.0,0.07,1.0,13.0,0.06,40.0,132.94,0,PC4
1.0,5.0,0.2,0.0,7.0,0.03,24.0,25.38,0,PC4
1.0,4.0,0.4,0.0,5.0,0.01,11.0,4.84,0,PC4
2.0,5.0,0.17,0.0,6.0,0.01,12.0,12.0,0,PC4
1.0,2.0,0.25,0.0,8.0,0.01,12.0,9.56,0,PC4
1.0,4.0,0.18,0.0,10.0,0.03,23.0,29.84,0,PC4
2.0,4.0,0.33,0.0,6.0,0.01,11.0,6.09,0,PC4
8.0,20.0,0.04,2.0,20.0,0.16,95.0,703.85,0,PC4
2.0,17.0,0.09,0.0,10.0,0.08,56.0,146.84,0,PC4
3.0,18.0,0.08,1.0,14.0,0.07,44.0,137.61,0,PC4
4.0,20.0,0.05,0.0,15.0,0.12,77.0,387.38,0,PC4
1.0,2.0,0.5,0.0,4.0,0.01,6.0,1.72,0,PC4
2.0,0.0,0.0,0.0,0.0,0.0,0.0,0.0,0,PC4
2.0,8.0,0.11,1.0,7.0,0.03,29.0,48.77,0,PC4
12.0,39.0,0.02,5.0,28.0,0.4,210.0,2956.37,0,PC4
1.0,1.0,0.0,0.0,1.0,0.0,1.0,0.0,0,PC4
3.0,16.0,0.09,0.0,13.0,0.07,44.0,118.09,0,PC4
1.0,4.0,0.27,0.0,5.0,0.01,11.0,6.43,0,PC4
1.0,7.0,0.09,1.0,13.0,0.05,37.0,95.37,0,PC4
3.0,14.0,0.09,0.0,11.0,0.1,67.0,180.51,0,PC4
5.0,12.0,0.09,0.0,14.0,0.13,79.0,256.01,0,PC4
1.0,10.0,0.11,0.0,11.0,0.09,58.0,131.26,0,PC4
4.0,22.0,0.09,3.0,15.0,0.12,72.0,238.51,0,PC4
2.0,9.0,0.33,0.0,6.0,0.03,23.0,14.98,0,PC4
1.0,4.0,0.18,0.0,10.0,0.03,22.0,28.55,0,PC4
2.0,4.0,0.19,0.0,9.0,0.02,15.0,17.13,0,PC4
3.0,13.0,0.07,0.0,15.0,0.16,93.0,352.78,0,PC4
3.0,15.0,0.12,0.0,11.0,0.05,37.0,76.01,0,PC4
5.0,11.0,0.08,0.0,14.0,0.07,45.0,136.4,0,PC4
5.0,9.0,0.08,0.0,14.0,0.05,37.0,117.37,0,PC4
4.0,12.0,0.04,0.0,20.0,0.14,83.0,520.4,0,PC4
4.0,9.0,0.21,2.0,8.0,0.04,31.0,34.47,0,PC4
3.0,13.0,0.11,0.0,14.0,0.05,34.0,78.15,0,PC4
6.0,22.0,0.05,2.0,25.0,0.14,79.0,476.37,0,PC4
3.0,8.0,0.05,0.0,18.0,0.09,55.0,273.66,0,PC4
1.0,11.0,0.1,0.0,11.0,0.11,73.0,184.97,0,PC4
3.0,9.0,0.04,0.0,18.0,0.09,62.0,426.4,0,PC4
2.0,6.0,0.07,0.0,11.0,0.05,35.0,111.22,0,PC4
7.0,14.0,0.06,0.0,14.0,0.1,64.0,262.46,0,PC4
1.0,0.0,0.0,0.0,2.0,0.0,2.0,0.0,0,PC4
2.0,0.0,0.0,0.0,0.0,0.0,0.0,0.0,0,PC4
2.0,6.0,0.13,0.0,8.0,0.02,20.0,32.89,0,PC4
2.0,5.0,0.18,0.0,9.0,0.02,15.0,17.35,0,PC4
1.0,4.0,0.25,0.0,4.0,0.02,22.0,14.67,0,PC4
2.0,10.0,0.08,0.0,10.0,0.04,33.0,87.25,0,PC4
2.0,11.0,0.05,0.0,12.0,0.04,33.0,143.25,0,PC4
2.0,3.0,0.29,0.0,7.0,0.01,12.0,7.75,0,PC4
2.0,13.0,0.07,0.0,13.0,0.07,48.0,161.78,0,PC4
2.0,0.0,0.33,0.0,6.0,0.01,12.0,6.64,0,PC4
2.0,0.0,0.25,0.0,6.0,0.01,12.0,8.45,0,PC4
2.0,0.0,0.25,0.0,6.0,0.01,12.0,8.45,0,PC4
2.0,0.0,0.25,0.0,6.0,0.01,12.0,8.45,0,PC4
2.0,0.0,0.25,0.0,6.0,0.01,12.0,8.45,0,PC4
2.0,0.0,0.33,0.0,6.0,0.01,12.0,6.64,0,PC4
1.0,8.0,0.06,0.0,13.0,0.07,47.0,188.62,0,PC4
3.0,15.0,0.04,0.0,17.0,0.25,146.0,1065.09,0,PC4
4.0,9.0,0.08,0.0,13.0,0.07,48.0,146.01,0,PC4
2.0,5.0,0.24,0.0,7.0,0.02,19.0,15.89,0,PC4
3.0,12.0,0.12,0.0,7.0,0.04,34.0,57.08,0,PC4
4.0,25.0,0.04,0.0,18.0,0.31,177.0,1423.45,0,PC4
5.0,18.0,0.05,0.0,13.0,0.12,76.0,388.93,0,PC4
6.0,23.0,0.05,0.0,13.0,0.15,95.0,545.77,0,PC4
16.0,73.0,0.01,10.0,33.0,0.93,454.0,10995.1,0,PC4
1.0,8.0,0.1,0.0,9.0,0.03,24.0,49.96,0,PC4
1.0,7.0,0.16,0.0,7.0,0.03,23.0,27.07,0,PC4
1.0,8.0,0.14,0.0,7.0,0.04,31.0,43.22,0,PC4
1.0,0.0,0.0,0.0,2.0,0.0,2.0,0.0,0,PC4
1.0,25.0,0.03,0.0,18.0,0.25,148.0,1347.86,0,PC4
3.0,12.0,0.03,1.0,18.0,0.12,75.0,574.55,0,PC4
1.0,7.0,0.08,0.0,8.0,0.04,33.0,78.87,0,PC4
13.0,40.0,0.02,0.0,21.0,0.33,188.0,2576.14,0,PC4
19.0,83.0,0.02,1.0,38.0,0.56,274.0,5195.98,0,PC4
1.0,0.0,0.0,0.0,2.0,0.0,2.0,0.0,0,PC4
1.0,0.0,0.0,0.0,0.0,0.0,0.0,0.0,0,PC4
5.0,12.0,0.04,3.0,19.0,0.14,85.0,592.67,0,PC4
5.0,12.0,0.05,0.0,20.0,0.09,58.0,347.86,0,PC4
1.0,2.0,0.33,0.0,6.0,0.01,8.0,4.0,0,PC4
2.0,5.0,0.07,0.0,14.0,0.07,46.0,168.37,0,PC4
3.0,10.0,0.04,0.0,19.0,0.14,86.0,580.9,0,PC4
1.0,2.0,0.67,0.0,3.0,0.0,4.0,0.67,0,PC4
1.0,0.0,0.0,0.0,2.0,0.0,2.0,0.0,0,PC4
3.0,8.0,0.12,0.0,11.0,0.04,28.0,52.46,0,PC4
1.0,2.0,0.33,0.0,6.0,0.01,8.0,4.0,0,PC4
5.0,52.0,0.05,6.0,24.0,0.32,160.0,986.1,0,PC4
1.0,10.0,0.22,0.0,5.0,0.07,49.0,52.39,0,PC4
7.0,17.0,0.03,7.0,19.0,0.12,77.0,627.64,0,PC4
7.0,17.0,0.03,7.0,19.0,0.12,77.0,627.64,0,PC4
7.0,17.0,0.03,7.0,19.0,0.12,77.0,627.64,0,PC4
17.0,100.0,0.01,14.0,26.0,0.76,404.0,10185.63,0,PC4
6.0,40.0,0.03,2.0,26.0,0.3,160.0,1619.94,0,PC4
11.0,45.0,0.02,6.0,36.0,0.37,191.0,3713.61,0,PC4
3.0,0.0,0.0,0.0,0.0,0.0,0.0,0.0,0,PC4
8.0,0.0,0.0,0.0,0.0,0.0,0.0,0.0,0,PC4
7.0,0.0,0.0,0.0,0.0,0.0,0.0,0.0,0,PC4
21.0,100.0,0.01,16.0,27.0,0.79,430.0,13677.0,0,PC4
2.0,9.0,0.07,0.0,13.0,0.08,51.0,191.61,0,PC4
2.0,9.0,0.06,0.0,12.0,0.04,30.0,104.18,0,PC4
1.0,3.0,0.5,1.0,4.0,0.01,7.0,2.0,0,PC4
1.0,10.0,0.36,6.0,5.0,0.03,24.0,14.1,0,PC4
1.0,10.0,0.36,6.0,5.0,0.03,24.0,14.1,0,PC4
1.0,7.0,0.5,4.0,4.0,0.02,18.0,7.4,0,PC4
1.0,7.0,0.5,4.0,4.0,0.02,18.0,7.4,0,PC4
3.0,0.0,0.0,0.0,0.0,0.0,0.0,0.0,0,PC4
3.0,8.0,0.15,0.0,7.0,0.04,33.0,48.48,0,PC4
10.0,13.0,0.05,0.0,14.0,0.13,85.0,459.44,0,PC4
35.0,0.0,0.0,0.0,0.0,0.0,0.0,0.0,0,PC4
4.0,27.0,0.05,2.0,11.0,0.14,96.0,475.67,0,PC4
12.0,44.0,0.04,2.0,25.0,0.45,219.0,2012.87,0,PC4
6.0,24.0,0.05,0.0,14.0,0.17,101.0,517.97,0,PC4
6.0,18.0,0.06,0.0,12.0,0.15,102.0,447.42,0,PC4
7.0,19.0,0.05,0.0,15.0,0.19,115.0,598.57,0,PC4
2.0,7.0,0.18,0.0,10.0,0.03,24.0,31.27,0,PC4
2.0,12.0,0.14,0.0,12.0,0.09,55.0,109.95,0,PC4
2.0,9.0,0.16,0.0,9.0,0.03,26.0,37.14,0,PC4
3.0,10.0,0.29,0.0,7.0,0.04,28.0,22.7,0,PC4
1.0,3.0,0.4,0.0,5.0,0.01,13.0,6.0,0,PC4
3.0,16.0,0.06,0.0,15.0,0.11,68.0,278.47,0,PC4
22.0,46.0,0.02,0.0,26.0,0.49,252.0,3365.04,0,PC4
11.0,59.0,0.05,7.0,17.0,0.38,209.0,1334.67,0,PC4
10.0,48.0,0.05,7.0,17.0,0.3,169.0,963.95,0,PC4
1.0,0.0,0.0,0.0,2.0,0.0,2.0,0.0,0,PC4
2.0,10.0,0.16,0.0,9.0,0.04,27.0,38.57,0,PC4
2.0,7.0,0.13,0.0,12.0,0.05,34.0,64.95,0,PC4
2.0,8.0,0.1,0.0,14.0,0.07,43.0,116.21,0,PC4
2.0,5.0,0.19,0.0,7.0,0.02,15.0,15.14,0,PC4
2.0,5.0,0.2,0.0,7.0,0.03,20.0,21.15,0,PC4
2.0,8.0,0.1,0.0,14.0,0.07,44.0,118.91,0,PC4
3.0,37.0,0.05,2.0,16.0,0.33,182.0,1024.16,0,PC4
3.0,12.0,0.09,0.0,9.0,0.03,27.0,61.68,0,PC4
1.0,7.0,0.1,0.0,9.0,0.05,35.0,74.07,0,PC4
27.0,148.0,0.02,3.0,37.0,1.3,565.0,10244.44,0,PC4
1.0,1.0,0.0,0.0,1.0,0.0,1.0,0.0,0,PC4
1.0,4.0,0.16,0.0,8.0,0.03,26.0,34.21,0,PC4
4.0,13.0,0.05,1.0,15.0,0.1,65.0,321.95,0,PC4
1.0,1.0,0.0,0.0,1.0,0.0,1.0,0.0,0,PC4
1.0,3.0,0.5,0.0,3.0,0.01,9.0,2.58,0,PC4
1.0,1.0,0.0,0.0,1.0,0.0,1.0,0.0,0,PC4
1.0,2.0,0.29,1.0,7.0,0.01,13.0,8.74,0,PC4
2.0,6.0,0.13,0.0,12.0,0.05,32.0,61.41,0,PC4
2.0,5.0,0.13,0.0,8.0,0.02,17.0,27.09,0,PC4
2.0,12.0,0.04,0.0,15.0,0.12,76.0,435.57,0,PC4
10.0,38.0,0.03,1.0,21.0,0.65,331.0,3287.96,0,PC4
2.0,4.0,0.25,0.0,8.0,0.01,12.0,9.56,0,PC4
2.0,7.0,0.09,0.0,11.0,0.04,27.0,66.0,0,PC4
1.0,2.0,0.5,0.0,4.0,0.01,6.0,1.72,0,PC4
1.0,4.0,0.25,0.0,6.0,0.01,13.0,9.16,0,PC4
4.0,19.0,0.05,0.0,15.0,0.08,53.0,248.15,0,PC4
7.0,16.0,0.08,3.0,16.0,0.09,55.0,176.27,0,PC4
1.0,3.0,0.25,0.0,6.0,0.01,12.0,8.45,0,PC4
1.0,5.0,0.16,0.0,9.0,0.03,24.0,31.98,0,PC4
2.0,5.0,0.21,0.0,7.0,0.02,15.0,12.92,0,PC4
14.0,41.0,0.02,4.0,22.0,0.39,217.0,2860.32,0,PC4
1.0,4.0,0.15,0.0,8.0,0.02,18.0,23.06,0,PC4
2.0,9.0,0.03,4.0,11.0,0.08,61.0,402.13,0,PC4
6.0,27.0,0.04,1.0,21.0,0.2,117.0,925.19,0,PC4
6.0,34.0,0.03,4.0,24.0,0.22,126.0,1194.25,0,PC4
2.0,12.0,0.07,5.0,13.0,0.06,44.0,156.96,0,PC4
4.0,11.0,0.06,0.0,11.0,0.06,43.0,154.0,0,PC4
2.0,4.0,0.13,0.0,8.0,0.02,20.0,30.75,0,PC4
4.0,11.0,0.07,1.0,12.0,0.1,67.0,248.98,0,PC4
16.0,85.0,0.02,4.0,36.0,0.74,355.0,6619.87,0,PC4
6.0,11.0,0.03,1.0,16.0,0.07,50.0,351.39,0,PC4
1.0,12.0,0.07,1.0,17.0,0.11,65.0,260.69,0,PC4
2.0,12.0,0.04,0.0,19.0,0.16,97.0,671.49,0,PC4
3.0,22.0,0.03,1.0,22.0,0.23,131.0,1152.95,0,PC4
2.0,22.0,0.04,1.0,18.0,0.23,139.0,937.83,0,PC4
2.0,13.0,0.04,0.0,18.0,0.13,81.0,492.13,0,PC4
4.0,9.0,0.07,2.0,17.0,0.05,35.0,124.72,0,PC4
3.0,22.0,0.06,1.0,14.0,0.21,128.0,608.4,0,PC4
1.0,3.0,0.5,1.0,4.0,0.01,7.0,2.0,0,PC4
1.0,2.0,0.14,0.0,7.0,0.01,13.0,16.03,0,PC4
3.0,64.0,0.03,2.0,23.0,0.93,451.0,5718.38,0,PC4
1.0,5.0,0.14,0.0,7.0,0.02,20.0,26.91,0,PC4
2.0,4.0,0.04,0.0,9.0,0.03,23.0,95.51,0,PC4
3.0,19.0,0.06,0.0,18.0,0.21,120.0,634.25,0,PC4
1.0,7.0,0.16,0.0,8.0,0.03,21.0,27.63,0,PC4
1.0,0.0,0.0,0.0,1.0,0.0,1.0,0.0,0,PC4
6.0,51.0,0.04,0.0,20.0,0.33,175.0,1264.29,0,PC4
6.0,26.0,0.04,0.0,20.0,0.27,146.0,1015.63,0,PC4
4.0,13.0,0.08,1.0,11.0,0.06,41.0,110.95,0,PC4
16.0,92.0,0.01,3.0,31.0,1.18,572.0,13300.92,0,PC4
4.0,17.0,0.05,0.0,11.0,0.11,77.0,374.79,0,PC4
6.0,24.0,0.03,1.0,20.0,0.14,86.0,696.76,0,PC4
3.0,9.0,0.09,0.0,13.0,0.1,61.0,183.19,0,PC4
1.0,16.0,0.04,0.0,11.0,0.13,97.0,512.02,0,PC4
7.0,10.0,0.06,1.0,6.0,0.08,64.0,216.69,0,PC4
10.0,51.0,0.04,3.0,19.0,0.35,190.0,1609.77,0,PC4
3.0,10.0,0.14,1.0,10.0,0.11,69.0,140.17,0,PC4
1.0,8.0,0.09,0.0,10.0,0.04,34.0,81.18,0,PC4
6.0,28.0,0.09,0.0,13.0,0.15,88.0,284.33,0,PC4
3.0,22.0,0.04,3.0,15.0,0.13,83.0,493.31,0,PC4
2.0,2.0,0.17,0.0,6.0,0.01,10.0,10.0,0,PC4
1.0,0.0,0.0,0.0,2.0,0.0,2.0,0.0,0,PC4
5.0,12.0,0.07,0.0,10.0,0.08,62.0,195.19,0,PC4
1.0,5.0,0.17,0.0,10.0,0.03,23.0,29.95,0,PC4
2.0,7.0,0.12,0.0,11.0,0.04,28.0,52.46,0,PC4
1.0,4.0,0.18,0.0,9.0,0.02,18.0,20.81,0,PC4
1.0,0.0,0.0,0.0,0.0,0.0,0.0,0.0,0,PC4
1.0,10.0,0.17,0.0,10.0,0.03,25.0,32.4,0,PC4
4.0,10.0,0.09,0.0,10.0,0.06,48.0,115.56,0,PC4
5.0,12.0,0.07,0.0,10.0,0.08,62.0,195.19,0,PC4
2.0,7.0,0.15,0.0,12.0,0.05,33.0,53.4,0,PC4
2.0,7.0,0.25,0.0,8.0,0.03,21.0,17.77,0,PC4
2.0,7.0,0.22,0.0,9.0,0.03,20.0,19.04,0,PC4
13.0,36.0,0.05,0.0,19.0,0.22,129.0,698.44,0,PC4
2.0,6.0,0.22,0.0,9.0,0.02,19.0,18.08,0,PC4
3.0,10.0,0.1,0.0,13.0,0.07,50.0,118.96,0,PC4
5.0,12.0,0.07,0.0,10.0,0.08,62.0,195.19,0,PC4
4.0,10.0,0.09,0.0,10.0,0.06,48.0,115.56,0,PC4
3.0,8.0,0.13,0.0,10.0,0.05,34.0,56.67,0,PC4
3.0,8.0,0.11,0.0,10.0,0.04,34.0,66.42,0,PC4
2.0,4.0,0.22,0.0,9.0,0.02,19.0,18.08,0,PC4
2.0,4.0,0.22,0.0,9.0,0.02,19.0,18.08,0,PC4
3.0,11.0,0.08,0.0,14.0,0.06,43.0,132.5,0,PC4
9.0,30.0,0.03,0.0,21.0,0.22,132.0,1359.46,0,PC4
4.0,12.0,0.06,0.0,15.0,0.07,46.0,184.24,0,PC4
4.0,8.0,0.07,0.0,11.0,0.07,51.0,162.07,0,PC4
10.0,27.0,0.04,4.0,17.0,0.21,128.0,821.34,0,PC4
6.0,12.0,0.04,0.0,11.0,0.11,81.0,415.8,0,PC4
2.0,4.0,0.25,0.0,8.0,0.02,18.0,14.8,0,PC4
1.0,15.0,0.06,4.0,15.0,0.09,60.0,254.72,0,PC4
5.0,10.0,0.09,0.0,11.0,0.09,64.0,176.52,0,PC4
4.0,11.0,0.08,0.0,11.0,0.07,53.0,143.42,0,PC4
6.0,12.0,0.06,0.0,10.0,0.1,76.0,295.56,0,PC4
3.0,6.0,0.12,0.0,11.0,0.05,35.0,65.57,0,PC4
2.0,4.0,0.22,0.0,9.0,0.02,19.0,18.08,0,PC4
4.0,8.0,0.07,0.0,11.0,0.07,51.0,162.07,0,PC4
3.0,6.0,0.12,0.0,11.0,0.05,35.0,65.57,0,PC4
3.0,7.0,0.12,0.0,11.0,0.06,42.0,84.09,0,PC4
4.0,8.0,0.11,0.0,10.0,0.07,48.0,101.21,0,PC4
4.0,8.0,0.08,0.0,11.0,0.07,50.0,135.3,0,PC4
10.0,31.0,0.03,3.0,18.0,0.23,138.0,1100.37,0,PC4
3.0,6.0,0.13,0.0,10.0,0.05,34.0,56.67,0,PC4
4.0,8.0,0.1,0.0,11.0,0.07,49.0,115.95,0,PC4
13.0,29.0,0.05,1.0,12.0,0.31,194.0,1106.94,0,PC4
5.0,10.0,0.08,0.0,10.0,0.08,62.0,170.96,0,PC4
3.0,6.0,0.13,0.0,10.0,0.05,34.0,56.67,0,PC4
3.0,6.0,0.13,0.0,10.0,0.05,34.0,56.67,0,PC4
3.0,6.0,0.13,0.0,10.0,0.05,34.0,56.67,0,PC4
4.0,9.0,0.1,0.0,12.0,0.09,62.0,156.67,0,PC4
3.0,6.0,0.13,0.0,10.0,0.05,34.0,56.67,0,PC4
4.0,8.0,0.1,0.0,11.0,0.07,49.0,115.95,0,PC4
8.0,18.0,0.06,0.0,13.0,0.19,123.0,546.03,0,PC4
4.0,8.0,0.1,0.0,11.0,0.07,49.0,115.95,0,PC4
9.0,20.0,0.05,2.0,13.0,0.17,110.0,557.03,0,PC4
12.0,24.0,0.02,0.0,11.0,0.23,170.0,1592.41,0,PC4
5.0,10.0,0.07,0.0,11.0,0.09,63.0,194.94,0,PC4
5.0,10.0,0.07,0.0,11.0,0.09,64.0,198.04,0,PC4
6.0,13.0,0.07,0.0,11.0,0.12,85.0,286.86,0,PC4
6.0,12.0,0.07,0.0,11.0,0.11,78.0,265.76,0,PC4
3.0,6.0,0.13,0.0,10.0,0.05,34.0,56.67,0,PC4
4.0,8.0,0.1,0.0,11.0,0.07,49.0,115.95,0,PC4
9.0,20.0,0.05,0.0,13.0,0.21,138.0,732.83,0,PC4
4.0,10.0,0.08,0.0,13.0,0.09,64.0,203.02,0,PC4
6.0,12.0,0.07,0.0,11.0,0.11,77.0,262.35,0,PC4
3.0,6.0,0.13,0.0,10.0,0.05,34.0,56.67,0,PC4
5.0,10.0,0.09,0.0,11.0,0.09,63.0,173.77,0,PC4
5.0,10.0,0.09,0.0,11.0,0.09,63.0,173.77,0,PC4
3.0,6.0,0.13,0.0,10.0,0.05,34.0,56.67,0,PC4
4.0,12.0,0.09,0.0,13.0,0.09,59.0,168.91,0,PC4
4.0,11.0,0.09,0.0,13.0,0.1,66.0,194.06,0,PC4
3.0,6.0,0.13,0.0,10.0,0.05,34.0,56.67,0,PC4
3.0,6.0,0.13,0.0,10.0,0.05,34.0,56.67,0,PC4
4.0,8.0,0.1,0.0,11.0,0.07,49.0,115.95,0,PC4
12.0,28.0,0.03,0.0,13.0,0.24,159.0,1194.88,0,PC4
5.0,10.0,0.07,0.0,11.0,0.09,65.0,201.13,0,PC4
3.0,6.0,0.13,0.0,10.0,0.05,34.0,56.67,0,PC4
3.0,6.0,0.13,0.0,10.0,0.05,34.0,56.67,0,PC4
2.0,4.0,0.2,0.0,10.0,0.03,20.0,21.7,0,PC4
10.0,21.0,0.04,0.0,12.0,0.2,137.0,773.86,0,PC4
3.0,6.0,0.12,0.0,11.0,0.05,35.0,65.57,0,PC4
3.0,6.0,0.12,0.0,11.0,0.05,35.0,65.57,0,PC4
9.0,23.0,0.05,7.0,15.0,0.2,122.0,695.53,0,PC4
5.0,10.0,0.06,0.0,11.0,0.09,65.0,230.01,0,PC4
3.0,7.0,0.12,0.0,12.0,0.06,40.0,79.24,0,PC4
5.0,10.0,0.07,0.0,10.0,0.08,62.0,195.19,0,PC4
16.0,48.0,0.03,0.0,12.0,0.37,246.0,2124.43,0,PC4
4.0,8.0,0.08,0.0,10.0,0.06,48.0,135.44,0,PC4
3.0,7.0,0.12,0.0,12.0,0.06,39.0,78.89,0,PC4
7.0,32.0,0.04,3.0,18.0,0.2,120.0,914.62,0,PC4
10.0,20.0,0.05,0.0,11.0,0.2,135.0,670.38,0,PC4
3.0,6.0,0.13,0.0,10.0,0.05,34.0,56.67,0,PC4
4.0,8.0,0.08,0.0,11.0,0.07,50.0,135.3,0,PC4
7.0,15.0,0.05,0.0,12.0,0.14,96.0,449.48,0,PC4
26.0,67.0,0.03,0.0,26.0,0.51,270.0,2920.16,0,PC4
10.0,21.0,0.04,0.0,12.0,0.21,145.0,919.95,0,PC4
5.0,10.0,0.07,0.0,10.0,0.08,62.0,195.19,0,PC4
5.0,10.0,0.06,0.0,10.0,0.08,62.0,228.77,0,PC4
3.0,7.0,0.11,0.0,11.0,0.06,42.0,91.74,0,PC4
1.0,0.0,0.0,0.0,1.0,0.0,1.0,0.0,0,PC4
1.0,107.0,0.1,0.0,9.0,3.57,1364.0,6185.9,0,PC4
1.0,7.0,0.06,0.0,8.0,0.05,47.0,156.57,0,PC4
2.0,19.0,0.02,0.0,7.0,0.22,186.0,1685.53,0,PC4
1.0,12.0,0.05,0.0,4.0,0.06,67.0,211.68,0,PC4
1.0,14.0,0.03,0.0,8.0,0.11,99.0,684.97,0,PC4
2.0,7.0,0.08,0.0,7.0,0.05,40.0,94.8,0,PC4
2.0,7.0,0.08,0.0,7.0,0.05,40.0,94.8,0,PC4
2.0,6.0,0.11,0.0,7.0,0.04,30.0,54.37,0,PC4
1.0,15.0,0.03,0.0,8.0,0.12,105.0,780.29,0,PC4
2.0,5.0,0.12,0.0,10.0,0.03,24.0,44.44,0,PC4
1.0,19.0,0.02,0.0,5.0,0.16,167.0,1172.07,0,PC4
